material,codigo_produto,descricao,descricao_sefaz,gtin,ncm,gpc,unidade,data_venda,valor_declarado,preco,cnpj,razao_social,estabelecimento,bairro,municipio
CIMENTO,014498,CIMENTO KG POTY,,0,25232910,83000000,UN,2026-09-16T14:17:02Z,1.5,1.5,35722180000108,G SILVA MATERIAL DE CONSTRUCOES LTDA,G SILVA MATERIAL DE CONSTRUÇÃO E FERRAGEM,JATIUCA,MACEIO
CIMENTO,0000000001151,CIMENTO 1KG,,0,25232910,83000000,KG,2026-09-16T14:52:57Z,1.5,1.5,00837552000159,JOSE CARLOS DOS SANTOS CONSTRUCAO LTDA,GG CASA & CONSTRUCAO,CLIMA BOM,MACEIO
CIMENTO,3446,CIMENTO KG,,0,38245000,83000000,SC,2026-09-16T14:11:02Z,1.5,1.5,49850828000128,CONSTRUCAR MATERIAL DE CONSTRUCAO LTDA,,Jacintinho,MACEIO
CIMENTO,010067,CIMENTO BRANCO RHOTA,,0,38245000,83000000,KG,2026-09-16T12:20:28Z,6.6,1.5,35722180000108,G SILVA MATERIAL DE CONSTRUCOES LTDA,G SILVA MATERIAL DE CONSTRUÇÃO E FERRAGEM,JATIUCA,MACEIO
CIMENTO,000862,CIMENTO ZUMBI 1 KG,,0,25221000,83000000,KG,2026-09-12T14:22:55Z,2.0,2.0,55206191000134,MIX MATERIAL DE CONSTRUCOES LTDA,,Cidade Universitária,MACEIO
CIMENTO,1235,CIMENTO 1KG USO GERAL CPII F-32 ZEBU,CIMENTO CP II-F-32 ZEBU USO GERAL SACO 50KG,7898235831307,25232910,83000000,UN,2026-09-15T12:33:06Z,2.0,2.0,07848663000100,PROKASA LTDA,PROKASA,CIDADE UNIVERSITARIA,MACEIO
CIMENTO,13450,CIMENTO 1KG,,0,25232910,83000000,KG,2026-09-10T16:26:05Z,2.0,2.0,34519968000140,GALPAO DA CONSTRUCAO LTDA,GALPAO DA CONSTRUCAO,CIDADE UNIVERSITARIA,MACEIO
CIMENTO,968484,CIMENTO KG,,0,25232910,83000000,Kg,2026-09-14T20:41:21Z,2.0,2.0,24163873000183,CAMILA S DA L NASCIMENTO,,FEITOSA,MACEIO
CIMENTO,1392,CIMENTO - SACO DE 1 KG,,0,25232910,83000000,UN,2026-09-15T17:08:48Z,2.0,2.0,27449717000171,F P B DOS SANTOS COMERCIO E SERVIÇOS LTDA,FP PECAS E SERVICOS,SERRARIA,MACEIO
CIMENTO,005026,CIMENTO CP II-Z-32 ZEBU USO GERAL KG,CIMENTO CP II-F-32 ZEBU USO GERAL SACO 50KG,7898235831307,25232910,83000000,KG,2026-09-11T18:27:38Z,2.6,2.34,70012570000187,CARMEM LUCIA LINS DE SOUZA - ME,COMERCIAL LINS,PONTA GROSSA,MACEIO
CIMENTO,7908086800343,CIMENTO MIX 1KG REJUNTAMIX                   De265 Por238,,0,38245000,83000000,UN,2026-09-16T20:00:02Z,2.65,2.38,01438784005590,LEROY MERLIN COMPANHIA BRASILEIRA DE BRICOLAGEM,,CRUZ DAS ALMAS,MACEIO
CIMENTO,371,cimento 1k,,618231245758,25232910,83000000,PC,2026-09-15T11:57:29Z,2.5,2.44,57417694000184,GUIGO CONSTRUÇÕES LTDA,GUIGO CONSTRUÇÕES,São Jorge,MACEIO
CIMENTO,0001,1KG CIMENTO,,0,25232910,83000000,KG,2026-09-09T18:52:25Z,2.5,2.5,45034506000150,ANA PAULA CAVALCANTE DA SILVA,MACEIO CONSTRUCOES,CENTRO,MACEIO
CIMENTO,3943X,CIMENTO 1KG,,0,25232910,83000000,UN,2026-09-11T12:01:13Z,2.5,2.5,08443921000130,LOJA BELO MONTE LTDA,BELO MONTE,PONTA DA TERRA,MACEIO
CIMENTO,4243,CIMENTOMIX 1Kg,CIMENTO SC1KG CIMENTOMIX REJUNATAMIX SC 1KG,7898225956416,38245000,83000000,UN,2026-09-16T13:21:38Z,2.5,2.5,54396504000100,MANGABEIRAS CONSTRUÇÃO LTDA,COMERCIAL MANGABEIRAS,Jatiúca,MACEIO
CIMENTO,138,CIMENTO 1KG FIXAPLUS,,618231245758,25232910,83000000,KG,2026-09-14T00:06:48Z,2.5,2.5,18355133000146,CASA DA CONSTRUÇÃO LTDA,CASA DA CONSTRUCAO,JACINTINHO,MACEIO
CIMENTO,89947375,CIMENTOMIX 1 KG,,7908086800343,38245000,83000000,UN,2026-09-12T20:58:29Z,2.65,2.65,01438784005590,LEROY MERLIN COMPANHIA BRASILEIRA DE BRICOLAGEM,,CRUZ DAS ALMAS,MACEIO
CIMENTO,2007,CIMENTO 1KG FIXAPLUS 1,,618231245758,25232910,83000000,KG,2026-09-11T13:51:54Z,2.82,2.82,01493748000136,CONSTRUÇÕES IPANEMA LTDA,CONSTRUÇÕES IPANEMA,POCO,MACEIO
CIMENTO,2007,CIMENTO 1KG FIXAPLUS 1,,618231245758,25232910,83000000,KG,2026-09-14T13:08:27Z,3.0,3.0,01493748000306,CONSTRUÇÕES IPANEMA LTDA,CONSTRUCOES IPANEMA,CENTRO,MACEIO
CIMENTO,2016,RHOTA CIMENTO BCO ESTRUT SC 01 KG,,0,38245000,83000000,KG,2026-09-10T20:42:14Z,3.0,3.0,01095586000188,MACRON MATERIAL DE CONSTRUCAO LTDA - ME,MACRON,POCO,MACEIO
CIMENTO,MLB4427381933,Cimento 2kg - Zumbi,,0,25232910,83000000,UN,2026-09-10T19:38:01Z,3.0,3.0,63160728000109,JOSE CARLOS CORDEIRO DA SILVA,J C CORDEIRO,Jacintinho,MACEIO
CIMENTO,2007,CIMENTO 1KG FIXAPLUS 1,,618231245758,25232910,83000000,KG,2026-09-12T13:44:59Z,3.0,3.0,11914541000141,NETTER CASA E CONSTRUÇÃO LTDA ME,CONSTRUCOES IPANEMA,JACINTINHO,MACEIO
CIMENTO,3270,1KG CIMENTO,,0,25232910,83000000,KG,2026-09-09T12:02:33Z,3.0,3.0,39611475000150,EVERALDO DA SILVA BUARQUE NETO LTDA,SS COMERCIAL,JACINTINHO,MACEIO
CIMENTO,0618231245758,CIMENTO 1KG FIXAPLUS FIXAPLUS,,618231245758,25232910,83000000,SC,2026-09-12T14:20:54Z,3.99,3.99,56182905000184,VIA COMERCIAL MATERIAIS DE CONSTRUÇÃO LTDA,VIA COMERCIAL,Barro Duro,MACEIO
CIMENTO,1381,CIMENTO  ZUMBI 2KG,,0,25232910,83000000,UN,2026-09-16T12:11:32Z,4.0,4.0,56888799000159,ARTEC REFRIGERACAO LTDA,ARTEC REFRIGERACAO,Santos Dumont,MACEIO
CIMENTO,2323,CIMENTO 2KG,,0,25232910,83000000,UN,2026-09-09T17:12:11Z,4.44,4.44,56020708000169,J&F VAREJO DE MATERIAL DE CONSTRUÇÃO LTDA,,Benedito Bentes,MACEIO
CIMENTO,7908086800305,CIMENTO ESPECIAL BCO 1KG REJUNTAMIX          De488 Por458,,0,38245000,83000000,UN,2026-09-16T15:08:10Z,4.88,4.58,01438784005590,LEROY MERLIN COMPANHIA BRASILEIRA DE BRICOLAGEM,,CRUZ DAS ALMAS,MACEIO
CIMENTO,89947361,CIMENTO BRANCO ESPECIAL1K,,2050005178172,38245000,83000000,UN,2026-09-16T16:39:30Z,4.88,4.88,01438784005590,LEROY MERLIN COMPANHIA BRASILEIRA DE BRICOLAGEM,,CRUZ DAS ALMAS,MACEIO
CIMENTO,453,CIMENTO BRANCO 1K,,0,25232100,83000000,UN,2026-09-11T11:27:40Z,4.89,4.89,09177795000263,LOJA DAS VARIEDADES COMERCIO DE FERRAMENTAS E FERRAGENS LTDA,LOJA DAS VARIEDADES,POCO,MACEIO
CIMENTO,000017,CIMENTO BRANCO 1 KG,,0,85366100,83000000,UN,2026-09-12T19:45:10Z,5.0,4.92,28923975000100,KAROLINY B CARDOSO - ME,COMERCIAL KAROL,JACINTINHO,MACEIO
CIMENTO,10156,CIMENTO KG,,0,25232910,83000000,KG,2026-09-16T16:15:38Z,5.0,4.94,02045494000156,J. S. VIEIRA - ME,COMERCIAL VIEIRA,SERRARIA,MACEIO
CIMENTO,4918,CIMENTO BRANCO 1KG,,0,25232910,83000000,PCT,2026-09-15T19:30:55Z,4.99,4.99,52183086000139,COMERCIAL SOUSA LTDA,COMERCIAL SOUSA,SERRARIA,MACEIO
CIMENTO,8554,CIMENTO CIMENTINHO 2KG,,0,38245000,83000000,UN,2026-09-15T17:19:29Z,5.0,5.0,27408427000180,K. K. MATERIAL DE CONSTRUCAO LTDA - ME,BARATEIRO CONSTRUCAO,BARRO DURO,MACEIO
CIMENTO,002000,CIMENTO BRANCO RHOTA 1KG,,0,38245000,83000000,UN,2026-09-14T19:14:17Z,6.0,5.0,12832317000173,ANTONIO SOARES MACHADO -  ME,ELETRO SOARES,LEVADA,MACEIO
CIMENTO,2523,CIMENTO BRANCO 1KG,,0,25232910,83000000,UN,2026-09-08T19:10:32Z,5.0,5.0,28565348000145,JANETE MARIA DOS SANTOS,NENA CONSTRUCOES,VERGEL DO LAGO,MACEIO
CIMENTO,1511,CIMENTO BRANCO RHOTA KG,,0,38245000,83000000,UN,2026-09-09T11:58:46Z,5.0,5.0,18249861000173,J V DA CONCEICAO MACHADO - ME,JESSICA CONSTRUCOES,TABULEIRO DOS MARTINS,MACEIO
CIMENTO,0000000000215,CIMENTO BRANCO 1KG,,0,38245000,83000000,KG,2026-09-15T14:45:20Z,5.9,5.31,00837552000159,JOSE CARLOS DOS SANTOS CONSTRUCAO LTDA,GG CASA & CONSTRUCAO,CLIMA BOM,MACEIO
CIMENTO,594,CIMENTO BRANCO KG,,0,38245000,83000000,UN,2026-09-15T14:07:24Z,5.5,5.5,04105305000119,M. A. C. DE LIMA ARTIGOS INDUSTRIAIS,CERAMA,TABULEIRO NOVO,MACEIO
CIMENTO,CFOP5102,CIMENTO BRANCO 1KG DURAMAIS,CIMENTO P/REPARO DURAMAIS 1X20KG BRANCO,7891987201305,38245000,83000000,KG,2026-09-16T14:50:30Z,6.9,5.61,39679671000166,FABIO REGUEIRA COSTA BARBOSA LTDA,RAMOS CONSTRUCOES,CENTRO,MACEIO
CIMENTO,1233,CIMENTO BRANCO RHOTA KG,,0,38245000,83000000,UN,2026-09-12T14:06:08Z,5.9,5.9,56888799000159,ARTEC REFRIGERACAO LTDA,ARTEC REFRIGERACAO,Santos Dumont,MACEIO
CIMENTO,11362,CIMENTO BRANCO 1KG - RHOTA,,0,38245000,83000000,UN,2026-09-08T14:52:10Z,6.0,6.0,28388381000147,JOSE DO NASCIMENTO EIRELI - ME,IMPERDEKA,JATIUCA,MACEIO
CIMENTO,2870,CIMENTO BRANCO RHOTA,,0,38245000,83000000,UN,2026-09-10T17:49:22Z,6.0,6.0,02138293000101,J. A. DA SILVA MAT. DE CONSTRUCAO - ME,JH COMERCIAL,PRADO,MACEIO
CIMENTO,634,CIMENTO BRANCO RHOTA KG,,0,38245000,83000000,UN,2026-09-09T14:03:19Z,6.0,6.0,01217661000136,CASA FORTE MATERIAL DE CONSTRUÇÃO LTDA,CASA FORTE MATERIAL DE CONSTRUCAO,SERRARIA,MACEIO
CIMENTO,7898948949061,CIMENTO BRANCO RHOTA,CIMENTO BRANCO ARGADIT 1KG,7898948949061,38245000,83000000,un,2026-09-16T14:47:31Z,6.0,6.0,24163873000183,CAMILA S DA L NASCIMENTO,,FEITOSA,MACEIO
CIMENTO,2559,CIMENTO BRANCO RHOTA KG,,0,38245000,83000000,UN,2026-09-10T15:55:00Z,6.0,6.0,22237379000190,JOSÉ PEREIRA DA COSTA JÚNIOR COMÉRCIO  - ME,PEREIRA TINTAS E FERRAGENS,LEVADA,MACEIO
CIMENTO,860,CIMENTO BRANCO RHOTA KG,,0,38245000,83000000,UN,2026-09-11T16:26:03Z,6.0,6.0,27449717000171,F P B DOS SANTOS COMERCIO E SERVIÇOS LTDA,FP PECAS E SERVICOS,SERRARIA,MACEIO
CIMENTO,003500053,CIMENTO BRANCO 1KG,,0,38245000,83000000,UND,2026-09-12T15:53:27Z,6.5,6.041666666666667,02436845000150,MARIA ELISOILDA NONATO ALVES - EPP,IMPERIO DA CONSTRUCAO,FAROL,MACEIO
CIMENTO,667,CIMENTO BRANCO 1KG OK,,0,25232910,83000000,UN,2026-09-08T15:45:56Z,6.99,6.65,43906461000130,AUROCON CONSTRUCAO LTDA,MIX  DA CONSTRUCAO,BARRO DURO,MACEIO
CIMENTO,7898948949061,CIMENTO BRANCO 1KG RHOTA,,0,38245000,83000000,PCT,2026-09-08T20:44:24Z,6.7,6.7,17887377000107,AMORIM FREITAS CONSTRUÇÃO LTDA,VALMOR MATERIAL DE CONSTRUCAO,JACINTINHO,MACEIO
CIMENTO,000395,CIMENTO BRANCO 1KG - ARGADIT,,0,25232100,83000000,UN,2026-09-11T18:27:38Z,7.5,6.75,70012570000187,CARMEM LUCIA LINS DE SOUZA - ME,COMERCIAL LINS,PONTA GROSSA,MACEIO
CIMENTO,129,CIMENTO ESTRUTURAL BRANCO 1KG,,0,25232100,83000000,UND,2026-09-15T12:28:13Z,7.0,7.0,18355133000146,CASA DA CONSTRUÇÃO LTDA,CASA DA CONSTRUCAO,JACINTINHO,MACEIO
CIMENTO,653,CIMENTO BRANCO ESPECIAL 1Kg,,7908086800305,38245000,83000000,Peca,2026-09-16T12:23:56Z,7.0,7.0,24168648000130,RAMIRO RIBEIRO FILHO - ME,,CIDADE UNIVERSITARIA,MACEIO
CIMENTO,3104,CIMENTO ZEBU CPII F-32 5KG,,0,25232910,83000000,SACO,2026-09-14T20:59:59Z,7.0,7.0,22819860000194,MARIA PEREIRA DE LIMA,THAMIRES CONSTRUCAO,FEITOSA,MACEIO
CIMENTO,3450,CIMENTO BRANCO RHOTA KG,,0,38245000,83000000,UN,2026-09-09T21:06:45Z,7.0,7.0,22819860000194,MARIA PEREIRA DE LIMA,THAMIRES CONSTRUCAO,FEITOSA,MACEIO
CIMENTO,11955,CIMENTO BRANCO IBRAS SACO,,7898246220961,38245000,83000000,KG,2026-09-10T11:34:33Z,7.05,7.05,01493748000136,CONSTRUÇÕES IPANEMA LTDA,CONSTRUÇÕES IPANEMA,POCO,MACEIO
CIMENTO,87406676,Cimento Branco 1Kg,,7897901800012,25232100,83000000,UN,2026-09-11T19:42:19Z,7.65,7.19,01438784005590,LEROY MERLIN COMPANHIA BRASILEIRA DE BRICOLAGEM,,CRUZ DAS ALMAS,MACEIO
CIMENTO,07898948949061,CIMENTO BRANCO 1KG RHOTA,CIMENTO BRANCO ARGADIT 1KG,7898948949061,38245000,83000000,UN,2026-09-14T17:24:21Z,8.0,7.2,38430818000117,PARAFUZETA MATERIAIS DE CONSTRUCOES E MULTICOISAS LTDA,PARAFUZETA MULTICOISAS,JATIUCA,MACEIO
CIMENTO,MLB4427381975,Cimento 5kg - Zumbi,,0,25232910,83000000,UN,2026-09-16T13:06:25Z,7.5,7.5,63160728000109,JOSE CARLOS CORDEIRO DA SILVA,J C CORDEIRO,Jacintinho,MACEIO
CIMENTO,7897901800012,Cimento branco rejuntam 1kg  juntalider,,0,25232100,83000000,UN,2026-09-11T19:15:07Z,7.65,7.65,01438784005590,LEROY MERLIN COMPANHIA BRASILEIRA DE BRICOLAGEM,,CRUZ DAS ALMAS,MACEIO
CIMENTO,24220,CIMENTO BRANCO ESPECIAL 1Kg REJUNTAMIX,,7908090000302,38245000,83000000,UND,2026-09-15T16:53:28Z,8.0,8.0,17185102000121,VCL COMERCIO DE MATERIAL DE CONSTRUCAO LTDA -  EPP,VCL COMERCIAL,BARRO DURO,MACEIO
CIMENTO,660,REJUNTE VOTOMASSA 1 KG MARRON,REJUNTE FLEX MARROM TPII-1KG-REVENDA,7898265330115,32149000,83000000,UND,2026-09-15T12:35:09Z,9.9,9.9,26715140000130,IMPERIO DO PISO COMERCIO DE MATERIAL DE CONSTRUCAO LTDA - EPP,IMPERIO DOS PISOS,BARRO DURO,MACEIO
CIMENTO,0000000001270,CIMENTO 5 KG POTY,,0,25232910,83000000,PCT,2026-09-10T13:12:28Z,10.0,10.0,41187931000128,PACOM PATRIOTA COMERCIAL LTDA - EPP,,TABULEIRO DOS MARTINS,MACEIO
CIMENTO,7342,CIMENTO CP2 UG 5KG ZEBU,,0,32149000,83000000,KG,2026-09-14T11:28:26Z,10.0,10.0,22442491000163,MADSON LUAN CORRERIA RAMOS,OURO PRETO MATERIAIS DE CONSTRUCAO,OURO PRETO,MACEIO
CIMENTO,7898927960186,CIMENTO CZ 5KG CASA FORTE,CIMENTINHO C/5KG CINZA CASA FORTE SC C/5KG,7898927960186,25232910,83000000,SC,2026-09-16T15:29:50Z,10.9,10.9,03656804000131,CARAJAS MATERIAL DE CONSTRUCAO LTDA,CARAJAS CONSTRUCAO,TABULEIRO DOS MARTINS,MACEIO
CIMENTO,7898927960186,CIMENTO CZ 5KG CASA FORTE,,0,25232910,83000000,SC,2026-09-16T19:06:26Z,10.9,10.9,03656804000131,CARAJAS MATERIAL DE CONSTRUCAO LTDA,CARAJAS CONSTRUCAO,TABULEIRO DOS MARTINS,MACEIO
CIMENTO,3942X,CIMENTO 5KG,,0,25232910,83000000,UN,2026-09-15T12:29:02Z,11.0,11.0,08443921000130,LOJA BELO MONTE LTDA,BELO MONTE,PONTA DA TERRA,MACEIO
CIMENTO,259,CIMENTO 5 KG,,0,25232910,83000000,UN,2026-09-13T12:25:23Z,11.0,11.0,56020708000169,J&F VAREJO DE MATERIAL DE CONSTRUÇÃO LTDA,,Benedito Bentes,MACEIO
CIMENTO,1487,CIMENTO 5KG - FIXA PLUS,,0,25232910,83000000,UNID,2026-09-15T13:39:53Z,12.75,12.11,22395647000100,MULTLUZ CONSTRUCAO LTDA,MULTLUZ,SAO JORGE,MACEIO
CIMENTO,003500063,CIMENTO 5KG,,0,25202090,83000000,UND,2026-09-14T14:39:59Z,14.0,14.0,02436845000150,MARIA ELISOILDA NONATO ALVES - EPP,IMPERIO DA CONSTRUCAO,FAROL,MACEIO
CIMENTO,345505,CIMENTO CINZA CASA FORTE 5KG SC,CIMENTINHO C/5KG CINZA CASA FORTE SC C/5KG,7898927960186,25232910,83000000,SC,2026-09-15T12:25:35Z,15.495,15.495,03555402000140,PARAGOMINAS HOME CENTER LTDA,PARAGOMINAS HOME CENTER,SANTOS DUMONT,MACEIO
CIMENTO,345505,CIMENTO CINZA CASA FORTE 5KG UND,CIMENTINHO C/5KG CINZA CASA FORTE SC C/5KG,7898927960186,25232910,83000000,SC,2026-09-12T20:59:22Z,15.5,15.5,03555402000655,PARAGOMINAS HOME CENTER LTDA,PARAGOMINAS ANTARES,ANTARES,MACEIO
CIMENTO,7908732336394,ENFEITE DECORATIVO DE CIMENTO - TRB REF DT8737,,7908732336394,68109900,83000000,UND,2026-09-11T19:30:05Z,17.0,17.0,05671985000877,PAULO HENRIQUE LIRA,PH IMPORTADOS,SANTA LUCIA,MACEIO
CIMENTO,7897901800609,Cimento comum 5kg  junta lider               De1904 Por1790,,0,25232910,83000000,UN,2026-09-15T22:28:37Z,19.04,17.9,01438784005590,LEROY MERLIN COMPANHIA BRASILEIRA DE BRICOLAGEM,,CRUZ DAS ALMAS,MACEIO
CIMENTO,0000000002600,VASO PAREDE 00 CIMENTO,,0,68118900,83000000,UNID,2026-09-10T14:42:56Z,19.0,18.05,03000934000111,T D COMERCIO DE PLANTAS E FLORES NATURAIS LTDA,,SERRARIA,MACEIO
CIMENTO,7908174926436,VASO DECORATIVO DE CIMENTO - TRB REF. HD01606,,7908174926436,68109900,83000000,UND,2026-09-14T15:53:58Z,19.99,19.99,05671985000362,PAULO HENRIQUE LIRA,PH IMPORTADOS,CENTRO,MACEIO
CIMENTO,7899866293496,VASO DECORATIVO DE CIMENTO - IP-48 TRB REF CZ231305,,7899866293496,68109900,83000000,UND,2026-09-13T14:49:41Z,20.0,20.0,05671985000877,PAULO HENRIQUE LIRA,PH IMPORTADOS,SANTA LUCIA,MACEIO
CIMENTO,7899866293496,VASO DECORATIVO DE CIMENTO - IP-48 TRB REF CZ231305,,7899866293496,68109900,83000000,UND,2026-09-15T16:26:17Z,20.0,20.0,05671985000796,PAULO HENRIQUE LIRA,PH IMPORTADOS,ANTARES,MACEIO
CIMENTO,7898927960193,CIMENTO BR 5KG CASA FORTE,,0,25232100,83000000,SC,2026-09-14T15:21:30Z,20.9,20.9,03656804000131,CARAJAS MATERIAL DE CONSTRUCAO LTDA,CARAJAS CONSTRUCAO,TABULEIRO DOS MARTINS,MACEIO
CIMENTO,7898927960193,CIMENTO BR 5KG CASA FORTE,,0,25232100,83000000,SC,2026-09-13T18:44:18Z,20.9,20.9,03656804002428,CARAJAS MATERIAL DE CONSTRUCAO LTDA,CARAJAS CONSTRUCAO,MANGABEIRAS,MACEIO
CIMENTO,7898927960193,CIMENTO BR 5KG CASA FORTE,CIMENTINHO C/5KG BRANCO CASA FORTE SC C/5KG,7898927960193,25232100,83000000,SC,2026-09-16T21:04:15Z,20.9,20.9,03656804000131,CARAJAS MATERIAL DE CONSTRUCAO LTDA,CARAJAS CONSTRUCAO,TABULEIRO DOS MARTINS,MACEIO
CIMENTO,1597,CAL CIMENTO 20KG FIXAPLUS 1,,618231245772,25223000,83000000,SC,2026-09-11T19:13:24Z,23.0,23.0,01493748000136,CONSTRUÇÕES IPANEMA LTDA,CONSTRUÇÕES IPANEMA,POCO,MACEIO
CIMENTO,25,CIMENTO CP IV 32 RS 50 KG,,0,25232910,83000000,SC,2026-09-15T20:24:42Z,23.0,23.0,16672699000176,R. FREITAS MOURA SILVA CONSTRUCOES,M R CONSTRUCOES,SANTA LUCIA,MACEIO
CIMENTO,0000162015967,CIMENTO TODAS AS OBRAS POTY 25KG CP IV 32,,0,25232910,83000000,UN,2026-09-11T17:30:36Z,23.5,23.5,63741460000190,MLM LTDA,ML CONSTRUCOES,Clima Bom,MACEIO
CIMENTO,3391,CIMENTO BRANCO RHOTA KG,,0,38245000,83000000,UN,2026-09-08T16:10:16Z,24.0,24.0,12474434000102,EDITE SOARES DA SILVA,BERTULINA VARIEDADES,PONTA DA TERRA,MACEIO
CIMENTO,000200,CIMENTO 50KG ZEBU,,0,25232910,83000000,UN,2026-09-15T19:09:08Z,50.0,24.9,35722180000108,G SILVA MATERIAL DE CONSTRUCOES LTDA,G SILVA MATERIAL DE CONSTRUÇÃO E FERRAGEM,JATIUCA,MACEIO
CIMENTO,17348,VASO BRANCO E COBRE EM CIMENTO,VASO BRANCO E COBRE EM CIMENTO 7694,7899525676943,68109900,83000000,PC,2026-09-10T14:35:50Z,24.99,24.99,17993520000145,JACINTINHO COMERCIO DE UTILIDADES DOMESTICAS EIRELI - ME,O MUNDO DAS UTILIDADES,CENTRO,MACEIO
CIMENTO,3084,CIMENTO  1/2 SACO 25KG,,0,38245000,83000000,UN,2026-09-12T14:26:28Z,25.0,25.0,49850828000128,CONSTRUCAR MATERIAL DE CONSTRUCAO LTDA,,Jacintinho,MACEIO
CIMENTO,002242,CIMENTO POTY TODAS OBRAS 25KG CP IV 32,,7898265336254,25232910,83000000,UN,2026-09-15T19:41:11Z,25.0,25.0,55206191000134,MIX MATERIAL DE CONSTRUCOES LTDA,,Cidade Universitária,MACEIO
CIMENTO,2420,CIMENTO ZUMBI 25 KG,,0,25232910,83000000,SC,2026-09-13T11:09:11Z,25.0,25.0,56020708000169,J&F VAREJO DE MATERIAL DE CONSTRUÇÃO LTDA,,Benedito Bentes,MACEIO
CIMENTO,7899866293502,VASO DECORATIVO DE CIMENTO - IP-36 TRB REF CZ231308,,7899866293502,68109900,83000000,UND,2026-09-14T14:09:10Z,25.0,25.0,05671985000109,PAULO HENRIQUE LIRA,CASAS P H IMPORTADOS,CENTRO,MACEIO
CIMENTO,7908732354305,VASO DECORATIVO DE CIMENTO - IP-48 TRB REF DT25542,,7908732354305,68109900,83000000,UND,2026-09-12T14:35:47Z,25.0,25.0,05671985000109,PAULO HENRIQUE LIRA,CASAS P H IMPORTADOS,CENTRO,MACEIO
CIMENTO,7899866293502,VASO DECORATIVO DE CIMENTO - IP-36 TRB REF CZ231308,,7899866293502,68109900,83000000,UND,2026-09-11T18:28:56Z,25.0,25.0,40716133000183,MARIA SIRLENE M.D. LIRA,MD LIRA COMERCIO,CENTRO,MACEIO
CIMENTO,7908732354305,VASO DECORATIVO DE CIMENTO - IP-48 TRB REF DT25542,,7908732354305,68109900,83000000,UND,2026-09-10T14:50:39Z,25.0,25.0,40716133000183,MARIA SIRLENE M.D. LIRA,MD LIRA COMERCIO,CENTRO,MACEIO
CIMENTO,3338,CIMENTO 25KG,,0,25232910,83000000,UN,2026-09-11T19:27:29Z,25.0,25.0,39611475000150,EVERALDO DA SILVA BUARQUE NETO LTDA,SS COMERCIAL,JACINTINHO,MACEIO
CIMENTO,1822,CIMENTO POTY 25KG TODAS OBRAS,CIMENTO TODAS OBRAS POTY 25KG,7898265335523,25232910,83000000,UND,2026-09-13T23:04:40Z,27.0,25.0,18355133000146,CASA DA CONSTRUÇÃO LTDA,CASA DA CONSTRUCAO,JACINTINHO,MACEIO
CIMENTO,5032,CIMENTO TODAS OBRAS POTY 25KG,CIMENTO TODAS OBRAS POTY 25KG,7898265335547,25232910,83000000,UN,2026-09-16T11:05:19Z,28.0,25.38,02577503000150,COMERCIAL MANGABEIRAS DE MATERIAL DE CONSTR,,MANGABEIRAS,MACEIO
CIMENTO,345504,CIMENTO BRANCO CASA FORTE 5KG SC,CIMENTINHO C/5KG BRANCO CASA FORTE SC C/5KG,7898927960193,25232910,83000000,SC,2026-09-13T11:43:11Z,25.9,25.9,03555402000140,PARAGOMINAS HOME CENTER LTDA,PARAGOMINAS HOME CENTER,SANTOS DUMONT,MACEIO
CIMENTO,MLB4456303553,Cimento 25kg - Zumbi,,0,25232910,83000000,UN,2026-09-16T15:19:03Z,26.0,26.0,63160728000109,JOSE CARLOS CORDEIRO DA SILVA,J C CORDEIRO,Jacintinho,MACEIO
CIMENTO,7898235831307,CIMENTO ZEBU USO GERAL CPII F32 50KG         De4457 Por2690,,0,25232910,83000000,UN,2026-09-16T21:42:22Z,44.57,26.9,01438784005590,LEROY MERLIN COMPANHIA BRASILEIRA DE BRICOLAGEM,,CRUZ DAS ALMAS,MACEIO
CIMENTO,6776,CIMENTO TODAS AS OBRAS POTY 25KG CP IV 32,,7898265336254,25232910,83000000,S25,2026-09-14T16:34:47Z,27.0,27.0,37461181000163,S. DA. S. FERNANDES GARCIA CONSTRUCOES,CONSTRUÇÃO 4 IRMÃOS LOJA 2,CIDADE UNIVERSITARIA,MACEIO
CIMENTO,000009,CIMENTO CP III 40 RS FORTE,,0,25232910,83000000,UN,2026-09-08T13:39:21Z,38.0,27.47,14810475000158,MICHELLI PATRICIA DE ALBUQUERQUE - ME,MICHELLI CONSTRUCOES,CENTRO,MACEIO
CIMENTO,000000000006193629,CIMENTO 25KG TODAS AS OBRAS CP IV 32 POTY,,0,25232910,83000000,UN,2026-09-10T12:10:03Z,27.5,27.5,17887377000107,AMORIM FREITAS CONSTRUÇÃO LTDA,VALMOR MATERIAL DE CONSTRUCAO,JACINTINHO,MACEIO
CIMENTO,5186,CIMENTO POTY 25KG CP IV 32,,0,25232910,83000000,S25,2026-09-14T12:52:55Z,28.0,28.0,30076510000103,ANA PATRICIA DA SILVA,COMERCIAL ARTHUR,POCO,MACEIO
CIMENTO,9461,CIMENTO CP2 UG 25KG ZEBU,,0,32149000,83000000,KG,2026-09-12T21:16:47Z,28.0,28.0,22442491000163,MADSON LUAN CORRERIA RAMOS,OURO PRETO MATERIAIS DE CONSTRUCAO,OURO PRETO,MACEIO
CIMENTO,4136,CIMENTO TODAS OBRAS POTY 25KG CPIIF-32,,0,25232910,83000000,S25,2026-09-14T21:34:17Z,29.99,28.15,52183086000139,COMERCIAL SOUSA LTDA,COMERCIAL SOUSA,SERRARIA,MACEIO
CIMENTO,8407,CIMENTO POTY 25KG CP IV 32,,0,25232910,83000000,S25,2026-09-15T14:07:10Z,30.0,28.24,30076510000294,ANA PATRICIA DA SILVA,COMERCIAL ARTHUR,POCO,MACEIO
CIMENTO,07898265336254,CIMENTO POTY 25KG CP IV,,7898265336254,25232910,83000000,UN,2026-09-12T11:44:31Z,30.0,28.5,38430818000117,PARAFUZETA MATERIAIS DE CONSTRUCOES E MULTICOISAS LTDA,PARAFUZETA MULTICOISAS,JATIUCA,MACEIO
CIMENTO,13375,"PISO POINTER NEO CIMENTO CZ MATE 60X60 A CX 2,53 M2",,7892226996433,69072200,83000000,M2,2026-09-14T16:34:19Z,29.8893,29.889328063241106,11914541000141,NETTER CASA E CONSTRUÇÃO LTDA ME,CONSTRUCOES IPANEMA,JACINTINHO,MACEIO
CIMENTO,3046,CIMENTO 1/2 SACO OK,,0,25232910,83000000,UN,2026-09-10T17:03:12Z,29.9,29.9,43906461000130,AUROCON CONSTRUCAO LTDA,MIX  DA CONSTRUCAO,BARRO DURO,MACEIO
CIMENTO,922,TELHA FIBROCIMENTO ODULADA 4MM 244X50 VOGATEX OK,,0,68118200,83000000,UN,2026-09-16T14:35:02Z,29.9,29.9,43906461000130,AUROCON CONSTRUCAO LTDA,MIX  DA CONSTRUCAO,BARRO DURO,MACEIO
CIMENTO,7899866293540,VASO DECORATIVO DE CIMENTO - IP-36 TRB REF CZ231306,,7899866293540,68109900,83000000,UND,2026-09-09T14:18:37Z,30.0,30.0,05671985000877,PAULO HENRIQUE LIRA,PH IMPORTADOS,SANTA LUCIA,MACEIO
CIMENTO,013201,CIMENTO 25KG POTY,,0,25232910,83000000,UN,2026-09-15T19:46:36Z,30.0,30.0,35722180000108,G SILVA MATERIAL DE CONSTRUCOES LTDA,G SILVA MATERIAL DE CONSTRUÇÃO E FERRAGEM,JATIUCA,MACEIO
CIMENTO,5771,ARGAMASSA VOTOMASSA MULTIPLO USO 25KG,ARGAMASSA VOTOMASSA MULTIPLO USO 25KG,7898265334250,32149000,83000000,UN,2026-09-10T14:07:25Z,30.0,30.0,08443921000130,LOJA BELO MONTE LTDA,BELO MONTE,PONTA DA TERRA,MACEIO
CIMENTO,7899866293540,VASO DECORATIVO DE CIMENTO - IP-36 TRB REF CZ231306,,7899866293540,68109900,83000000,UND,2026-09-14T14:09:10Z,30.0,30.0,05671985000109,PAULO HENRIQUE LIRA,CASAS P H IMPORTADOS,CENTRO,MACEIO
CIMENTO,49783,CIMENTO POTY 25KG CP IV 32,,7898265336254,25232910,83000000,S25,2026-09-16T13:06:53Z,30.0,30.0,40181440000107,SANTOS & SANTOS COMERCIO DE MATERIAIS DE CONSTRUCAO LTDA,DONA NENE CONSTRUCOES,POCO,MACEIO
CIMENTO,211,CIMENTO,,7890000002110,25232910,83000000,UN,2026-09-11T21:03:16Z,30.0,30.0,68625360000112,MURALHAS HOME CENTER LIMITADA,MURALHAS HOME CENTER,Benedito Bentes,MACEIO
CIMENTO,7908732342210,VASO DECORATIVO DE CIMENTO - IP-24 TRB REF DT9344,,7908732342210,68109900,83000000,UND,2026-09-11T18:50:49Z,30.0,30.0,05671985000796,PAULO HENRIQUE LIRA,PH IMPORTADOS,ANTARES,MACEIO
CIMENTO,0000000004201,PISO NEO CIMENTO BEGE 60X60 MATE POINTER,,0,69072200,83000000,M,2026-09-14T18:56:13Z,33.9,30.511857707509883,00837552000159,JOSE CARLOS DOS SANTOS CONSTRUCAO LTDA,GG CASA & CONSTRUCAO,CLIMA BOM,MACEIO
CIMENTO,103,CIMENTO NACIONAL CP-II-F-32 50 KG,,0,25232910,83000000,SACO,2026-09-15T20:46:45Z,31.4,31.4,46130651000105,GLOBAL CIMENTOS ALAGOAS LTDA,,Petrópolis,MACEIO
CIMENTO,003500072,CIMENTO POTY TODAS OBRAS 25KG,,0,25232910,83000000,UND,2026-09-14T14:00:07Z,31.9,31.9,02436845000150,MARIA ELISOILDA NONATO ALVES - EPP,IMPERIO DA CONSTRUCAO,FAROL,MACEIO
CIMENTO,370037,"POINTER 60X60A NEO CIMENTO CZ MT 2,53 M2",,7892226996440,69072200,83000000,M2,2026-09-14T20:59:07Z,31.9003952569,31.900395256916998,03555402000140,PARAGOMINAS HOME CENTER LTDA,PARAGOMINAS HOME CENTER,SANTOS DUMONT,MACEIO
CIMENTO,2176,CIMENTO POTY 25KG,CIMENTO TODAS OBRAS POTY 25KG,7898265335547,25232910,83000000,UN,2026-09-09T14:29:01Z,32.0,32.0,08443921000130,LOJA BELO MONTE LTDA,BELO MONTE,PONTA DA TERRA,MACEIO
CIMENTO,0000000000217,CIMENTO 25KG,,0,25232910,83000000,UN,2026-09-13T11:03:57Z,36.0,32.4,00837552000159,JOSE CARLOS DOS SANTOS CONSTRUCAO LTDA,GG CASA & CONSTRUCAO,CLIMA BOM,MACEIO
CIMENTO,1794,"PISO POINTER NEO CIMENTO BRANCO MATE 59,5X59,5 A PT",,7892226060363,69072200,83000000,M2,2026-09-09T14:23:56Z,49.9,34.8780487804878,11356079000104,MERCADAO DO PISO COMERCIO,MERCADAO DO PISO,CENTRO,MACEIO
CIMENTO,391,CIMENTO INTERCEMENT 50KG,,0,25232910,83000000,UN,2026-09-16T14:27:08Z,49.95,35.39,02138293000101,J. A. DA SILVA MAT. DE CONSTRUCAO - ME,JH COMERCIAL,PRADO,MACEIO
CIMENTO,1395,CIMENTO CP II Z 32 50 KG,,0,25232910,83000000,SC,2026-09-16T14:52:35Z,38.0,37.46,16672699000176,R. FREITAS MOURA SILVA CONSTRUCOES,M R CONSTRUCOES,SANTA LUCIA,MACEIO
CIMENTO,3473,#0500100#25232910# CIMENTO CP II F 32 ENSACADO - EMC,,0,25232910,83000000,PC,2026-09-11T19:52:58Z,39.0,39.0,03611397000146,MARCELO NUNES DE AMORIM - ME,,TAB. DOS MARTINS,MACEIO
CIMENTO,14,CIMENTO CP II Z 32 50 KG,CIMENTO CP II Z 32 50 KG ZUMBI SC,7898958850067,25232910,83000000,UND,2026-09-15T16:10:57Z,39.0,39.0,17071567000151,B. M. GOMES DE MELO LTDA,DUARTE CONSTRUCOES,LEVADA,MACEIO
CIMENTO,000001,CIMENTO ZEBU USO GERAL CPll F32 50KG,,0,25232910,83000000,UN,2026-09-16T17:21:41Z,39.9,39.9,61340826000194,DWM2 DISTRIBUIÇÃO LTDA,DWM2 DISTRIBUICAO,Cidade Universitária,MACEIO
CIMENTO,789,CIMENTO CP2 50KG ZUMBI,,0,25221000,83000000,UN,2026-09-14T11:52:12Z,39.9,39.9,18197190000144,DALTHON FELIPE DE MEDEIROS SILVA 05784696424,,VERGEL DO LAGO,MACEIO
CIMENTO,789,CIMENTO CP2 50KG ZUMBI,,0,25221000,83000000,UN,2026-09-15T12:35:43Z,39.9,39.9,13390079000156,JULIANA DOS SANTOS LEITE - ME,MAMUSKA CONSTRUCOES,VERGEL DO LAGO,MACEIO
CIMENTO,12,CIMENTO ZEBU USO GERAL CPII F-32 50KG,,0,25232910,83000000,SAC,2026-09-16T13:32:32Z,40.0,40.0,10264955000100,JESIVAN FERREIRA DE LIMA - ME,AQUI TEM MAIS,VERGEL DO LAGO,MACEIO
CIMENTO,010530,CIMENTO CPII E40 ZUMBI,,0,25232910,83000000,UN,2026-09-15T13:08:49Z,40.0,40.0,14810475000158,MICHELLI PATRICIA DE ALBUQUERQUE - ME,MICHELLI CONSTRUCOES,CENTRO,MACEIO
CIMENTO,46333,CIMENTO TODAS OBRAS 50KG POTY PL AVISTA,,0,25232910,83000000,UN,2026-09-16T17:25:58Z,40.99,40.99,70015672000156,ENCONTRO DO SOL HOME CENTER LTDA,ENCONTRO DO SOL HOME CENTER,TABULEIRO DO MARTINS,MACEIO
CIMENTO,0000000000013,CIMENTO ZUMBI CP II Z 32 50 KG,,0,25232910,83000000,KG,2026-09-10T17:47:56Z,41.0,41.0,02977875000173,ROSANGELA MARIA LOPES DA SILVA - ME,FORCA DO CIMENTO,TABULEIRO DOS MARTINS,MACEIO
CIMENTO,1576,CIMENTO MONTES CLAROS CP-5 ARI 40KG,,7890000015769,25232990,83000000,SACO,2026-09-16T13:27:51Z,41.0,41.0,30952984000171,PEIXOTO & CANSANÇÃO COMÉRCIO DE MATERIAIS DE CONSTRUÇÃO LTDA,COMERCIAL ZENITH,SERRARIA,MACEIO
CIMENTO,2222,CIMENTO ZEBU CP-V ESTRUTURA 40KG,,7898235831772,25232910,83000000,SAC,2026-09-14T15:35:46Z,41.0,41.0,30952984000171,PEIXOTO & CANSANÇÃO COMÉRCIO DE MATERIAIS DE CONSTRUÇÃO LTDA,COMERCIAL ZENITH,SERRARIA,MACEIO
CIMENTO,7898235831307,CIMENTO 50KG CP II F-32 AL ZEBU,CIMENTO CP II-F-32 ZEBU USO GERAL SACO 50KG,7898235831307,25232910,83000000,UN,2026-09-11T11:01:44Z,41.9,41.9,03656804000131,CARAJAS MATERIAL DE CONSTRUCAO LTDA,CARAJAS CONSTRUCAO,TABULEIRO DOS MARTINS,MACEIO
CIMENTO,PRO00005,CIMENTO ZUMBI CP IV 50KG,,0,25232910,83000000,UND,2026-09-11T19:19:48Z,41.99,41.99,53383206000295,BF DISTRIBUIDORA EM GERAL LTDA,DISTRIBUIDORA FALCAO,CIDADE UNIVERSITARIA,MACEIO
CIMENTO,000000000000001341,CIMENTO ZEBU USO GERAL CPII F-32 50KG,CIMENTO CP II-F-32 ZEBU USO GERAL SACO 50KG,7898235831307,25232910,83000000,SACO,2026-09-16T13:16:19Z,42.0,42.0,50510657000177,BAU DA CONSTRUCAO LTDA,FTN,LEVADA,MACEIO
CIMENTO,2393,CIMENTO ZUMBI 50 KG,CIMENTO CP II Z 32 50 KG ZUMBI SC,7898958850067,25232910,83000000,SC,2026-09-15T17:55:06Z,46.65,42.0,56020708000169,J&F VAREJO DE MATERIAL DE CONSTRUÇÃO LTDA,,Benedito Bentes,MACEIO
CIMENTO,40,CIMENTO CP V ZEBU 40KG - ZEBU,,0,38245000,83000000,SC,2026-09-16T12:59:18Z,42.0,42.0,48684834000866,CASA DAS ARGAMASSAS E MATERIAIS DE CONSTRUCAO LTDA,CASA DAS ARGAMASSAS,SANTO AMARO,MACEIO
CIMENTO,40,CIMENTO CP V ZEBU 40KG - ZEBU,,0,38245000,83000000,SC,2026-09-16T18:56:39Z,42.0,42.0,48684834000602,CASA DAS ARGAMASSAS E MATERIAIS DE CONSTRUCAO LTDA,CASA DAS ARGAMASSAS,CIDADE UNIVERSITARIA,MACEIO
CIMENTO,557,CIMENTO 50GK ZEBU,,0,25232910,83000000,SAC,2026-09-11T14:29:43Z,53.11,42.0,55263918000115,M&S COMERCIO VAREJISTA LTDA,M&S COMERCIO VAREJISTA,Antares,MACEIO
CIMENTO,34,CIMENTO FORTE CP-II 50KG,CIMENTO CP II Z 50KG CIMENTO FORTE,7898957227136,25232910,83000000,SC,2026-09-15T12:33:26Z,42.5,42.5,30952984000171,PEIXOTO & CANSANÇÃO COMÉRCIO DE MATERIAIS DE CONSTRUÇÃO LTDA,COMERCIAL ZENITH,SERRARIA,MACEIO
CIMENTO,1140,CIMENTO CP II Z 32 50 KG,CIMENTO CP II Z 32 50 KG ZUMBI SC,7898958850067,25232910,83000000,PC,2026-09-09T13:37:03Z,42.99,42.99,56888799000159,ARTEC REFRIGERACAO LTDA,ARTEC REFRIGERACAO,Santos Dumont,MACEIO
CIMENTO,46335,CIMENTO TODAS OBRAS 50KG POTY PL PARC.,CIMENTO POTY 50KG P/OBRAS ESTRUTURAIS,7898265334649,25232910,83000000,UN,2026-09-16T17:43:19Z,42.99,42.99,70015672000156,ENCONTRO DO SOL HOME CENTER LTDA,ENCONTRO DO SOL HOME CENTER,TABULEIRO DO MARTINS,MACEIO
CIMENTO,308,CIMENTO ZUMBI CP II Z 32 50 KG,,0,25232910,83000000,SC,2026-09-15T19:55:33Z,43.0,43.0,52183086000139,COMERCIAL SOUSA LTDA,COMERCIAL SOUSA,SERRARIA,MACEIO
CIMENTO,347,CIMENTO 50KG FORTE,,0,25232910,83000000,SC,2026-09-16T13:54:05Z,53.11,43.0,05383376000146,M. DE L. CUSTODIO DE CARVALHO LTDA,,ANTARES,MACEIO
CIMENTO,1000,CIMENTO CPII Z 32 SACO 50KG.,,0,25232910,83000000,CX,2026-09-15T20:40:28Z,43.0,43.0,00779253000105,MARIA DE FATIMA OLIVEIRA CAVALCANTE - ME,DEPOSITO PRECO BOM,PONTA GROSSA,MACEIO
CIMENTO,0000000000281,CIMENTO CP IV 32 RS 50KG ZUMBI,,0,25232910,83000000,UN,2026-09-14T11:55:24Z,43.0,43.0,13234526000188,FLAVIO BASILIO DE ALMEIDA,COMERCIAL BASILIO,CLIMA BOM,MACEIO
CIMENTO,3,CIMENTO ZEBU CP-II 50KG,,7890000000031,25232910,83000000,SACO,2026-09-16T11:27:26Z,43.0,43.0,30952984000171,PEIXOTO & CANSANÇÃO COMÉRCIO DE MATERIAIS DE CONSTRUÇÃO LTDA,COMERCIAL ZENITH,SERRARIA,MACEIO
CIMENTO,84,CIMENTO 50KG FORTE,,0,25232910,83000000,SC,2026-09-16T14:08:04Z,53.11,43.0,55263918000115,M&S COMERCIO VAREJISTA LTDA,M&S COMERCIO VAREJISTA,Antares,MACEIO
CIMENTO,000533,CIMENTO ZUMBI 50 KG,,0,25221000,83000000,UN,2026-09-14T17:02:48Z,44.0,44.0,55206191000134,MIX MATERIAL DE CONSTRUCOES LTDA,,Cidade Universitária,MACEIO
CIMENTO,2258,CIMENTO CPII F32 ZEBU USO GERAL SACO 50KG,,0,25232910,83000000,UN,2026-09-15T20:50:03Z,44.0,44.0,00779253000105,MARIA DE FATIMA OLIVEIRA CAVALCANTE - ME,DEPOSITO PRECO BOM,PONTA GROSSA,MACEIO
CIMENTO,10,CIMENTO CP II Z 32 50 KG,CIMENTO CP II Z 32 50 KG ZUMBI SC,7898958850067,25232910,83000000,SC,2026-09-08T18:34:19Z,45.0,44.0,63937339000139,A DOS SANTOS MORAIS NETO,OMATIC CONSTRUCOES,SAO JORGE,MACEIO
CIMENTO,368,CIMENTO 50 KG,,0,32149000,83000000,UN,2026-09-11T14:46:19Z,44.0,44.0,41226107000130,AZEVEDO CONSTRUCOES LTDA,AZEVEDO CONSTRUCOES,TABULEIRO DO MARTINS,MACEIO
CIMENTO,405,CIMENTO POTY CP-II 50KG,CIMENTO POTY TODAS OBRAS 50KG CP II Z-32,7898265334854,25232910,83000000,SACO,2026-09-14T10:36:18Z,44.0,44.0,30952984000171,PEIXOTO & CANSANÇÃO COMÉRCIO DE MATERIAIS DE CONSTRUÇÃO LTDA,COMERCIAL ZENITH,SERRARIA,MACEIO
CIMENTO,2459,CIMENTO CPII F 32 RS 50KG NACIONAL,,0,25232910,83000000,UN,2026-09-09T20:29:33Z,45.0,44.39,22819860000194,MARIA PEREIRA DE LIMA,THAMIRES CONSTRUCAO,FEITOSA,MACEIO
CIMENTO,7898958850012,CIMENTO CP IV 32 RS 50KG ZUMBI,,0,25232910,83000000,UN,2026-09-16T18:48:58Z,44.57,44.57,01438784005590,LEROY MERLIN COMPANHIA BRASILEIRA DE BRICOLAGEM,,CRUZ DAS ALMAS,MACEIO
CIMENTO,352808,CIMENTO CPII 50KG ZUMBI UN,CIMENTO CP II Z 32 50 KG ZUMBI SC,7898958850067,25232910,83000000,UN,2026-09-16T13:55:29Z,44.9,44.9,03555402000655,PARAGOMINAS HOME CENTER LTDA,PARAGOMINAS ANTARES,ANTARES,MACEIO
CIMENTO,000479,CIMENTO,,0,25232910,83000000,UN,2026-09-15T18:17:30Z,45.0,45.0,08838005000108,ERONILDE TENORIO DE ARAUJO - ME,,CIDADE UNIVERSITARIA,MACEIO
CIMENTO,3991,CIMENTO CP II Z 32 50 KG - ZUMBI,,0,25232910,83000000,SC,2026-09-08T18:22:37Z,45.0,45.0,42524555000182,MARTA DE LIMA CARDOZO,TM CONSTRUCOES,OURO PRETO,MACEIO
CIMENTO,3007,CIMENTO 50KG,,0,25232910,83000000,UN,2026-09-15T19:13:28Z,45.0,45.0,39611475000150,EVERALDO DA SILVA BUARQUE NETO LTDA,SS COMERCIAL,JACINTINHO,MACEIO
CIMENTO,294,CIMENTO CP II-E- 50KG,CP II-F-32 RS ENSACADO 50 KG CIMENTO NACIONAL,7898946561050,25232910,83000000,UNID,2026-09-08T14:18:49Z,45.0,45.0,12591790000106,W L SILVA  LTDA,VICTOR CONSTRUCAO,SANTA LUCIA,MACEIO
CIMENTO,002238,CIMENTO POTY TODAS OBRAS 50KG CPIIF-32,CIMENTO POTY TODAS OBRAS 50KG CP II Z-32,7898265334854,25232910,83000000,UN,2026-09-11T18:53:37Z,45.0,45.0,55206191000134,MIX MATERIAL DE CONSTRUCOES LTDA,,Cidade Universitária,MACEIO
CIMENTO,70,CIMENTO ZUMBI CPIV 50KG,,0,68109100,83000000,UN,2026-09-15T11:09:33Z,45.0,45.0,31595327000187,MARIA JOSIANE GOMES ALVES 87070987404,CARLINHO CONSTRUCOES,TABULEIRO DO MARTINS,MACEIO
CIMENTO,3454,CIMENTO CP IV 50 KG - ZEBU,,0,25232910,83000000,UN,2026-09-11T13:28:25Z,45.0,45.0,30076510000103,ANA PATRICIA DA SILVA,COMERCIAL ARTHUR,POCO,MACEIO
CIMENTO,000646,CIMENTO CP II Z 50KG,CIMENTO CP II Z 50KG CIMENTO FORTE,7898957227136,25232910,83000000,SC,2026-09-15T12:01:00Z,45.0,45.0,26723814000148,DANIEL S DA SILVA - ME,G. F. MATERIAL DE CONSTRUCAO,TABULEIRO DO MARTINS,MACEIO
CIMENTO,0000000002058,CIMENTO 50KG CPII MONTES CLAROS,,0,25232910,83000000,UN,2026-09-16T13:44:12Z,51.1,45.99,00837552000159,JOSE CARLOS DOS SANTOS CONSTRUCAO LTDA,GG CASA & CONSTRUCAO,CLIMA BOM,MACEIO
CIMENTO,0000000000417,CIMENTO TODAS OBRAS CP2 50KG POTY,,7898265334854,25232910,83000000,UN,2026-09-16T12:27:02Z,46.0,46.0,13234526000188,FLAVIO BASILIO DE ALMEIDA,COMERCIAL BASILIO,CLIMA BOM,MACEIO
CIMENTO,2876,CIMENTO TODAS OBRAS POTY 50KG CPIIF-32,,0,25232910,83000000,UN,2026-09-11T17:50:55Z,46.0,46.0,63741460000190,MLM LTDA,ML CONSTRUCOES,Clima Bom,MACEIO
CIMENTO,2663,CIMENTO MONTES CLAROS,,0,32081010,83000000,UN,2026-09-16T11:40:31Z,46.0,46.0,23603552000190,G N FERREIRA JUNIOR,SOL NASCENTE CONSTRUCOES,CIDADE UNIVERSITARIA,MACEIO
CIMENTO,8925,CIMENTO CP2 UG 50KG ZEBU,,0,25232910,83000000,SC,2026-09-16T14:55:48Z,54.9,46.0,22442491000163,MADSON LUAN CORRERIA RAMOS,OURO PRETO MATERIAIS DE CONSTRUCAO,OURO PRETO,MACEIO
CIMENTO,4490,CIMENTO TODAS OBRAS POTY 50KG,,0,25232910,83000000,S50,2026-09-12T13:05:56Z,46.0,46.0,10264955000100,JESIVAN FERREIRA DE LIMA - ME,AQUI TEM MAIS,VERGEL DO LAGO,MACEIO
CIMENTO,16969,CIMENTO 50KG ZUMBI AVISTA,,0,25232910,83000000,SC,2026-09-15T12:15:24Z,46.0,46.0,34519968000140,GALPAO DA CONSTRUCAO LTDA,GALPAO DA CONSTRUCAO,CIDADE UNIVERSITARIA,MACEIO
CIMENTO,000061,CIMENTO MONTE CLAROS ULTRA FORTE 50 KG,CIMENTO CP II Z 32 50 KG ZUMBI SC,7898958850067,25232910,83000000,SC,2026-09-15T18:32:24Z,46.0,46.0,33243715000124,DOUGLAS SOUZA DA SILVA,IPIOCA CONSTRUÇÕES,IPIOCA,MACEIO
CIMENTO,6935,CIMENTO NACIONAL CP-II-F-32 50 KG,,0,25232910,83000000,SC,2026-09-08T21:45:08Z,46.0,46.0,42524555000182,MARTA DE LIMA CARDOZO,TM CONSTRUCOES,OURO PRETO,MACEIO
CIMENTO,419,CIMENTO TODAS OBRAS POTY 50KG,,0,25232910,83000000,S50,2026-09-14T13:29:18Z,46.0,46.0,24479546000135,24.479.546 EVERTON TAVARES DA SILVA,,CIDADE UNIVERSITARIA,MACEIO
CIMENTO,6673,CIMENTO MONTES CLAROS CPII 50KG,,0,25232910,83000000,UN,2026-09-15T18:46:21Z,46.0,46.0,42524555000182,MARTA DE LIMA CARDOZO,TM CONSTRUCOES,OURO PRETO,MACEIO
CIMENTO,666,CIMENTO SACO OK,,0,25232910,83000000,UN,2026-09-16T15:41:44Z,46.0,46.0,43906461000130,AUROCON CONSTRUCAO LTDA,MIX  DA CONSTRUCAO,BARRO DURO,MACEIO
CIMENTO,0000162045006,CIMENTO ZUMBI 50 KG,,0,25232910,83000000,UN,2026-09-15T17:58:24Z,46.0,46.0,63741460000190,MLM LTDA,ML CONSTRUCOES,Clima Bom,MACEIO
CIMENTO,001934,CIMENTO ZUMBI 50 KG,,0,25221000,83000000,UN,2026-09-15T13:39:14Z,46.0,46.0,55206191000134,MIX MATERIAL DE CONSTRUCOES LTDA,,Cidade Universitária,MACEIO
CIMENTO,7450,CIMENTO ZEBU USO GERAL CPII F-32 50KG,CIMENTO CP II-F-32 ZEBU USO GERAL SACO 50KG,7898235831307,25232910,83000000,SAC,2026-09-15T20:48:38Z,46.0,46.0,49850828000128,CONSTRUCAR MATERIAL DE CONSTRUCAO LTDA,,Jacintinho,MACEIO
CIMENTO,0000162015969,CIMENTO TODAS OBRAS POTY 50KG CPIIF32,,0,25232910,83000000,UN,2026-09-11T11:22:27Z,46.0,46.0,63741460000190,MLM LTDA,ML CONSTRUCOES,Clima Bom,MACEIO
CIMENTO,5407,CIMENTO USO GERAL CPII F-32 50KG - ZEBU,,0,25232910,83000000,SC,2026-09-14T14:43:02Z,47.0,46.0,01420806000100,CENTROCON CENTRO DE CONSTRUCOES LTDA - EPP,CENTROTELHAS,BARRO DURO,MACEIO
CIMENTO,2878,CIMENTO ZUMBI 50 KG,,0,25232910,83000000,UN,2026-09-15T19:45:36Z,46.0,46.0,63741460000190,MLM LTDA,ML CONSTRUCOES,Clima Bom,MACEIO
CIMENTO,1166,CIMENTO CP II F 32 ENSACADO - EMC,,0,25232910,83000000,PC,2026-09-15T17:58:37Z,47.0,46.266,01217661000136,CASA FORTE MATERIAL DE CONSTRUÇÃO LTDA,CASA FORTE MATERIAL DE CONSTRUCAO,SERRARIA,MACEIO
CIMENTO,4157,CIMENTO ZEBU USO GERAL CPII F-32 50KG,,7898235831307,25232910,83000000,UN,2026-09-16T14:34:04Z,49.0,46.5,11920162000164,COM DE MATERIAIS DE CONSTRUCAO SANTOS LTDA,,JACINTINHO,MACEIO
CIMENTO,895,CIMENTO CP II F 32 ENSACADO 50KG - MOC,,0,25232910,83000000,PC,2026-09-15T13:26:54Z,47.0,46.542,01217661000136,CASA FORTE MATERIAL DE CONSTRUÇÃO LTDA,CASA FORTE MATERIAL DE CONSTRUCAO,SERRARIA,MACEIO
CIMENTO,001611,CIMENTO CPII - F - 32 - NBR 16697 - MONTES CLAROS,CIMENTO CP II F 32 MONTES CLAROS (ACPY) 50KG,7898908622027,25232910,83000000,PC,2026-09-15T19:13:38Z,47.0,46.58583333333333,23380502000190,V. L. DA SILVA COMERCIO. - ME,V. LINS MATERIAIS DE CONSTRUCAO.,SANTA LUCIA,MACEIO
CIMENTO,11837,CIMENTO CP II 32 ZUMBI SACO 50KG SC,CIMENTO CP II Z 32 50 KG ZUMBI SC,7898958850067,25232910,83000000,SC,2026-09-15T15:33:10Z,46.89,46.89,01493748000136,CONSTRUÇÕES IPANEMA LTDA,CONSTRUÇÕES IPANEMA,POCO,MACEIO
CIMENTO,11837,CIMENTO CP II 32 ZUMBI SACO 50KG SC,CIMENTO CP II Z 32 50 KG ZUMBI SC,7898958850067,25232910,83000000,SC,2026-09-16T12:56:00Z,46.89,46.89,01493748000306,CONSTRUÇÕES IPANEMA LTDA,CONSTRUCOES IPANEMA,CENTRO,MACEIO
CIMENTO,000484,CIMENTO ELIZABETH 50KG,,0,25232910,83000000,SC,2026-09-15T19:14:26Z,47.0,47.0,23380502000190,V. L. DA SILVA COMERCIO. - ME,V. LINS MATERIAIS DE CONSTRUCAO.,SANTA LUCIA,MACEIO
CIMENTO,5323,CIMENTO ZUMBI CPII 50KG,,0,25232910,83000000,UN,2026-09-16T15:09:51Z,47.0,47.0,35334579000103,J BERNARDO DA SILVA CONSTRUCOES,RIO NEGRO CONSTRUCOES,PETROPOLIS,MACEIO
CIMENTO,0000000001058,CIMENTO ZUMBI,,7890000010580,25232910,83000000,UN,2026-09-16T13:34:46Z,48.3,47.0,24483653000137,JOSE VALDIR BARROS DE OLIVEIRA - ME         EPP,NOME DE FANTASIA - NULA,PETROPOLIS,MACEIO
CIMENTO,457,CIMENTO ZUMBI SC 50KG,,0,25232910,83000000,UND,2026-09-14T13:44:45Z,47.0,47.0,09177795000263,LOJA DAS VARIEDADES COMERCIO DE FERRAMENTAS E FERRAGENS LTDA,LOJA DAS VARIEDADES,POCO,MACEIO
CIMENTO,0000670,CIMENTO POTY,,7890000006705,25232910,83000000,UN,2026-09-14T21:13:58Z,47.0,47.0,02882410000139,J.BARBOZA DE SIQUEIRA MATERIAIS DE CONSTRUC,,BENEDITO BENTES,MACEIO
CIMENTO,1154,CIMENTO ZEBU USO GERAL CPII F-32 50KG,CIMENTO CP II-F-32 ZEBU USO GERAL SACO 50KG,7898235831307,25232910,83000000,UN,2026-09-16T14:23:00Z,47.0,47.0,07848663000100,PROKASA LTDA,PROKASA,CIDADE UNIVERSITARIA,MACEIO
CIMENTO,752,CIMENTO ZUMBI CPII,,0,25232910,83000000,UN,2026-09-15T19:02:14Z,47.0,47.0,17218109000100,A ANDRADE MATERIAIS DE CONSTRUCOES LTDA,REFAZ CONSTRUCOES,PESCARIA,MACEIO
CIMENTO,7898265334854,CIMENTO TODAS AS OBRAS POTY 50KG,,0,25232910,83000000,UN,2026-09-16T20:21:15Z,47.77,47.77,01438784005590,LEROY MERLIN COMPANHIA BRASILEIRA DE BRICOLAGEM,,CRUZ DAS ALMAS,MACEIO
CIMENTO,11833,CIMENTO CP II 32 ZEBU SACO 50KG SC,CIMENTO CP II-F-32 ZEBU USO GERAL SACO 50KG,7898235831307,25232910,83000000,SC,2026-09-14T13:04:24Z,47.99,47.99,11914541000141,NETTER CASA E CONSTRUÇÃO LTDA ME,CONSTRUCOES IPANEMA,JACINTINHO,MACEIO
CIMENTO,002896,ARG CIMENTO 50KG - ZUM / POT,,0,32149000,83000000,SC,2026-09-08T17:47:14Z,48.0,48.0,37852263000139,L QUEIROZ DE ARAUJO,QUEIROZ CONSTRUCAO,TABULEIRO DO MARTINS,MACEIO
CIMENTO,984,CIMENTO ZEBU 50KG,,0,25232910,83000000,UN,2026-09-15T13:20:08Z,48.0,48.0,09309774000173,ELIANA GONCALVES BARROS - ME,BARROS CONSTRUCOES,T DOS MARTINS,MACEIO
CIMENTO,7898908622027,CIMENTO MONTES CLAROS CP II Z32 50KGS CAMPEAO,CIMENTO CP II F 32 MONTES CLAROS (ACPY) 50KG,7898908622027,25232910,83000000,SC.,2026-09-11T12:41:40Z,48.0,48.0,41187931000128,PACOM PATRIOTA COMERCIAL LTDA - EPP,,TABULEIRO DOS MARTINS,MACEIO
CIMENTO,1819,CIMENTO POTY 50kg TODAS OBRAS,CIMENTO POTY TODAS OBRAS 50KG CP II Z-32,7898265334854,25232910,83000000,UND,2026-09-15T13:13:25Z,48.0,48.0,18355133000146,CASA DA CONSTRUÇÃO LTDA,CASA DA CONSTRUCAO,JACINTINHO,MACEIO
CIMENTO,2996,CIMENTO SC 50KG CT,,0,39172300,83000000,UN,2026-09-11T20:13:03Z,48.0,48.0,26172162000109,DONA BELA CONSTRUÇÕES LTDA,DONA BELA,TABULEIRO DO MARTINS,MACEIO
CIMENTO,1044,CP II - POTY 50KG,CIMENTO POTY TODAS OBRAS 50KG CP II Z-32,7898265334854,25232910,83000000,SAC,2026-09-08T17:53:50Z,48.0,48.0,13001057000157,MACEIO PRE-MOLDADOS LTDA,MACEIO PRE-MOLDADOS,TABULEIRO DO MARTINS,MACEIO
CIMENTO,10141,CIMENTO 50 KG,,0,25232910,83000000,SC,2026-09-16T16:16:38Z,48.0,48.0,02045494000156,J. S. VIEIRA - ME,COMERCIAL VIEIRA,SERRARIA,MACEIO
CIMENTO,3726,CIMENTO CP IIF32 ZEBU,,0,25232910,83000000,UN,2026-09-11T10:15:55Z,49.0,48.46,04112582000159,BENTO PREMOLDADOS LTDA - ME,BENTO PREMOLDADOS,BARRO DURO,MACEIO
CIMENTO,386,CIMENTO TODAS OBRAS POTY 50KG,,0,25232910,83000000,KG,2026-09-15T10:40:02Z,48.95,48.95,14563410000155,WELLINGTON PESSOA FERREIRA EPP,FERREIRA CONSTRUCOES,FEITOSA,MACEIO
CIMENTO,628,CIMENTO PORTLAND CPII 50KG - ZUMBI,,0,69074000,83000000,UN,2026-09-16T14:51:11Z,52.0,49.0,50799419000123,J L B NUNES MATERIAL DE CONSTRUCAO,BB PISOS,BENEDITO BENTES,MACEIO
CIMENTO,475,CIMENTO - SC 50KG,,0,25232910,83000000,UN,2026-09-12T11:20:03Z,49.0,49.0,27449717000171,F P B DOS SANTOS COMERCIO E SERVIÇOS LTDA,FP PECAS E SERVICOS,SERRARIA,MACEIO
CIMENTO,3698,CIMENTO TODAS OBRAS POTY 50KG,CIMENTO POTY TODAS OBRAS 50KG CP II Z-32,7898265334854,25232910,83000000,S50,2026-09-15T17:42:17Z,49.0,49.0,37461181000163,S. DA. S. FERNANDES GARCIA CONSTRUCOES,CONSTRUÇÃO 4 IRMÃOS LOJA 2,CIDADE UNIVERSITARIA,MACEIO
CIMENTO,2228,CIMENTO POTY TODAS OBRAS 50KG - POTY,,0,25232910,83000000,UN,2026-09-16T11:51:58Z,50.0,49.38,28388381000147,JOSE DO NASCIMENTO EIRELI - ME,IMPERDEKA,JATIUCA,MACEIO
CIMENTO,15386,CIMENTO ZUMBI  50KG,,0,25232910,83000000,UN,2026-09-11T18:30:41Z,49.5,49.5,34519968000140,GALPAO DA CONSTRUCAO LTDA,GALPAO DA CONSTRUCAO,CIDADE UNIVERSITARIA,MACEIO
CIMENTO,000000000006054178,CIMENTO TODAS OBRAS POTY 50KG CPIIF-32,,0,25232910,83000000,UN,2026-09-15T17:20:01Z,49.5,49.5,17887377000107,AMORIM FREITAS CONSTRUÇÃO LTDA,VALMOR MATERIAL DE CONSTRUCAO,JACINTINHO,MACEIO
CIMENTO,2,CIMENTO CP II-F-32 NACIONAL 5,,0,25232910,83000000,UND,2026-09-10T11:44:52Z,52.2,49.6,12519617000105,MISTER CONSTRUCOES COMERCIO E SERVICOS GERAIS LTDA -  EPP,MISTER CONSTRUCOES E SERVICOS,LEVADA,MACEIO
CIMENTO,352808,CIMENTO CPII 50KG ZUMBI UN,CIMENTO CP II Z 32 50 KG ZUMBI SC,7898958850067,25232910,83000000,UN,2026-09-14T20:32:03Z,49.9,49.9,03555402000140,PARAGOMINAS HOME CENTER LTDA,PARAGOMINAS HOME CENTER,SANTOS DUMONT,MACEIO
CIMENTO,014469,CIMENTO 50KG POTY,CIMENTO POTY TODAS OBRAS 50KG CP II Z-32,7898265334854,25232910,83000000,UN,2026-09-16T14:28:40Z,50.0,50.0,35722180000108,G SILVA MATERIAL DE CONSTRUCOES LTDA,G SILVA MATERIAL DE CONSTRUÇÃO E FERRAGEM,JATIUCA,MACEIO
CIMENTO,99,CIMENTO POTY,,0,32081010,83000000,UN,2026-09-08T15:00:33Z,50.0,50.0,23603552000190,G N FERREIRA JUNIOR,SOL NASCENTE CONSTRUCOES,CIDADE UNIVERSITARIA,MACEIO
CIMENTO,0000002,CIMENTO TODAS OBRAS POTY 50KG,CIMENTO POTY TODAS OBRAS 50KG CP II Z-32,7898265334854,25232910,83000000,SC,2026-09-16T15:00:23Z,50.0,50.0,15028598000102,JEOVA BARBOSA DE SIQUEIRA,,BENEDITO BENTES,MACEIO
CIMENTO,2173,CIMENTO ZEBU USO GERAL CPII F-32 50KG,,0,25232910,83000000,UN,2026-09-15T13:21:08Z,50.0,50.0,28388381000147,JOSE DO NASCIMENTO EIRELI - ME,IMPERDEKA,JATIUCA,MACEIO
CIMENTO,10200,CIMENTO ZEBU USO GERAL CPII F-32 50KG,,0,25232910,83000000,SAC,2026-09-11T16:02:47Z,50.0,50.0,30076510000294,ANA PATRICIA DA SILVA,COMERCIAL ARTHUR,POCO,MACEIO
CIMENTO,21443,CIMENTO ZUMBI CP II Z 32 50 KG,CIMENTO CP II Z 32 50 KG ZUMBI SC,7898958850067,25232910,83000000,SC,2026-09-14T18:57:14Z,52.0,52.0,40181440000107,SANTOS & SANTOS COMERCIO DE MATERIAIS DE CONSTRUCAO LTDA,DONA NENE CONSTRUCOES,POCO,MACEIO
CIMENTO,0000000002247,CIMENTO POTY,,0,25232910,83000000,UN,2026-09-16T12:13:53Z,54.05,52.158,24483653000137,JOSE VALDIR BARROS DE OLIVEIRA - ME         EPP,NOME DE FANTASIA - NULA,PETROPOLIS,MACEIO
CIMENTO,60,CIMENTO ZUMBI 50 KG,,7898958850012,25232910,83000000,UNID,2026-09-14T20:41:30Z,60.0,60.0,24488603000142,M L DA SILVA DEPOSITO DE MATERIAL PARA CONSTRUCAO - ME,DEPOSITO ALVORADA,BENEDITO BENTES,MACEIO
CIMENTO,337392,CACHEPOT MART 16034-G CIMENTO - 31,,7908103760360,68109900,83000000,UN,2026-09-13T00:14:01Z,61.56,61.56,12303616000625,S. VIEIRA DA SILVA LTDA,CASA VIEIRA,CIDADE UNIVERSITARIA,MACEIO
CIMENTO,6499,VASO CIMENTO CAIXA GREGA (LT) P,,0,68109900,83000000,UN,2026-09-16T14:15:44Z,65.0,62.05,37007999000100,LEONILDO PEREIRA DE FARIAS,LOJA DE PLANTAS FLOR DE LIS ALAGOAS,SANTOS DUMONT,MACEIO
CIMENTO,100,CIMENTO POTY 50KG,,7898265332034,25232910,83000000,UNID,2026-09-15T20:48:37Z,70.0,70.0,24488603000142,M L DA SILVA DEPOSITO DE MATERIAL PARA CONSTRUCAO - ME,DEPOSITO ALVORADA,BENEDITO BENTES,MACEIO
CIMENTO,346062,"CUMEEIRA UNIV 110MM S/AM ETERNIT(7,1KG) UN","CUMEEIRA TELHA FIBROCIMENTO UNIVERSAL 1,10 TOD CRFS - ETERNIT",7898440383509,68118200,83000000,UN,2026-09-15T15:16:40Z,84.9,79.9,03555402000140,PARAGOMINAS HOME CENTER LTDA,PARAGOMINAS HOME CENTER,SANTOS DUMONT,MACEIO
CIMENTO,7908086803047,CIMENTO BCO ESPECIAL 20KG REJUNTAMIX         De8819 Por8290,,0,38245000,83000000,UN,2026-09-13T20:19:50Z,88.19,82.9,01438784005590,LEROY MERLIN COMPANHIA BRASILEIRA DE BRICOLAGEM,,CRUZ DAS ALMAS,MACEIO
CIMENTO,04129,EF DEC CIMENTO QUEIMADO 5KG MIRATEX MIRACOR,,9999900073577,32091010,83000000,GL,2026-09-10T20:04:06Z,84.9,84.9,09326760000753,CASA DAS TINTAS LTDA,CASA DAS TINTAS,PONTA VERDE,MACEIO
CIMENTO,04129,EF DEC CIMENTO QUEIMADO 5KG MIRATEX MIRACOR,,9999900073577,32091010,83000000,GL,2026-09-15T15:02:52Z,84.9,84.9,09326760000168,CASA DAS TINTAS LTDA,CASA DAS TINTAS,POCO,MACEIO
CIMENTO,209844,"MAZA CIMENTO QUEIMADO 5,6KG",,7899228232392,32081010,83000000,UND,2026-09-11T21:10:41Z,106.0,90.0,11749321000100,M M DA S SANTOS - EPP,UNIVERSO TINTAS,CLIMA BOM,MACEIO
CIMENTO,09702,CIMENTO QUEIMADO PAREDE INT/EXT COR CINZA CRONOS 5KG   HYDRONORTH,,7896257579344,32141020,83000000,GL,2026-09-10T15:32:02Z,115.0,103.0,12270435001026,L. JARDIM & CIA LTDA,Casas Jardim,FAROL,MACEIO
CIMENTO,09702,CIMENTO QUEIMADO PAREDE INT/EXT COR CINZA CRONOS 5KG   HYDRONORTH,,7896257579344,32141020,83000000,GL,2026-09-14T12:55:07Z,115.0,103.5,12270435000640,L. JARDIM & CIA LTDA,Casas Jardim,JATIUCA,MACEIO
CIMENTO,09703,CIMENTO QUEIMADO PAREDE INT/EXT COR GAROA DE INVERNO 5KG   HYDRONORTH,,7896257579313,32141020,83000000,GL,2026-09-11T14:07:26Z,103.5,103.5,12270435000640,L. JARDIM & CIA LTDA,Casas Jardim,JATIUCA,MACEIO
CIMENTO,09703,CIMENTO QUEIMADO PAREDE INT/EXT COR GAROA DE INVERNO 5KG   HYDRONORTH,,7896257579313,32141020,83000000,GL,2026-09-14T12:34:28Z,103.5,103.5,12270435000992,L. JARDIM & CIA LTDA,Casas Jardim,TABULEIRO DO MARTINS,MACEIO
CIMENTO,09702,CIMENTO QUEIMADO PAREDE INT/EXT COR CINZA CRONOS 5KG   HYDRONORTH,,7896257579344,32141020,83000000,GL,2026-09-15T14:25:57Z,103.5,103.5,12270435000720,L. JARDIM & CIA LTDA,CASA JARDIM,BARRO DURO,MACEIO
CIMENTO,09701,CIMENTO QUEIMADO PAREDE INT/EXT COR FLORESTA NEGRA 5KG   HYDRONORTH,,7896257579337,32141020,83000000,GL,2026-09-15T20:01:25Z,103.5,103.5,12270435000720,L. JARDIM & CIA LTDA,CASA JARDIM,BARRO DURO,MACEIO
CIMENTO,0000000002602,JARDINEIRA LISA 1MT X 39 CIMENTO,,0,68118900,83000000,UNID,2026-09-16T15:27:41Z,110.0,104.5,03000934000111,T D COMERCIO DE PLANTAS E FLORES NATURAIS LTDA,,SERRARIA,MACEIO
CIMENTO,03951,EF DEC CIMENTO QUEIMADO MADEIRA ESFUMACADA 5KG MIRATEX MIRACOR,,9999900085792,32091010,83000000,GL,2026-09-11T12:10:44Z,104.83,104.83,09326760000753,CASA DAS TINTAS LTDA,CASA DAS TINTAS,PONTA VERDE,MACEIO
CIMENTO,347989,"IQUINE TEXT DECOR MARM 4,4KG C. QUEIMADO UN","TEXTURA CIMENTO QUEIMADO 4,4KG CIM MARMORE IQUINE",7892948041701,32091010,83000000,LA,2026-09-08T20:34:44Z,125.9,125.9,03555402000140,PARAGOMINAS HOME CENTER LTDA,PARAGOMINAS HOME CENTER,SANTOS DUMONT,MACEIO
CIMENTO,7892948041701,"TEXTURA CIMENTO QUEIMADO 4,4KG CIM MARMORE IQUINE",,0,32091010,83000000,GL,2026-09-09T18:57:35Z,133.9,129.74,03656804000131,CARAJAS MATERIAL DE CONSTRUCAO LTDA,CARAJAS CONSTRUCAO,TABULEIRO DOS MARTINS,MACEIO
CIMENTO,369345,IQUINE CIMENTO QUEIMADO 5KG BASE P/M UN,,7892948056415,32091010,83000000,LA,2026-09-14T15:33:21Z,145.495,145.495,03555402000140,PARAGOMINAS HOME CENTER LTDA,PARAGOMINAS HOME CENTER,SANTOS DUMONT,MACEIO
CIMENTO,010550,"TEXTURA ACRILICA RUSTICA CIMENTO QUEIMADO 3,6L -MIRACOR",,0,32089010,83000000,UN,2026-09-12T22:58:29Z,149.9,149.9,12024911000138,I. SILVA SANTOS CONSTRUCOES,VAL CONSTRUCOES,CIDADE UNIVERSITARIA,MACEIO
CIMENTO,7908366200047,MANTA LIQ ELASTM CIMENTO ELASTICO CZ 4KG DRYLEVIS,,0,32141020,83000000,UN,2026-09-11T15:30:23Z,169.9,157.67,03656804000131,CARAJAS MATERIAL DE CONSTRUCAO LTDA,CARAJAS CONSTRUCAO,TABULEIRO DOS MARTINS,MACEIO
CIMENTO,369346,IQUINE CIMENTO QUEIMADO 5KG CZ ESCURO UN,,7892948056378,32091010,83000000,LA,2026-09-15T14:48:35Z,182.9,182.9,03555402000655,PARAGOMINAS HOME CENTER LTDA,PARAGOMINAS ANTARES,ANTARES,MACEIO
CIMENTO,369347,IQUINE CIMENTO QUEIMADO 5KG CZ CLARO UN,,7892948056392,32091010,83000000,LA,2026-09-11T17:40:19Z,187.095,187.095,03555402000655,PARAGOMINAS HOME CENTER LTDA,PARAGOMINAS ANTARES,ANTARES,MACEIO
CIMENTO,08535,ONDA DA PRAIA 20YY 58/082 DECORA EFEITO CIMENTO QUEIMADO CIMENTO GL 5176,GOLFINHO DE NORONHA 28GG 22/002 DECORA EFEITO CIMENTO QUEIMADO CIMENTO GL ON.00.45,7891019915798,32091010,83000000,GL,2026-09-09T16:45:52Z,214.1693,193.0,12270435000801,L. JARDIM & CIA LTDA,Casas Jardim,PAJUCARA,MACEIO
CIMENTO,000053,CONE CIMENTO 50x50CM,,0,69139000,83000000,UND,2026-09-09T20:30:13Z,196.0,196.0,59986045000120,KUBO GREEN FLORICULTURA LTDA,KUBO GREEN FLORICULTURA,JATIUCA,MACEIO
CIMENTO,00164,CIMENTO QUEIMADO RUSTICO BRANCO 5KG,,7898707630483,32141020,83000000,BA,2026-09-14T18:17:23Z,219.99,197.99,53512628000132,F3 COMERCIO DE TINTAS LTDA,,Pajuçara,MACEIO
CIMENTO,7891019915798,TINTA ACR CIMENTO QUEIMADO BASE DECORA 3L CORAL,,0,32091010,83000000,UN,2026-09-14T13:49:20Z,209.9,209.9,03656804000131,CARAJAS MATERIAL DE CONSTRUCAO LTDA,CARAJAS CONSTRUCAO,TABULEIRO DOS MARTINS,MACEIO
CIMENTO,940937,"TINTA BASE ACR 4,1KG DECORA EF CIME CORA GL0001GL - MADEIRA ACINZENTADA",GOLFINHO DE NORONHA 28GG 22/002 DECORA EFEITO CIMENTO QUEIMADO CIMENTO GL ON.00.45,7891019915798,32091010,83000000,GL,2026-09-16T12:32:57Z,224.99,224.99,00279531000670,TUPAN CONSTRUCOES LTDA,,JARDIM PETROPOLIS,MACEIO
CIMENTO,7891019921973,DECORA CIMENTO QUE CULTURA GREGA 48KG,,0,32091010,83000000,UN,2026-09-08T13:55:20Z,233.94,233.94,01438784005590,LEROY MERLIN COMPANHIA BRASILEIRA DE BRICOLAGEM,,CRUZ DAS ALMAS,MACEIO
CIMENTO,7891019921997,DECORA CIMENTO QUE TUBARAO BCO 48KG,,0,32091010,83000000,UN,2026-09-14T13:21:34Z,233.94,233.94,01438784005590,LEROY MERLIN COMPANHIA BRASILEIRA DE BRICOLAGEM,,CRUZ DAS ALMAS,MACEIO
CIMENTO,7899173406299,"TEXTURA CIMENTO QUEIMADO 4,2KG ELEGANCE IBRATIN",,0,32091010,83000000,GL,2026-09-09T17:03:58Z,235.9,235.9,03656804002428,CARAJAS MATERIAL DE CONSTRUCAO LTDA,CARAJAS CONSTRUCAO,MANGABEIRAS,MACEIO
CIMENTO,7899173406329,"TEXTURA CIMENTO QUEIMADO 4,2KG CREMA ELEGA IBRATIN",,0,32091010,83000000,GL,2026-09-15T18:22:39Z,235.9,235.9,03656804002428,CARAJAS MATERIAL DE CONSTRUCAO LTDA,CARAJAS CONSTRUCAO,MANGABEIRAS,MACEIO
CIMENTO,7891260475584,Efeito Cimento Queim Dia Chuva 5kg Suv,,0,32141020,83000000,UN,2026-09-11T23:02:22Z,260.53,260.53,01438784005590,LEROY MERLIN COMPANHIA BRASILEIRA DE BRICOLAGEM,,CRUZ DAS ALMAS,MACEIO
CIMENTO,10627,"CIMENTO QUEIMADO PISO, AZULEJO E BOX (3 EM 1)  23KG   MAZA",,7899228238363,32091010,83000000,LA,2026-09-09T11:25:45Z,383.0,340.56,12270435000640,L. JARDIM & CIA LTDA,Casas Jardim,JATIUCA,MACEIO
CIMENTO,7908366200054,ELASTMENT CIMENTO ELASTICO 20 KG             De85628 Por80490,,0,32141020,83000000,UN,2026-09-09T17:53:48Z,856.28,804.9,01438784005590,LEROY MERLIN COMPANHIA BRASILEIRA DE BRICOLAGEM,,CRUZ DAS ALMAS,MACEIO
AREIA,14860,LIXA DE AREIA REDONDA 115MM X40 C10 UN,,7898595335699,68053090,83000000,UN,2026-09-10T20:03:18Z,1.0,1.0,01876673000172,B.A. LUNA - ME,LUNA CONSTRUCOES,CLIMA BOM,MACEIO
AREIA,14861,LIXA DE AREIA REDONDA 115MM X 60,,7898595335705,68053090,83000000,UN,2026-09-08T20:21:46Z,1.0,1.0,01876673000172,B.A. LUNA - ME,LUNA CONSTRUCOES,CLIMA BOM,MACEIO
AREIA,22846,"FITA MATT SOFT AREIA NORONHA 0,45mm x H22 20mts",,0,39162000,83000000,ML,2026-09-08T19:40:56Z,2.61,2.349,28726763000133,MADEIRAS DO BRASIL BARRO DURO LTDA.,MADEIRAS DO BRASIL,BARRO DURO,MACEIO
AREIA,57194,AREIA 450G - TERRA BRASIL,AREIA DECORATIVA COLORS 400GR,7893015040146,25051000,83000000,PC,2026-09-15T15:09:33Z,2.6,2.6,06091451000168,PAPELER ARTIGOS DE ARMARINHO LTDA,PAPELER,TABULEIRO DO MARTINS,MACEIO
AREIA,22846,"FITA MATT SOFT AREIA NORONHA 0,45mm x H22 20mts",,0,39162000,83000000,ML,2026-09-14T14:42:59Z,2.61,2.6,10925899000107,MADEIRAS DO BRASIL LTDA,,JARAGUA,MACEIO
AREIA,99743,AREIA 450G,AREIA DECORATIVA COLORS 400GR,7893015040146,25051000,83000000,UN,2026-09-15T20:20:49Z,2.89,2.89,01888146000188,COMERCIAL DE EMBALAGENS DESCARTAVEIS E FESTAS LTDA - EPP,FELICIA,JATIUCA,MACEIO
AREIA,99743,AREIA 450G - 1X450G,AREIA DECORATIVA COLORS 400GR,7893015040146,25051000,83000000,UN,2026-09-16T14:43:39Z,2.89,2.89,49511063000282,LOJAS FELICIA LTDA,LOJAS FELICIA,JACINTINHO,MACEIO
AREIA,99743,AREIA 450G - 1X450G,AREIA DECORATIVA COLORS 400GR,7893015040146,25051000,83000000,UN,2026-09-15T16:42:10Z,2.89,2.89,49511063000100,LOJAS FELICIA LTDA,LOJAS FELICIA,Centro,MACEIO
AREIA,99743,AREIA 450G - 1X450G,AREIA DECORATIVA COLORS 400GR,7893015040146,25051000,83000000,UN,2026-09-16T21:28:42Z,2.89,2.89,01888146000420,COMERCIAL DE EMBALAGENS DESCARTAVEIS E FESTAS LTDA - EPP,FELICIA,ANTARES,MACEIO
AREIA,000944,CANTONINHO - AREIA PARA PASSAROS - FD 6GR X 450G,CANTONINHO - AREIA PARA PASSAROS - FD 6GR X 450G,7898949797906,25059000,83000000,UN,2026-09-13T11:30:37Z,4.0,4.0,22373794000171,CASA DO TEMPERO LTDA,CASA DO TEMPERO,LEVADA,MACEIO
AREIA,15106,AREIA 11 CORES - 450g,AREIA DECORATIVA COLORS 400GR,7893015040146,25059000,83000000,UND,2026-09-16T14:03:35Z,4.5,4.5,08462697000124,JORGE VICENTE DE ARAUJO -  ME,MUNDO DO REAL,JACINTINHO,MACEIO
AREIA,038900,AREIA 11 CORES - 900G,,0,25051000,83000000,UND,2026-09-13T12:45:56Z,5.0,5.0,28592462000164,ARMARINHO MUNDO DO REAL LTDA - ME,MUNDO DO REAL,TABULEIRO DO MARTINS,MACEIO
AREIA,1861,CANTONINHO AREIA P,,7898949797906,25059000,83000000,UNID,2026-09-12T20:15:54Z,5.0,5.0,20106679000105,M F LINS COMERCIO E PET SHOP ME,CLARA RACOES LIS E PET SHOP,IPIOCA,MACEIO
AREIA,30002116,AREIA DE DUNA,,0,25051000,83000000,KG,2026-09-15T22:39:03Z,5.0,5.0,21732341000121,JOAO CARLOS V DA SILVA,,CLIMA BOM,MACEIO
AREIA,1690035,Areia Hig Cat Pee Pr,,798203577268,25081000,83000000,UN,2026-09-16T23:57:23Z,5.7,5.7,08618647000193,SUPERMERCADOS CESTA DE ALIMENTOS LTDA,CESTA DE ALIMENTOS,TABULEIRO DO MARTINS,MACEIO
AREIA,16012,AREIA HIG CLEAR CATS ORIG 4KG,,0,25081000,83000000,UN,2026-09-15T15:58:19Z,6.0,5.85,60570176000100,BICHOS PET SHOP MACEIO LTDA,,BENEDITO BENTES,MACEIO
AREIA,1000910,AREIA HIGIENICA PREMIUM PET LEGAL PC.4KG,,798203577268,25081000,83000000,UN,2026-09-16T20:25:52Z,5.9,5.9,27579981000120,JPT COMERCIO DE ALIMENTOS LTDA - EPP,MERCADINHO JPT,PONTA GROSSA,MACEIO
AREIA,75253,AREIA CLEAR TRAD.,,0,25081000,83000000,UND,2026-09-16T14:22:32Z,5.99,5.99,44361714000109,V DO NASCIMENTO SILVA,SUPER COMPRAS ALEGRIA,BENEDITO BENTES,MACEIO
AREIA,122674,AREIA HIG CAT PEE PREMIUM 4KG,,798203577268,25081000,83000000,UN0005,2026-09-14T12:23:00Z,5.99,5.99,10840716001203,BARROS COMERCIO LTDA,SUPERMERCADO SÃO DOMINGOS,CIDADE UNIVERSITARIA,MACEIO
AREIA,7893015040108,AREIA 11 CORES - 800g,AREIA 11 CORES - 800G,7893015040108,25051000,83000000,UND,2026-09-15T13:50:11Z,5.99,5.99,61341235000131,ADRIANA FERNANDEZ R DE LIRA COM VAREJISTA,COMERCIAL FERNANDEZ,MANGABEIRAS,MACEIO
AREIA,122674,AREIA HIG CAT PEE PREMIUM 4KG,,798203577268,25081000,83000000,UN0005,2026-09-09T19:25:00Z,5.99,5.99,10840716001203,BARROS COMERCIO LTDA,SUPERMERCADO SÃO DOMINGOS,CIDADE UNIVERSITARIA,MACEIO
AREIA,AR014439,AREIA HIG.GRAO VERDE,,7897443410311,25081000,83000000,UND9,2026-09-12T19:06:54Z,5.99,5.99,93209765036499,WMS SUPERMERCADOS DO BRASIL LTDA.,,MANGABEIRAS,MACEIO
AREIA,7893015040108,AREIA 11 CORES - 800g,AREIA 11 CORES - 800G,7893015040108,25051000,83000000,UND,2026-09-09T20:02:15Z,5.99,5.99,40247057000104,JN COMERCIO DE VARIEDADES LTDA,JN COMERCIO,CENTRO,MACEIO
AREIA,62,AREIA SANITARIA MISTER PET,,0,25081000,83000000,UN,2026-09-15T20:48:18Z,6.0,6.0,32575994000160,J D SANTOS SILVA,J S RACOES E PASSAROS,PONTA GROSSA,MACEIO
AREIA,901805,AREIA HIGIENICA CLEAR CATS TRADICIONAL FARDO 4KG (VERDE),,0,25081000,83000000,UN,2026-09-13T15:06:46Z,6.0,6.0,01515373000168,CICERO PEDRO DOS SANTOS RACOES - ME,CICERO RACOES,TAB. DOS MARTINS,MACEIO
AREIA,78989101245,AREIA M & S 4  KG,AREIA HIGIENICA M S CAT 4KG AREIA HIGIEN,7898924311745,25084090,83000000,UN,2026-09-14T21:58:45Z,6.0,6.0,01515373000168,CICERO PEDRO DOS SANTOS RACOES - ME,CICERO RACOES,TAB. DOS MARTINS,MACEIO
AREIA,1292,AREIA HIGIENICA CLEAR CATS TRADICIONAL FARDO 5 X 4,,0,25081000,83000000,UN,2026-09-14T20:26:12Z,6.0,6.0,31078632000100,C ALVES DE LIMA,CASA DA RACAO FEITOSA,FEITOSA,MACEIO
AREIA,000383,AREIA SANITARIA BEMICAT TRADICIONAL 5X4 KG AMARELA,,618341224896,25081000,83000000,FARDO,2026-09-14T17:48:18Z,6.0,6.0,61908319000104,M D DE A M MELO,MACEIO RAÇÕES,Farol,MACEIO
AREIA,1190,AREIA CLEAR CATS,,7898963929079,25081000,83000000,UN,2026-09-15T22:12:36Z,6.0,6.0,13432517000100,L DE SOUZA ALVES,AGROVAN PET,VERGEL DO LAGO,MACEIO
AREIA,8868022,AREIA CAT PEE PREMIUM,,0,25081000,83000000,UNID,2026-09-13T19:45:56Z,6.0,6.0,16726541000131,EDENILDA DE JESUS DOS SANTOS MELO,MERCADINHO NORDESTINO,TRAPICHE DA BARRA,MACEIO
AREIA,3673,AREIA HIGIA NICA 4 KG AREIA HIGIA NICA 4 KG,,0,25081000,83000000,FD,2026-09-10T12:10:26Z,6.0,6.0,30639805000140,EDJANE T. DA SILVA,PETS'FRIENDS,FEITOSA,MACEIO
AREIA,0000000009557,AREIA SANITARIA P GATOS 4KG CLASSIC,,618341224896,25081000,83000000,UN,2026-09-14T20:40:51Z,6.0,6.0,06789642000106,ELIAS BATISTA DA SILVA MERCEARIA - ME,ELIAS BATISTA DA SILVA MERCEARIA ME,ANTARES,MACEIO
AREIA,7898041104398,AREIA HIGIENICA MISTER PET,AREIA HIGIE MISTER PET GRANULADO 4KG,7898041104398,25059000,83000000,UN,2026-09-16T21:47:41Z,6.0,6.0,47069045000186,R A N DA SILVA  LTDA,MERCEARIA SANTA LUCIA,Ponta Grossa,MACEIO
AREIA,100573,AREIA HIGIENICA 4KG CLEAR CATS,,7898963929079,25081000,83000000,UND,2026-09-15T16:16:58Z,6.0,6.0,33207369000129,ERIK DOUGLAS FERREIRA DA SILVA,LIDER RACOES,BENEDITO BENTES,MACEIO
AREIA,644609,Areia Solegato 4kg,,602883379114,25081000,83000000,UN,2026-09-11T19:54:45Z,6.29,6.29,08618647000193,SUPERMERCADOS CESTA DE ALIMENTOS LTDA,CESTA DE ALIMENTOS,TABULEIRO DO MARTINS,MACEIO
AREIA,1690035,Areia Hig Cat Pee Pr,,798203577268,25081000,83000000,UN,2026-09-17T00:55:13Z,6.29,6.29,08618647000355,SUPERMERCADOS CESTA DE ALIMENTOS LTDA,CESTA DE ALIMENTOS,JACINTINHO,MACEIO
AREIA,30592,AREIA HIG. P/ GATOS CAT PEE PREMIUM 4KG,,798203577268,25059000,83000000,UN,2026-09-10T15:56:51Z,6.29,6.29,44697086000129,M4 COMERCIO DE ALIMENTOS LTDA,MEGAMARX SUPERMERCADO E PANIFICACAO,PRADO,MACEIO
AREIA,2754,AREIA DE GATO CAT PEE PREMIUM 4 KG,,798203577268,25059000,83000000,UN0001,2026-09-16T20:34:00Z,6.29,6.29,37919357000188,SUPERMERCADO VIA NORTE LTDA,SUPERMERCADO VIA NORTE,BENEDITO BENTES,MACEIO
AREIA,1001654,AREIA HIGIENICA CAT PEE 4KG,,798203577268,25059000,83000000,UN,2026-09-16T20:49:29Z,6.39,6.39,22506147000190,M & M COMÉRCIO DE ALIMENTOS LTDA - - EPP,MEGAMARX SUPERMERCADO E PANIFICACAO,LEVADA,MACEIO
AREIA,1001654,AREIA HIGIENICA CAT PEE 4KG,,798203577268,25059000,83000000,UN,2026-09-14T22:25:32Z,6.39,6.39,22506147000190,M & M COMÉRCIO DE ALIMENTOS LTDA - - EPP,MEGAMARX SUPERMERCADO E PANIFICACAO,LEVADA,MACEIO
AREIA,798203577268,AREIA DE GATO CAT PEE 4KG,,798203577268,25081000,83000000,UN,2026-09-16T20:27:40Z,6.39,6.39,48070469000123,ARMAZEM MARTINS B BENTES LTDA,ARMAZEM MARTINS,BENEDITO BENTES,MACEIO
AREIA,7893979132185,AREIA SACO BRANCO 1KG FLORARTE REF 48633,,0,68021000,83000000,UN,2026-09-16T14:55:43Z,6.4,6.4,02488201000296,M A P TENORIO COMERCIO LTDA,FOLIA,CENTRO,MACEIO
AREIA,101074,AREIA HIGIENICA AMARELA 4KG,,0,25081000,83000000,UN,2026-09-10T22:03:35Z,6.49,6.49,40094143000124,COSTA E MELO COMERCIO LTDA,,TRAPICHE DA BARRA,MACEIO
AREIA,100863,AREIA PRATICAT GRAOS MEDIOS 4KG,AREIA DE GATO PRATICAT 4KG SANITARIA,7898274860016,25059000,83000000,UN,2026-09-16T20:34:53Z,6.49,6.49,57133451000114,SUPERMERCADO TODO DIA LTDA,SUPERMERCADO TODO DIA,Cidade Universitária,MACEIO
AREIA,122674,AREIA HIG CAT PEE PREMIUM 4KG,,798203577268,25081000,83000000,UN0001,2026-09-16T21:11:00Z,6.49,6.49,10840716000746,BARROS COMERCIO LTDA,SUPERMERCADO SAO DOMINGOS,CIDADE UNIVERSITARIA,MACEIO
AREIA,122674,AREIA HIG CAT PEE PREMIUM 4KG,,798203577268,25081000,83000000,UN0001,2026-09-16T20:40:00Z,6.49,6.49,10840716000908,BARROS COMERCIO LTDA,SUPERMERCADO SAO DOMINGOS,CIDADE UNIVERSITARIA,MACEIO
AREIA,4514,AREIA HIGIENICA CAT PEE PREMIUM 4KG,,0,25081000,83000000,UN,2026-09-12T18:44:25Z,6.5,6.5,58531452000180,MERCADO BOA ESCOLHA LTDA,,TABULEIRO DO MARTINS,MACEIO
AREIA,478,AREIA HIG. CLEAR CATS ORIG. 4KG (VERDE),,7898963929079,25081000,83000000,UN,2026-09-15T20:54:37Z,6.5,6.5,14761876000246,BICHOS & SITIOS LTDA,,ANTARES,MACEIO
AREIA,0000000005176,AREIA PARA GATO PIPC,,798203577268,25059000,83000000,UN,2026-09-09T21:59:39Z,6.5,6.5,16832303000100,ANTONIO BATISTA DA SILVA,MERCEARIA SANTO ANTONIO,CIDADE UNIVERSITARIA,MACEIO
AREIA,7670,AREIA HIGIENICA CAT PEE PREMIUM 4KG,,0,25059000,83000000,Pc,2026-09-16T12:22:22Z,6.5,6.5,70001300000170,AMARO JOSE DA SILVA - ME,MERCADINHO DO MARO,TAB DOS MARTINS,MACEIO
AREIA,4896,AREIA HIG. CLEAR CATS ORIG. 4KG,,7898963929079,25081000,83000000,SC,2026-09-15T11:58:58Z,6.5,6.5,14761876000165,BICHOS & SITIOS LTDA,BICHOS E SITIOS,BENEDITO BENTES,MACEIO
AREIA,4895,AREIA HIG. BIGCAT FINA CLASSIC. 4KG,,70341833551,25081000,83000000,SC,2026-09-12T21:09:06Z,7.0,6.72,14761876000165,BICHOS & SITIOS LTDA,BICHOS E SITIOS,BENEDITO BENTES,MACEIO
AREIA,122674,AREIA HIG CAT PEE PREMIUM 4KG,,798203577268,25081000,83000000,UN0001,2026-09-16T12:11:00Z,6.79,6.79,10840716000231,BARROS COMERCIO LTDA,SUPERMERCADO SAO DOMINGOS,BENEDITO BENTES,MACEIO
AREIA,122674,AREIA HIG CAT PEE PREMIUM 4KG,,798203577268,25081000,83000000,UN0001,2026-09-16T16:58:00Z,6.79,6.79,10840716000150,BARROS COMERCIO LTDA,SUPERMERCADO SÃO DOMINGOS,PETROPOLIS,MACEIO
AREIA,0000000013817,AREIA SANIT CAT PEE,,798203577268,25081000,83000000,UNID,2026-09-16T15:11:26Z,6.84,6.84,49671467000152,MERCADINHO AURORA LTDA,MERCADINHO AURORA,Poço,MACEIO
AREIA,94037,AREIA HIG GATO CHEIROSO P GATOS 4KG NE,,602883379114,25059000,83000000,UN0001,2026-09-15T23:15:00Z,6.88,6.88,10840716000231,BARROS COMERCIO LTDA,SUPERMERCADO SAO DOMINGOS,BENEDITO BENTES,MACEIO
AREIA,122674,AREIA HIG CAT PEE PREMIUM 4KG,,798203577268,25081000,83000000,UN0005,2026-09-13T13:03:00Z,6.89,6.89,10840716001122,BARROS COMERCIO LTDA,SUPERMERCADO SÃO DOMINGOS,SANTA LUCIA,MACEIO
AREIA,122674,AREIA HIG CAT PEE PREMIUM 4KG,,798203577268,25081000,83000000,UN0005,2026-09-09T18:59:00Z,6.89,6.89,10840716001122,BARROS COMERCIO LTDA,SUPERMERCADO SÃO DOMINGOS,SANTA LUCIA,MACEIO
AREIA,9193,AREIA CLEAR CATS GRANULADA VE,,7898963929079,25059000,83000000,UN,2026-09-15T20:47:50Z,7.0,6.95,03507618000130,N S RACOES LTDA,,LEVADA,MACEIO
AREIA,25368,AREIA HIG GATO CLASSIC AFETO CAT4kg,,606529787479,25081000,83000000,UN,2026-09-15T23:55:06Z,6.98,6.98,20300157007152,NOVO ATACADO COMERCIO DE ALIMENTOS SA,MIX MATEUS,TABULEIRO DO MARTINS,MACEIO
AREIA,25368,AREIA HIG GATO CLASSIC AFETO CAT4kg,,606529787479,25081000,83000000,UN,2026-09-16T13:18:41Z,6.98,6.98,20300157007403,NOVO ATACADO COMERCIO DE ALIMENTOS SA,MIX MATEUS,PRADO,MACEIO
AREIA,28642,AREIA DE GATO CAT PEE PREMIUM,,798203577268,25081000,83000000,UND,2026-09-16T18:55:04Z,6.99,6.99,69997286000128,J M DOS SANTOS MERCADINHO - EPP,,TAB DO MARTINS,MACEIO
AREIA,131991,AREIA SANIT GATINHO CHEIROSO 4K,,0,25081000,83000000,UN,2026-09-16T15:17:24Z,6.99,6.99,10679721000204,LEITE & PARANHOS LTDA,PRECO BOM,SANTOS DUMONT,MACEIO
AREIA,016885,AREIA GATINHO CHEIROSO,,0,25081000,83000000,UND,2026-09-13T14:21:08Z,6.99,6.99,44361714000109,V DO NASCIMENTO SILVA,SUPER COMPRAS ALEGRIA,BENEDITO BENTES,MACEIO
AREIA,5359,AREIA GATINHO CHEIROSO 4KG,,0,25081000,83000000,PC,2026-09-16T13:33:58Z,6.99,6.99,44606181000170,ATACADINHO CANAA.COM LTDA,ATACADINHO CANAA.COM,CANAA,MACEIO
AREIA,64064,AREIA HIGIENICA CAT PEE PREMIUM 4KG,,0,25059000,83000000,UN,2026-09-16T15:18:49Z,7.99,6.99,20068306000278,DISTRIBUIDORA DE ALIMENTOS MIX BOM LTDA - EPP,SUPERMERCADO MIX BOM,FEITOSA,MACEIO
AREIA,131991,AREIA SANIT GATINHO CHEIROSO 4K,,0,25081000,83000000,UN,2026-09-16T20:03:45Z,6.99,6.99,44904249000105,SUPERMERCADO PRECO BOM LTDA,SUPERMERCADO PRECO BOM,CLIMA BOM,MACEIO
AREIA,64064,AREIA HIGIENICA CAT PEE PREMIUM 4KG,,0,25059000,83000000,UN,2026-09-16T21:03:23Z,7.99,6.99,03321599000153,SUPER GIRO DISTRIBUIDOR DE ALIMENTOS LTDA,,PRADO,MACEIO
AREIA,22909,AREIA HIG CAT PEE PREMIUM 4KG,,798203577268,25081000,83000000,UNI,2026-09-15T13:14:07Z,6.99,6.99,29641392000150,RW COMERCIO DE ALIMENTOS LTDA,SUPERMERCADINHO POPULAR,JACINTINHO,MACEIO
AREIA,22909,AREIA HIG CAT PEE PREMIUM 4KG,,0,25081000,83000000,UNI,2026-09-16T12:41:33Z,6.99,6.99,29641392000150,RW COMERCIO DE ALIMENTOS LTDA,SUPERMERCADINHO POPULAR,JACINTINHO,MACEIO
AREIA,022909,AREIA HIG CAT PEE PREMIUM 4KG,,798203577268,25081000,83000000,UNI,2026-09-16T21:39:31Z,6.99,6.99,29641392000150,RW COMERCIO DE ALIMENTOS LTDA,SUPERMERCADINHO POPULAR,JACINTINHO,MACEIO
AREIA,21304,AREIA HIGIENICA CAT PEE 4KG,,798203577268,25059000,83000000,UN0001,2026-09-16T16:07:00Z,6.99,6.99,36526824000147,SILVA E CRUZ LTDA,SUPERMERCADO EXTRA MIX,TABULEIRO DO MARTINS,MACEIO
AREIA,29544,AREIA HIGIENICA CAT PEE PREMIUM 5X4KG R.726 DBM,,0,25081000,83000000,UN,2026-09-13T19:22:15Z,6.99,6.99,12940242000144,J. E. OLIVEIRA BARROS,,TRAPICHE DA BARRA,MACEIO
AREIA,008151,AREIA HIGIENICA CAT PEE PREMIUM 5X4KG R.726 DBM,,798203577268,25059000,83000000,FD,2026-09-15T11:23:22Z,6.99,6.99,65252834000130,J DE MELO SANTOS  LTDA,,Santos Dumont,MACEIO
AREIA,022909,AREIA HIG CAT PEE PREMIUM 4KG,,0,25081000,83000000,UNI,2026-09-16T14:23:23Z,6.99,6.99,29641392000150,RW COMERCIO DE ALIMENTOS LTDA,SUPERMERCADINHO POPULAR,JACINTINHO,MACEIO
AREIA,131991,AREIA SANIT GATINHO CHEIROSO 4K,,0,25081000,83000000,UN,2026-09-16T21:43:17Z,6.99,6.99,10679721000123,LEITE & PARANHOS LTDA,PRECO BOM,BENEDITO BENTES,MACEIO
AREIA,29867,AREIA GATINHO CHEIROSO 4KG,,602883379114,25059000,83000000,UN0001,2026-09-16T11:26:00Z,6.99,6.99,70011671000133,OMENA & ARAUJO LTDA,,TABULEIRO DO MARTINS,MACEIO
AREIA,8873,AREIA HIGIENICA GRANULADA MS,AREIA HIGIENICA M S CAT 4KG AREIA HIGIEN,7898924311745,25059000,83000000,UN,2026-09-15T19:55:46Z,7.0,7.0,03507618000130,N S RACOES LTDA,,LEVADA,MACEIO
AREIA,000507,areia cac unidade,,0,25081000,83000000,UN,2026-09-14T17:46:58Z,7.0,7.0,35139529000175,GUSTAVO LACERDA GOMIDE,MANIA PET,BARRO DURO,MACEIO
AREIA,000379,AREIA HIGIENICA CLEAR CATS TRADICIONAL FARDO 5 X 4KG (VERDE),,7898963929079,25081000,83000000,FARDO,2026-09-14T13:48:48Z,7.0,7.0,61908319000104,M D DE A M MELO,MACEIO RAÇÕES,Farol,MACEIO
AREIA,areia gatinho cheiroso,areia gatinho cheiroso,,0,25081000,83000000,un,2026-09-14T20:37:18Z,7.0,7.0,14867848000127,J C M DA SILVA,BICHO MANIA,PAJUCARA,MACEIO
AREIA,126,AREIA BEMICAT TRAD PERFUMADA ROSA,,0,25059000,83000000,KG,2026-09-11T15:07:33Z,7.0,7.0,66682632000190,CASA DO TEMPERO E RACOES LTDA,CASA DO TEMPERO E RACOES,BENEDITO BENTES,MACEIO
AREIA,378,AREIA HIGIA?NICA 4KG MISTER PET,,0,25081000,83000000,UN,2026-09-10T20:29:31Z,7.0,7.0,21292510000150,ARIELLY TEMPEROS E RACOES LTDA,ARIELLY TEMPEROS E RACOES,JATIUCA,MACEIO
AREIA,282,AREIA COMUM 4 KG,,0,25059000,83000000,UN,2026-09-15T14:57:47Z,7.0,7.0,48108977000153,K V D S A LIMA,IRINEU RAÇÃO E ACESSÓRIOS,Chã da Jaqueira,MACEIO
AREIA,41318,AREIA HIGIENICA CAT PEE PREMIUM 4K,,0,25059000,83000000,UN,2026-09-12T18:32:17Z,7.0,7.0,23419932000179,MERCADO SANTA LUCIA,,JACINTINHO,MACEIO
AREIA,25368,AREIA HIG GATO CLASSIC AFETO CAT4kg,,606529787479,25081000,83000000,UN,2026-09-10T18:33:12Z,8.15,7.18,20300157007314,NOVO ATACADO COMERCIO DE ALIMENTOS SA,MIX MATEUS,ANTARES,MACEIO
AREIA,94037,AREIA HIG GATO CHEIROSO P GATOS 4KG NE,,602883379114,25059000,83000000,UN0001,2026-09-16T15:14:00Z,7.19,7.19,10840716000908,BARROS COMERCIO LTDA,SUPERMERCADO SAO DOMINGOS,CIDADE UNIVERSITARIA,MACEIO
AREIA,94037,AREIA HIG GATO CHEIROSO P GATOS 4KG NE,,602883379114,25059000,83000000,UN0001,2026-09-16T23:19:00Z,7.19,7.19,10840716000746,BARROS COMERCIO LTDA,SUPERMERCADO SAO DOMINGOS,CIDADE UNIVERSITARIA,MACEIO
AREIA,19067,AREIA GATINHO CHEIROSO 4KG,,602883379114,25081000,83000000,PC,2026-09-15T20:15:49Z,7.25,7.25,56125957000119,A J MERCADINHO LTDA,Mercadinho Santo Amália,Jatiúca,MACEIO
AREIA,94037,AREIA HIG GATO CHEIROSO P GATOS 4KG NE,,602883379114,25059000,83000000,UN0005,2026-09-17T00:06:00Z,7.39,7.39,10840716001122,BARROS COMERCIO LTDA,SUPERMERCADO SÃO DOMINGOS,SANTA LUCIA,MACEIO
AREIA,94037,AREIA HIG GATO CHEIROSO P GATOS 4KG NE,,602883379114,25059000,83000000,UN0005,2026-09-16T22:00:00Z,7.39,7.39,10840716001203,BARROS COMERCIO LTDA,SUPERMERCADO SÃO DOMINGOS,CIDADE UNIVERSITARIA,MACEIO
AREIA,94037,AREIA HIG GATO CHEIROSO P GATOS 4KG NE,,602883379114,25059000,83000000,UN0005,2026-09-15T14:49:00Z,7.39,7.39,10840716000150,BARROS COMERCIO LTDA,SUPERMERCADO SÃO DOMINGOS,PETROPOLIS,MACEIO
AREIA,7898951151888,AREIA DE GATOPIP CLEAN 4KG,GRANULADO PERFUMADO PIPCLEAN FLORAL 4KG,7898951151888,25081000,83000000,UN,2026-09-12T17:11:18Z,7.49,7.49,48070469000123,ARMAZEM MARTINS B BENTES LTDA,ARMAZEM MARTINS,BENEDITO BENTES,MACEIO
AREIA,13703,AREIA GATINHO CHEIROSO 4KG,,602883379114,25081000,83000000,UN,2026-09-15T22:15:56Z,7.49,7.49,33866154000110,ALINE KESSIA LIMA DO NASCIMENTO ACOUGUE,,JACINTINHO,MACEIO
AREIA,018176,AREIA HIGIA NICA 4KG PERFUMADA,AREIA HIGIENICA MISTER PET GRANULADO PERFUMADA 4KG,7898041104527,25081000,83000000,UND,2026-09-12T20:21:48Z,7.49,7.49,52748875000170,MERCADINHO ALIANCA LTDA,MERCADINHO ALIANCA,CIDADE UNIVERSITARIA,MACEIO
AREIA,9053,AREIA DE GATO PIPCLEAR FLORAL 4 KG,GRANULADO PERFUMADO PIPCLEAN FLORAL 4KG,7898951151888,25059000,83000000,UN0001,2026-09-16T22:34:00Z,7.49,7.49,37919357000188,SUPERMERCADO VIA NORTE LTDA,SUPERMERCADO VIA NORTE,BENEDITO BENTES,MACEIO
AREIA,70760,AREIA SANITARIA MES,AREIA HIGIENICA M S CAT 4KG AREIA HIGIEN,7898924311745,25081000,83000000,UN,2026-09-12T19:07:21Z,7.49,7.49,05550065000124,WELLINGTON CURVELO MACHADO - ME,MERCADINHO SEU ANTONIO,BARRO DURO,MACEIO
AREIA,234866,AREIA GATO SARACAT 4KG,,0,25309090,83000000,UN,2026-09-16T13:39:35Z,7.5,7.5,28650306000102,F & K COMERCIO DE ALIMENTOS LTDA,MERCADINHO MELO,SANTOS DUMONT,MACEIO
AREIA,20697,AREIA HIGI GATO REI PERF 4 KG UN,,7892345678821,25081000,83000000,PT,2026-09-12T13:17:56Z,7.5,7.5,02895028000674,R B DANTAS LTDA,COAGRO,JATIUCA,MACEIO
AREIA,100549,AREIA HIGIENICAPERFUMADA 4KG CLEAR CATS,,0,25081000,83000000,UND,2026-09-09T20:19:23Z,7.5,7.5,33207369000129,ERIK DOUGLAS FERREIRA DA SILVA,LIDER RACOES,BENEDITO BENTES,MACEIO
AREIA,1000911,AREIA HIGIENICA FINA FLORAL PET LEGAL L,,751320094179,25081000,83000000,UN,2026-09-11T12:01:45Z,7.5,7.5,27579981000120,JPT COMERCIO DE ALIMENTOS LTDA - EPP,MERCADINHO JPT,PONTA GROSSA,MACEIO
AREIA,0000000005175,AREIA PARA GATO PIPC,,7898951151888,25059000,83000000,UN,2026-09-12T13:20:06Z,7.5,7.5,16832303000100,ANTONIO BATISTA DA SILVA,MERCEARIA SANTO ANTONIO,CIDADE UNIVERSITARIA,MACEIO
AREIA,103289,AREIA MISTER PET,AREIA HIGIENICA MISTER PET GRANULADO PERFUMADA 4KG,7898041104527,25059000,83000000,UN,2026-09-10T19:44:25Z,7.5,7.5,16657834000295,J A DA SILVA LIDER RAÇÕES,JOSE ADRIANO DA SILVA 03625310481,SANTOS DUMONT,MACEIO
AREIA,41617,AREIA SANIT GATINHO CHEIROSO 4KG,,602883379114,25081000,83000000,UN,2026-09-14T16:17:20Z,7.59,7.59,49465708000107,S DE S E SILVA JUNIOR  LTDA,,Tabuleiro do Martins,MACEIO
AREIA,100589,AREIA HIGIENICAFINA 4KG CLEAR CATS,,7898963929086,25081000,83000000,UND,2026-09-12T19:15:16Z,7.8,7.8,33207369000129,ERIK DOUGLAS FERREIRA DA SILVA,LIDER RACOES,BENEDITO BENTES,MACEIO
AREIA,130,AREIA SANITARIA CLEAR FINA AZUL,,0,25059000,83000000,KG,2026-09-11T18:47:25Z,7.84,7.84,66682632000190,CASA DO TEMPERO E RACOES LTDA,CASA DO TEMPERO E RACOES,BENEDITO BENTES,MACEIO
AREIA,15383,AREIA GATINHO CHEIROSO 4KG,,0,25081000,83000000,UN,2026-09-08T14:43:21Z,7.89,7.89,57133451000114,SUPERMERCADO TODO DIA LTDA,SUPERMERCADO TODO DIA,Cidade Universitária,MACEIO
AREIA,7898917700938,AREIA GATO SARACAT PLUS 4KG,AREIA PARA GATO SARA CAT PLUS 4 KG,7898917700938,25081000,83000000,UN,2026-09-15T14:33:48Z,7.89,7.89,64001477000174,SUPERMERCADO SUPER COMPRA LTDA,SUPER COMPRA,Vergel do Lago,MACEIO
AREIA,0000000001811,AREIA PARA GATO GATINHO CHEIROSO 4KG,,602883379114,25059000,83000000,UN,2026-09-14T18:10:58Z,7.99,7.99,51997114000199,SUPERMERCADO BOA VISTA LTDA,,Clima Bom,MACEIO
AREIA,14750,AREIA PARA GATO CAT PEE PREMIUM 4KG,,0,25059000,83000000,UN,2026-09-16T22:10:33Z,7.99,7.99,26587830000150,F P B DOS SANTOS - LTDA,FLOR DO BAIRRO,PRADO,MACEIO
AREIA,14433,AREIA PARA GATOS CHEIROSO 4KG,,0,25081000,83000000,UN,2026-09-16T20:50:59Z,7.99,7.99,26587830000150,F P B DOS SANTOS - LTDA,FLOR DO BAIRRO,PRADO,MACEIO
AREIA,128853,AREIA HIG FINA PET LEGAL PREMIUM 4KG,,751320094179,25081000,83000000,UN0001,2026-09-16T20:08:00Z,7.99,7.99,10840716000908,BARROS COMERCIO LTDA,SUPERMERCADO SAO DOMINGOS,CIDADE UNIVERSITARIA,MACEIO
AREIA,713,AREIA NEUTRA 4KG GATINHO CHEIROSO,,0,25081000,83000000,UN,2026-09-15T17:36:33Z,7.99,7.99,41448764000121,BOMBONIERE E LATICINIO ALEGRIA LTDA,LATICINIO ALEGRIA,BENEDITO BENTES,MACEIO
AREIA,128853,AREIA HIG FINA PET LEGAL PREMIUM 4KG,,751320094179,25081000,83000000,UN0001,2026-09-16T19:24:00Z,7.99,7.99,10840716000746,BARROS COMERCIO LTDA,SUPERMERCADO SAO DOMINGOS,CIDADE UNIVERSITARIA,MACEIO
AREIA,14439,AREIA HIG.GRAO VERDE,,7897443410311,25081000,83000000,UND9,2026-09-16T23:30:29Z,7.99,7.99,75315333027309,ATACADAO S.A.,,PETROPOLIS,MACEIO
AREIA,0000000052296,AREIA PARA GATO PEE PREMIUM 4KG,,798203577268,25059000,83000000,UN,2026-09-15T20:32:27Z,7.99,7.99,51997114000199,SUPERMERCADO BOA VISTA LTDA,,Clima Bom,MACEIO
AREIA,1002874,AREIA GATO SARACAT PLUS 4KG,AREIA PARA GATO SARA CAT PLUS 4 KG,7898917700938,25081000,83000000,UN,2026-09-16T18:35:21Z,7.99,7.99,35619488000114,M & W COMERCIO DE ALIMENTOS LTDA,MEGAMARX SUPERMERCADO E PANIFICACAO,FEITOSA,MACEIO
AREIA,011969,AREIA HIGIENICA FLORAL PIP CLEAN 4K,GRANULADO PERFUMADO PIPCLEAN FLORAL 4KG,7898951151888,25081000,83000000,UN,2026-09-14T11:26:12Z,7.99,7.99,04479025000170,EDUARDO ANTONIO DA SILVA MERCEARIA - ME,MERCEARIA E PANIFICACAO TRYGOLLAR,CIDADE UNIVERSITARIA,MACEIO
AREIA,011766,AREIA GATO SARACAT PLUS 4KG,AREIA PARA GATO SARA CAT PLUS 4 KG,7898917700938,25081000,83000000,UN,2026-09-14T11:26:12Z,7.99,7.99,04479025000170,EDUARDO ANTONIO DA SILVA MERCEARIA - ME,MERCEARIA E PANIFICACAO TRYGOLLAR,CIDADE UNIVERSITARIA,MACEIO
AREIA,135733,AREIA DE GATO CHEIROSO 4KG,,0,25059000,83000000,UN,2026-09-13T15:40:43Z,7.99,7.99,57597500000170,LUZ & LUNA COMERCIAL LTDA,,Fernão Velho,MACEIO
AREIA,18255,AREIA GATINHO CHEIROSO 4KG,,602883379114,25081000,83000000,UN,2026-09-14T14:29:29Z,7.99,7.99,51227228000150,M V DE L SANTOS MERCEARIA,MERCADINHO SUPER BARATO,Jacintinho,MACEIO
AREIA,140569,AREIA HIG P GATO PERFUMADO BOBCAT 4KG,AREIA HIGIENICA PERFUMADO BOBCAT 5X4KG,7898041104381,25059000,83000000,UN0005,2026-09-16T22:33:00Z,7.99,7.99,10840716001122,BARROS COMERCIO LTDA,SUPERMERCADO SÃO DOMINGOS,SANTA LUCIA,MACEIO
AREIA,46923,AREIA HIGIENICA  RACA PURA  4KG 100  NAT,CEDAN CAT GRANULADO SANITARIO 4KG 01304,7898910124502,25081000,83000000,UN,2026-09-16T16:31:47Z,7.99,7.99,03536939000163,MERCADINHO SANTA MARIA LTDA,,TAB DO MARTINS,MACEIO
AREIA,46920,AREIA HIGIENICA  SARACAT PLUS 4KG,AREIA PARA GATO SARA CAT PLUS 4 KG,7898917700938,25059000,83000000,UN,2026-09-14T21:43:39Z,7.99,7.99,03536939000163,MERCADINHO SANTA MARIA LTDA,,TAB DO MARTINS,MACEIO
AREIA,24356,AREIA HIG FINA FLORAL PET LEGAL 4KG,,751320094179,25081000,83000000,UNI,2026-09-16T15:15:46Z,7.99,7.99,29641392000150,RW COMERCIO DE ALIMENTOS LTDA,SUPERMERCADINHO POPULAR,JACINTINHO,MACEIO
AREIA,24356,AREIA HIG FINA FLORAL PET LEGAL 4KG,,0,25081000,83000000,UNI,2026-09-14T14:13:27Z,7.99,7.99,29641392000150,RW COMERCIO DE ALIMENTOS LTDA,SUPERMERCADINHO POPULAR,JACINTINHO,MACEIO
AREIA,024356,AREIA HIG FINA FLORAL PET LEGAL 4KG,,751320094179,25081000,83000000,UNI,2026-09-16T13:56:16Z,7.99,7.99,29641392000150,RW COMERCIO DE ALIMENTOS LTDA,SUPERMERCADINHO POPULAR,JACINTINHO,MACEIO
AREIA,14439,AREIA HIG.GRAO VERDE,,7897443410311,25081000,83000000,UND9,2026-09-16T22:32:34Z,7.99,7.99,75315333021700,ATACADAO S.A.,,JACARECICA,MACEIO
AREIA,62158,AREIA HIGIENICA GATUJIA 14KG,,0,25059000,83000000,UN,2026-09-16T11:38:01Z,7.99,7.99,20068306000278,DISTRIBUIDORA DE ALIMENTOS MIX BOM LTDA - EPP,SUPERMERCADO MIX BOM,FEITOSA,MACEIO
AREIA,14439,AREIA HIG.GRAO VERDE,,7897443410311,25081000,83000000,UND9,2026-09-17T00:36:53Z,7.99,7.99,75315333009831,ATACADAO S.A.,,TABULEIRO DO MARTINS,MACEIO
AREIA,9123,AREIA CLEAN CATS GRANULADA PE,,7898963929093,25059000,83000000,UN,2026-09-14T18:20:58Z,8.0,8.0,03507618000130,N S RACOES LTDA,,LEVADA,MACEIO
AREIA,19314,AREIA HIGIENICA CAT PEE PREMI,,798203577268,25059000,83000000,UN,2026-09-08T18:32:17Z,8.0,8.0,34746298000103,G MARQUES S CIRCUITO DAS CARNES,CIRCUITO DAS CARNES,POCO,MACEIO
AREIA,126,FIXAPLUS AREIA GROSSA 25KG,,618231245710,25059000,83000000,SC,2026-09-12T21:53:00Z,8.0,8.0,01095586000188,MACRON MATERIAL DE CONSTRUCAO LTDA - ME,MACRON,POCO,MACEIO
AREIA,901808,AREIA HIGIENICA CLEAR CATS TRADICIONAL PERFUMADA 4KG (ROSA),,0,25081000,83000000,UN,2026-09-16T14:00:05Z,8.0,8.0,01515373000168,CICERO PEDRO DOS SANTOS RACOES - ME,CICERO RACOES,TAB. DOS MARTINS,MACEIO
AREIA,1293,AREIA HIGIENICA CLEAR CATS FINA SEM PERFUME 5X4KG,,0,25081000,83000000,UN,2026-09-14T16:27:23Z,8.0,8.0,31078632000100,C ALVES DE LIMA,CASA DA RACAO FEITOSA,FEITOSA,MACEIO
AREIA,12504,AREIA HIGIENICA CLEAR CATS VERDE 4KG,,0,25081000,83000000,UN,2026-09-14T20:18:55Z,8.0,8.0,09439164000194,MUNDO ALAGOAS PET LTDA,MUNDO ALAGOAS PET,FEITOSA,MACEIO
AREIA,13161,AREIA ( SACO ),,7770000131617,25059000,83000000,SC,2026-09-15T12:15:24Z,8.0,8.0,34519968000140,GALPAO DA CONSTRUCAO LTDA,GALPAO DA CONSTRUCAO,CIDADE UNIVERSITARIA,MACEIO
AREIA,000636,AREIA CAT MIA PERFUMADA 4KG,,7899090117223,25081000,83000000,FARDO,2026-09-15T21:56:06Z,8.0,8.0,61908319000104,M D DE A M MELO,MACEIO RAÇÕES,Farol,MACEIO
AREIA,21613,AREIA SANITARIA EDUKAT ROSA COMUN 4 KG,,0,25081000,83000000,UN,2026-09-08T14:49:09Z,8.0,8.0,59547154000140,J A TORRES PETSHOP,MONDO PET,Jatiúca,MACEIO
AREIA,747,AREIA BEMICATS PERFUMADA,,618341224933,25081000,83000000,UN,2026-09-15T21:35:56Z,8.0,8.0,13432517000100,L DE SOUZA ALVES,AGROVAN PET,VERGEL DO LAGO,MACEIO
AREIA,1412,AREIA CLEAR CATS FINA,,7898963929086,25081000,83000000,UN,2026-09-10T17:28:34Z,8.0,8.0,13432517000100,L DE SOUZA ALVES,AGROVAN PET,VERGEL DO LAGO,MACEIO
AREIA,8868021,AREIA PIPCLEAN 4G,GRANULADO PERFUMADO PIPCLEAN FLORAL 4KG,7898951151888,25081000,83000000,UNID,2026-09-15T23:45:51Z,8.0,8.0,16726541000131,EDENILDA DE JESUS DOS SANTOS MELO,MERCADINHO NORDESTINO,TRAPICHE DA BARRA,MACEIO
AREIA,00000000002002,AREIA GATINHO CHEIROSO 4KG,,602883379114,25081000,83000000,UN,2026-09-14T21:34:17Z,8.0,8.0,69974343000153,EDJANES PEREIRA LIMA MERCEARIA - ME,COMPRE MAIS,GRUTA DE LOURDES,MACEIO
AREIA,000819,AREIA SAN. P/ GATO ADG ROXA 4KG,,742832223720,25081000,83000000,UN,2026-09-16T20:22:20Z,8.0,8.0,48712702000124,DANIEL C DE FARIAS TENORIO,MERCADINHO ESSENCIAL,Santa Lúcia,MACEIO
AREIA,41319,AREIA HIENICA FLORAL PIP CLEAN 4K,GRANULADO PERFUMADO PIPCLEAN FLORAL 4KG,7898951151888,25059000,83000000,UN,2026-09-12T15:29:56Z,8.0,8.0,23419932000179,MERCADO SANTA LUCIA,,JACINTINHO,MACEIO
AREIA,15860,AREIA GATINO CHEIROSO 4KG,,602883379114,25059000,83000000,UN0001,2026-09-15T22:03:00Z,8.19,8.19,11275992000186,LAMENHA COMÉRCIO DE ALIMENTOS LTDA.,,BENEDITO BENTES,MACEIO
AREIA,20698,AREIA HIGI GATO REI FINO 4 KG UN,,7892345678852,25081000,83000000,PT,2026-09-12T12:12:05Z,8.2,8.2,02895028000836,R B DANTAS LTDA,COAGRO,CANAA,MACEIO
AREIA,20698,AREIA HIGI GATO REI FINO 4 KG UN,,7892345678852,25081000,83000000,PT,2026-09-15T12:36:39Z,8.23,8.23,02895028000674,R B DANTAS LTDA,COAGRO,JATIUCA,MACEIO
AREIA,8258,AREIA HIGIENICA FINA FLORAL PET LEGAL 4KG R.417,,0,25081000,83000000,UN,2026-09-14T17:07:24Z,8.25,8.25,00759152000172,ANTONIO GOMES DE ALMEIDA - ME,GOMES & ALMEIDA MERCEARIA,TABULEIRO DO MARTINS,MACEIO
AREIA,101191,AREIA HIGIENICA FINA FLORAL 4KG,,0,25081000,83000000,UN,2026-09-15T21:53:21Z,8.25,8.25,40094143000124,COSTA E MELO COMERCIO LTDA,,TRAPICHE DA BARRA,MACEIO
AREIA,127,AREIA BEMICAT FINA PERFUMADA CINZA,,0,25059000,83000000,KG,2026-09-09T12:32:20Z,8.25,8.25,66682632000190,CASA DO TEMPERO E RACOES LTDA,CASA DO TEMPERO E RACOES,BENEDITO BENTES,MACEIO
AREIA,000001,AREIA ADG GRAO MEDIO 4KG,,0,25081000,83000000,Unid,2026-09-10T17:25:39Z,8.9,8.395,10454986000123,E T BRANDAO - ME,CENTRAL DAS RACOES,TABULEIRO DOS MARTINS,MACEIO
AREIA,25551,AREIA GATINHO CHEIROSO 4KG,,602883379114,25081000,83000000,UN,2026-09-15T13:20:16Z,8.4,8.4,14408142000105,J C ARAUJO ME,BOM DE PRECO,CIDADE UNIVERSITARIA,MACEIO
AREIA,126020,AREIA PIPCLEAN PERF PREM 4KG,GRANULADO PERFUMADO PIPCLEAN FLORAL 4KG,7898951151888,25081000,83000000,UN,2026-09-15T11:34:16Z,8.49,8.49,30871046000147,SHOW DE PRECOS COMERCIO DE ALIMENTOS LTDA,SHOW DE PRECOS,ANTARES,MACEIO
AREIA,41798,AREIA GATINHO CHEIROSO 4KG,,0,25081000,83000000,UN,2026-09-12T18:21:38Z,8.49,8.49,30548258000511,MARIA I. M. P. CAMARA LTDA,MULTIMERCADO ESTRELA,TRAPICHE DA BARRA,MACEIO
AREIA,62506,AREIA GATINHO CHEIROSO 4KG,,602883379114,25059000,83000000,UN0001,2026-09-16T15:14:00Z,8.49,8.49,33265369000185,PRECO CERTO COM. DE ALIMENTOS LTDA,SUPERMERCADO PRECO CERTO,OURO PRETO,MACEIO
AREIA,41798,AREIA GATINHO CHEIROSO 4KG,,0,25081000,83000000,UN,2026-09-16T12:16:23Z,8.49,8.49,30548258000350,MARIA I. M. P. CAMARA LTDA,MULTIMERCADO ESTRELA,POCO,MACEIO
AREIA,41798,AREIA GATINHO CHEIROSO 4KG,,0,25081000,83000000,UN,2026-09-16T11:47:08Z,8.49,8.49,30548258000430,MARIA I. M. P. CAMARA LTDA,MULTIMERCADO ESTRELA,PRADO,MACEIO
AREIA,46269,AREIA HIG GAT CHEIROSO 4KG,,602883379114,25059000,83000000,UN,2026-09-15T15:19:35Z,8.49,8.49,65256555000144,EMPÓRIO SERRARIA LTDA,EMPÓRIO SERRARIA,Serraria,MACEIO
AREIA,7898924311745,AREIA PARA GATO,,0,25051000,83000000,UN,2026-09-11T20:57:48Z,8.5,8.5,37608660000160,COMERCIAL GUIGA LTDA,,JACARECICA,MACEIO
AREIA,1853,AREIA MEDIA ( ENSACADA ),,0,25059000,83000000,UN,2026-09-11T16:00:47Z,8.5,8.5,13390079000156,JULIANA DOS SANTOS LEITE - ME,MAMUSKA CONSTRUCOES,VERGEL DO LAGO,MACEIO
AREIA,1003854,AREIA BIO GRAOS FINOS SWEET CAT PC.4KG,,74468639119,25081000,83000000,UN,2026-09-16T12:06:40Z,8.7,8.7,27579981000120,JPT COMERCIO DE ALIMENTOS LTDA - EPP,MERCADINHO JPT,PONTA GROSSA,MACEIO
AREIA,128853,AREIA HIG FINA PET LEGAL PREMIUM 4KG,,751320094179,25081000,83000000,UN0001,2026-09-16T21:53:00Z,8.79,8.79,10840716000150,BARROS COMERCIO LTDA,SUPERMERCADO SÃO DOMINGOS,PETROPOLIS,MACEIO
AREIA,128853,AREIA HIG FINA PET LEGAL PREMIUM 4KG,,751320094179,25081000,83000000,UN0001,2026-09-09T22:00:00Z,8.79,8.79,10840716001203,BARROS COMERCIO LTDA,SUPERMERCADO SÃO DOMINGOS,CIDADE UNIVERSITARIA,MACEIO
AREIA,128853,AREIA HIG FINA PET LEGAL PREMIUM 4KG,,751320094179,25081000,83000000,UN0001,2026-09-12T18:49:00Z,8.79,8.79,10840716001203,BARROS COMERCIO LTDA,SUPERMERCADO SÃO DOMINGOS,CIDADE UNIVERSITARIA,MACEIO
AREIA,3044,AREIA ENSACADA 20KG,,0,25059000,83000000,UN,2026-09-16T15:41:44Z,8.8,8.8,43906461000130,AUROCON CONSTRUCAO LTDA,MIX  DA CONSTRUCAO,BARRO DURO,MACEIO
AREIA,0000000015444,AREIA SANIT PET LEGA,,751320094179,25081000,83000000,UNID,2026-09-16T16:36:14Z,8.89,8.89,49671467000152,MERCADINHO AURORA LTDA,MERCADINHO AURORA,Poço,MACEIO
AREIA,73650,AREIA SANITARIA PERFUMADA MISTER PET 4KG,AREIA HIGIENICA MISTER PET GRANULADO PERFUMADA 4KG,7898041104527,25081000,83000000,UN,2026-09-14T21:51:04Z,8.99,8.99,05550065000124,WELLINGTON CURVELO MACHADO - ME,MERCADINHO SEU ANTONIO,BARRO DURO,MACEIO
AREIA,95571,AREIA URICAT 4KG,AREIA GRANULADO PARA GATO URICAT 4KG UNIDADE,7898902525010,25059000,83000000,UN0001,2026-09-10T21:00:00Z,8.99,8.99,70011671000133,OMENA & ARAUJO LTDA,,TABULEIRO DO MARTINS,MACEIO
AREIA,16772,AREIA CARECAT 4KG,AREIA HIGIENICA CARECAT TRAD 4KG,7898274860023,25059000,83000000,UN0001,2026-09-15T22:09:00Z,8.99,8.99,70011671000133,OMENA & ARAUJO LTDA,,TABULEIRO DO MARTINS,MACEIO
AREIA,140569,AREIA HIG P GATO PERFUMADO BOBCAT 4KG,AREIA HIGIENICA PERFUMADO BOBCAT 5X4KG,7898041104381,25059000,83000000,UN0001,2026-09-16T21:20:00Z,8.99,8.99,10840716000908,BARROS COMERCIO LTDA,SUPERMERCADO SAO DOMINGOS,CIDADE UNIVERSITARIA,MACEIO
AREIA,1003898,AREIA BIO GRAOS FINOS SWEET CAT 4KG,,74468639119,25059000,83000000,UN,2026-09-16T10:52:07Z,8.99,8.99,22506147000190,M & M COMÉRCIO DE ALIMENTOS LTDA - - EPP,MEGAMARX SUPERMERCADO E PANIFICACAO,LEVADA,MACEIO
AREIA,1004467,AREIA HIGIENICA FINA FLORAL PET LEGAL 4K,,751320094179,25059000,83000000,UN,2026-09-13T15:06:42Z,8.99,8.99,22506147000190,M & M COMÉRCIO DE ALIMENTOS LTDA - - EPP,MEGAMARX SUPERMERCADO E PANIFICACAO,LEVADA,MACEIO
AREIA,15384,AREIA HIGIENICA PERFUMADO BOBCAT 4KG,AREIA HIGIENICA PERFUMADO BOBCAT 5X4KG,7898041104381,25081000,83000000,UN,2026-09-12T17:42:12Z,8.99,8.99,57133451000114,SUPERMERCADO TODO DIA LTDA,SUPERMERCADO TODO DIA,Cidade Universitária,MACEIO
AREIA,47237,AREIA HIG URICAT P GATOS 4KG,AREIA GRANULADO PARA GATO URICAT 4KG UNIDADE,7898902525010,25059000,83000000,FD0005,2026-09-15T11:24:00Z,8.99,8.99,10840716001203,BARROS COMERCIO LTDA,SUPERMERCADO SÃO DOMINGOS,CIDADE UNIVERSITARIA,MACEIO
AREIA,0000000053559,AREIA PARA GATO HIGIENICA PERFUMADO BOBCAT 4KG,,7898041104381,25059000,83000000,UN,2026-09-14T22:42:54Z,8.99,8.99,51997114000199,SUPERMERCADO BOA VISTA LTDA,,Clima Bom,MACEIO
AREIA,145044,AREIA HIGI P/GATOS PREMIUM 4KG,,0,25059000,83000000,UN0001,2026-09-16T12:50:00Z,8.99,8.99,10840716000746,BARROS COMERCIO LTDA,SUPERMERCADO SAO DOMINGOS,CIDADE UNIVERSITARIA,MACEIO
AREIA,140569,AREIA HIG P GATO PERFUMADO BOBCAT 4KG,AREIA HIGIENICA PERFUMADO BOBCAT 5X4KG,7898041104381,25059000,83000000,UN0001,2026-09-16T13:10:00Z,8.99,8.99,10840716000746,BARROS COMERCIO LTDA,SUPERMERCADO SAO DOMINGOS,CIDADE UNIVERSITARIA,MACEIO
AREIA,140569,AREIA HIG P GATO PERFUMADO BOBCAT 4KG,AREIA HIGIENICA PERFUMADO BOBCAT 5X4KG,7898041104381,25059000,83000000,UN0001,2026-09-15T22:03:00Z,8.99,8.99,10840716000150,BARROS COMERCIO LTDA,SUPERMERCADO SÃO DOMINGOS,PETROPOLIS,MACEIO
AREIA,53193,AREIA SANIT MISTERPET 4KG,AREIA HIGIE MISTER PET GRANULADO 4KG,7898041104398,25059000,83000000,UN,2026-09-13T13:30:51Z,8.99,8.99,61128618000126,JMF SANTOS MERCADINHO LTDA,MERCADINHO DO AMIGÃO,Serraria,MACEIO
AREIA,20464,AREIA HIGIENICA FINA FLORAL P,,751320094179,25059000,83000000,UN,2026-09-16T11:21:29Z,9.0,9.0,34746298000103,G MARQUES S CIRCUITO DAS CARNES,CIRCUITO DAS CARNES,POCO,MACEIO
AREIA,001222,AREIA MEDIA SC,,0,25221000,83000000,UN,2026-09-15T19:41:11Z,9.0,9.0,55206191000134,MIX MATERIAL DE CONSTRUCOES LTDA,,Cidade Universitária,MACEIO
AREIA,901456,AREIA HIGIENICA NICA,,0,25084090,83000000,PCT,2026-09-12T17:31:06Z,9.0,9.0,01515373000168,CICERO PEDRO DOS SANTOS RACOES - ME,CICERO RACOES,TAB. DOS MARTINS,MACEIO
AREIA,1094,AREIA CLEAR PERFUMADA 5UND,,0,25051000,83000000,UN,2026-09-10T15:19:08Z,9.0,9.0,31078632000100,C ALVES DE LIMA,CASA DA RACAO FEITOSA,FEITOSA,MACEIO
AREIA,21282,AREIA SANITARIA EDUKAT PERFUMADA 4 KG,,0,25081000,83000000,UN,2026-09-12T14:25:27Z,9.0,9.0,59547154000140,J A TORRES PETSHOP,MONDO PET,Jatiúca,MACEIO
AREIA,31,AREIA LAVADA 20KG,,7890000000314,25059000,83000000,UN,2026-09-15T12:33:26Z,9.0,9.0,30952984000171,PEIXOTO & CANSANÇÃO COMÉRCIO DE MATERIAIS DE CONSTRUÇÃO LTDA,COMERCIAL ZENITH,SERRARIA,MACEIO
AREIA,101823,AREIA CLEAR CATS FIN (CINZA),,7898963929109,25059000,83000000,UN,2026-09-08T21:27:11Z,9.0,9.0,16657834000295,J A DA SILVA LIDER RAÇÕES,JOSE ADRIANO DA SILVA 03625310481,SANTOS DUMONT,MACEIO
AREIA,100229,AREIA HIGIENICA FINA PERFUMADA 4KG CLEAR CATS,,7898963929109,25081000,83000000,UND,2026-09-11T12:57:20Z,9.0,9.0,33207369000129,ERIK DOUGLAS FERREIRA DA SILVA,LIDER RACOES,BENEDITO BENTES,MACEIO
AREIA,243,AREIA CLEAR FINA PERFUMADA,,7898963929109,25081000,83000000,UN,2026-09-08T15:11:49Z,9.0,9.0,50279757000134,ANTONIO B FARIAS,LUK RACOES,JACINTINHO,MACEIO
AREIA,636492,AREIA SANITARIA GATINHO CHEIROSO,,0,25081000,83000000,SC,2026-09-09T14:13:40Z,9.0,9.0,57246851000136,G S PEREIRA LINS,CIA ANIMAL,Pajuçara,MACEIO
AREIA,140569,AREIA HIG P GATO PERFUMADO BOBCAT 4KG,AREIA HIGIENICA PERFUMADO BOBCAT 5X4KG,7898041104381,25059000,83000000,UN0005,2026-09-16T20:41:00Z,9.09,9.09,10840716001203,BARROS COMERCIO LTDA,SUPERMERCADO SÃO DOMINGOS,CIDADE UNIVERSITARIA,MACEIO
AREIA,47237,AREIA HIG URICAT P GATOS 4KG,AREIA GRANULADO PARA GATO URICAT 4KG UNIDADE,7898902525010,25059000,83000000,UN0001,2026-09-16T22:25:00Z,9.39,9.39,10840716000150,BARROS COMERCIO LTDA,SUPERMERCADO SÃO DOMINGOS,PETROPOLIS,MACEIO
AREIA,9462,AREIA CLEAR CATS FINA AZUL 4K,,7898963929086,25051000,83000000,UN,2026-09-15T20:57:48Z,10.0,9.4,03507618000130,N S RACOES LTDA,,LEVADA,MACEIO
AREIA,27407,AREIA HIGIENICA PET LEGAL 4KG FINA FLORA,,0,25059000,83000000,UN,2026-09-15T14:14:31Z,9.49,9.49,26587830000150,F P B DOS SANTOS - LTDA,FLOR DO BAIRRO,PRADO,MACEIO
AREIA,140569,AREIA HIG P GATO PERFUMADO BOBCAT 4KG,AREIA HIGIENICA PERFUMADO BOBCAT 5X4KG,7898041104381,25059000,83000000,UN0001,2026-09-14T21:01:00Z,9.49,9.49,10840716000231,BARROS COMERCIO LTDA,SUPERMERCADO SAO DOMINGOS,BENEDITO BENTES,MACEIO
AREIA,71787,AREIA BAW WAW 4kg,AREIA SANIT.GATOS 4KG BAWWAW,7897018101026,25059000,83000000,Un,2026-09-17T00:59:21Z,9.49,9.49,06057223030674,SENDAS DISTRIBUIDORA S/A,,SERRARIA,MACEIO
AREIA,1694,AREIA SANITARIA GATINHO CHEIROSO,,602883379114,25051000,83000000,UND,2026-09-15T01:04:39Z,9.5,9.5,11980409000138,VIEIRA COMERCIO LTDA - ME,PLANETA ANIMAL,JATIUCA,MACEIO
AREIA,3590,AREIA SANITARIA ADG CLASSICA / AZUL FINA 4KG,,0,25081000,83000000,UN,2026-09-15T00:17:34Z,9.5,9.5,27297919000145,C I DA SILVA,MERCADINHO POPULAR,SANTA LUCIA,MACEIO
AREIA,591,AREIA HIG. CLEAR CATS FINA 4KG,,7898963929086,25059000,83000000,UN,2026-09-14T13:50:09Z,9.5,9.5,14761876000246,BICHOS & SITIOS LTDA,,ANTARES,MACEIO
AREIA,312635,AREIA HIGIENICA CLEAR CATS FINA SEM PERFUME 4KG (AZUL),,0,25081000,83000000,UN,2026-09-11T15:19:47Z,9.6,9.6,50451823000101,VALDINEI DE OLIVEIRA,SUPER BACANA PET CENTER,Ponta Verde,MACEIO
AREIA,47237,AREIA HIG URICAT P GATOS 4KG,AREIA GRANULADO PARA GATO URICAT 4KG UNIDADE,7898902525010,25059000,83000000,UN0001,2026-09-15T22:21:00Z,9.69,9.69,10840716000908,BARROS COMERCIO LTDA,SUPERMERCADO SAO DOMINGOS,CIDADE UNIVERSITARIA,MACEIO
AREIA,47237,AREIA HIG URICAT P GATOS 4KG,AREIA GRANULADO PARA GATO URICAT 4KG UNIDADE,7898902525010,25059000,83000000,UN0001,2026-09-11T16:57:00Z,9.69,9.69,10840716000746,BARROS COMERCIO LTDA,SUPERMERCADO SAO DOMINGOS,CIDADE UNIVERSITARIA,MACEIO
AREIA,3676,PACOTE AREIA GROSSA 25 KG,,0,25059000,83000000,UN,2026-09-08T17:54:51Z,10.0,9.79,18249861000173,J V DA CONCEICAO MACHADO - ME,JESSICA CONSTRUCOES,TABULEIRO DOS MARTINS,MACEIO
AREIA,505684,AREIA GATINHO CHEIROSO 4KG - 19.50,,602883379114,25081000,83000000,UN,2026-09-16T16:35:21Z,9.79,9.79,12303616000110,S. VIEIRA DA SILVA LTDA,CASA VIEIRA,CENTRO,MACEIO
AREIA,11094,SACO AREIA,,0,38245000,83000000,UN,2026-09-11T10:15:55Z,10.0,9.885,04112582000159,BENTO PREMOLDADOS LTDA - ME,BENTO PREMOLDADOS,BARRO DURO,MACEIO
AREIA,45831,AREIA HIG PERF BOBCAT 4KG,AREIA HIGIENICA PERFUMADO BOBCAT 5X4KG,7898041104381,25059000,83000000,UN,2026-09-14T20:12:38Z,9.9,9.9,65256555000144,EMPÓRIO SERRARIA LTDA,EMPÓRIO SERRARIA,Serraria,MACEIO
AREIA,4894,AREIA HIG. CLEAR CATS FINA PERF. 4KG,,7898963929109,25081000,83000000,SC,2026-09-15T13:54:38Z,9.9,9.9,14761876000165,BICHOS & SITIOS LTDA,BICHOS E SITIOS,BENEDITO BENTES,MACEIO
AREIA,4899,AREIA HIG. ADG FLORAL 4KG,,742832740715,25081000,83000000,SC,2026-09-15T20:36:20Z,9.9,9.9,14761876000165,BICHOS & SITIOS LTDA,BICHOS E SITIOS,BENEDITO BENTES,MACEIO
AREIA,15,AREIA P GATOS PERFUMADA 4 KG,,0,25059000,83000000,UN,2026-09-10T11:05:49Z,9.9,9.9,32899540000145,PET'S WORLD LTDA,PET'S WORLD,MANGABEIRAS,MACEIO
AREIA,917,AREIA HIG. ADG FLORAL 4KG,,742832740715,25081000,83000000,sc,2026-09-15T20:43:55Z,9.9,9.9,14761876000246,BICHOS & SITIOS LTDA,,ANTARES,MACEIO
AREIA,1126,AREIA FINA/GROSSA RHOTA 25KG,,0,38245000,83000000,UN,2026-09-15T15:30:06Z,11.5,9.95,07848663000100,PROKASA LTDA,PROKASA,CIDADE UNIVERSITARIA,MACEIO
AREIA,17420,AREIA HIG. PERF BOBCAT 4KG,AREIA HIGIENICA PERFUMADO BOBCAT 5X4KG,7898041104381,25081000,83000000,UN,2026-09-13T12:44:59Z,9.99,9.99,54442568000191,SUPER VAREJO ATACADO VILLAGE LTDA,SUPER ATACADO VILLAGE,Cidade Universitária,MACEIO
AREIA,552186,AREIA HIG. GATINHO CHEIROSO 4KG,,0,25081000,83000000,UN,2026-09-08T20:22:23Z,9.99,9.99,54442568000191,SUPER VAREJO ATACADO VILLAGE LTDA,SUPER ATACADO VILLAGE,Cidade Universitária,MACEIO
AREIA,R00001891611,AREIA MR CLEAN 4kg UN,,7898943864277,25084090,83000000,UN,2026-09-16T23:40:43Z,9.99,9.99,39346861016327,CENCOSUD BRASIL COMERCIAL LTDA.,,CIDADE UNIVERSITARIA,MACEIO
AREIA,46405,AREIA PARA GATO MISTERPET FLO,AREIA HIGIENICA MISTER PET GRANULADO PERFUMADA 4KG,7898041104527,25059000,83000000,UND,2026-09-15T22:23:55Z,9.99,9.99,61128618000126,JMF SANTOS MERCADINHO LTDA,MERCADINHO DO AMIGÃO,Serraria,MACEIO
AREIA,139278,AREIA HIG P GATO CARECAT PERFUMADO 4KG,AREIA HIG P GATO CARECAT PERF 4KG,7898274860030,25059000,83000000,UN0005,2026-09-09T17:39:00Z,9.99,9.99,10840716000746,BARROS COMERCIO LTDA,SUPERMERCADO SAO DOMINGOS,CIDADE UNIVERSITARIA,MACEIO
AREIA,39782308,AREIA PARA GATO,CEDAN CAT GRANULADO SANITARIO 4KG 01304,7898910124502,25081000,83000000,UN,2026-09-15T21:28:09Z,9.99,9.99,61923608000182,DANTOLI MINI MARKET LTDA,DANTOLI MINI MARKET,FEITOSA,MACEIO
AREIA,11669,AREIA HIGIENICA GATINHO CHEIROSO PERF 4K,,0,25081000,83000000,UN,2026-09-16T15:47:29Z,9.99,9.99,10505854000183,DEMERVAL PIOL JUNIOR ALIMENTOS,O SACOLAO,PINHEIRO,MACEIO
AREIA,48687,AREIA HIG P GATO BOBCAT PERFUM.4KG,AREIA HIGIENICA PERFUMADO BOBCAT 5X4KG,7898041104381,25081000,83000000,UN,2026-09-09T17:46:02Z,9.99,9.99,08665589000159,COMPRARBEM LTDA,,PRADO,MACEIO
AREIA,R00001891611,AREIA MR CLEAN 4kg UN,,7898943864277,25084090,83000000,UN,2026-09-16T18:42:37Z,9.99,9.99,39346861008308,CENCOSUD BRASIL COMERCIAL LTDA.,G. BARBOSA,CRUZ DAS ALMAS,MACEIO
AREIA,552186,AREIA HIG. GATINHO CHEIROSO 4KG,,0,25081000,83000000,UN,2026-09-16T15:41:54Z,9.99,9.99,58457885000132,SUPER VAREJO ATACADO GRACILIANO LTDA,,Cidade Universitária,MACEIO
AREIA,17420,AREIA HIG. PERF BOBCAT 4KG,AREIA HIGIENICA PERFUMADO BOBCAT 5X4KG,7898041104381,25081000,83000000,UN,2026-09-13T13:37:10Z,9.99,9.99,58457885000132,SUPER VAREJO ATACADO GRACILIANO LTDA,,Cidade Universitária,MACEIO
AREIA,620459,AREIA HIGIENICO GATO CARECAT TRADICIONAL,AREIA HIGIENICA CARECAT TRAD 4KG,7898274860023,25081000,83000000,UN,2026-09-15T15:00:33Z,9.99,9.99,58457885000132,SUPER VAREJO ATACADO GRACILIANO LTDA,,Cidade Universitária,MACEIO
AREIA,620459,AREIA HIGIENICO GATO CARECAT TRADICIONAL,AREIA HIGIENICA CARECAT TRAD 4KG,7898274860023,25081000,83000000,UN,2026-09-11T10:51:16Z,9.99,9.99,54778190000100,SUPER VAREJO ATACADO PRAIA LTDA,SUPER ATACADO PRAIA,Ponta da Terra,MACEIO
AREIA,552186,AREIA HIG. GATINHO CHEIROSO 4KG,,0,25081000,83000000,UN,2026-09-16T22:33:53Z,9.99,9.99,54778190000100,SUPER VAREJO ATACADO PRAIA LTDA,SUPER ATACADO PRAIA,Ponta da Terra,MACEIO
AREIA,70370,AREIA HIGIENICA PET LEGAL FLORAL 4KG,,0,25081000,83000000,UN,2026-09-16T21:33:15Z,9.99,9.99,03321599000153,SUPER GIRO DISTRIBUIDOR DE ALIMENTOS LTDA,,PRADO,MACEIO
AREIA,17187,AREIA GATINHO CHEIROSO 4KG,,602883379114,25059000,83000000,UND,2026-09-16T21:28:51Z,9.99,9.99,53470259000162,SUPERNOBRE QUITANDARIA LTDA,Nobres Quitandaria,Antares,MACEIO
AREIA,70370,AREIA HIGIENICA PET LEGAL FLORAL 4KG,,0,25081000,83000000,UN,2026-09-16T15:01:35Z,9.99,9.99,20068306000278,DISTRIBUIDORA DE ALIMENTOS MIX BOM LTDA - EPP,SUPERMERCADO MIX BOM,FEITOSA,MACEIO
AREIA,0000000001191,AREIA EM LATA MAX,,0,25059000,83000000,LAT,2026-09-16T14:29:17Z,10.0,10.0,41187931000128,PACOM PATRIOTA COMERCIAL LTDA - EPP,,TABULEIRO DOS MARTINS,MACEIO
AREIA,3675,SACOS DE AREIA E BRITA,,0,25051000,83000000,SC,2026-09-14T12:52:55Z,10.0,10.0,30076510000103,ANA PATRICIA DA SILVA,COMERCIAL ARTHUR,POCO,MACEIO
AREIA,9043,AREIA CLEAR CATS SUPER FINA P,,7898963929109,25059000,83000000,UN,2026-09-15T20:23:08Z,10.0,10.0,03507618000130,N S RACOES LTDA,,LEVADA,MACEIO
AREIA,6797,PACOTE AREIA FINA 25 KG,,0,25059000,83000000,UN,2026-09-16T14:11:02Z,10.0,10.0,49850828000128,CONSTRUCAR MATERIAL DE CONSTRUCAO LTDA,,Jacintinho,MACEIO
AREIA,987,AREIA GATINHO CHEIROSO 4KG,,602883379114,25081000,83000000,UN,2026-09-08T12:30:05Z,10.0,10.0,54424252000177,BENDITO PET CLINICA VETERINARIA E PET SHOP LTDA,BENDITO PET,Clima Bom,MACEIO
AREIA,900654,AREIA PERFUMADA PRATICAT,,0,25084090,83000000,PCT,2026-09-16T14:52:43Z,10.0,10.0,01515373000168,CICERO PEDRO DOS SANTOS RACOES - ME,CICERO RACOES,TAB. DOS MARTINS,MACEIO
AREIA,901809,AREIA SANITARIA ADG FLORAL / ROSA  4KG,,742832740715,25081000,83000000,UN,2026-09-15T19:25:22Z,10.0,10.0,01515373000168,CICERO PEDRO DOS SANTOS RACOES - ME,CICERO RACOES,TAB. DOS MARTINS,MACEIO
AREIA,10142,AREIA MEDIA,,0,25051000,83000000,SC,2026-09-09T01:34:58Z,10.0,10.0,02045494000156,J. S. VIEIRA - ME,COMERCIAL VIEIRA,SERRARIA,MACEIO
AREIA,2875,AREIA PRATICAT VERMELHA 4KG,,0,25081000,83000000,UN,2026-09-14T18:27:38Z,10.0,10.0,09439164000194,MUNDO ALAGOAS PET LTDA,MUNDO ALAGOAS PET,FEITOSA,MACEIO
AREIA,000631,AREIA HIGIENICA CLEAR FINA PERFUMADA 4KG (CINZA),,7898963929109,25081000,83000000,FARDO,2026-09-09T14:37:05Z,10.0,10.0,61908319000104,M D DE A M MELO,MACEIO RAÇÕES,Farol,MACEIO
AREIA,100,AREIA PRATICAT PERFUMADA,,7898274860245,25081000,83000000,UN,2026-09-15T21:12:51Z,10.0,10.0,13432517000100,L DE SOUZA ALVES,AGROVAN PET,VERGEL DO LAGO,MACEIO
AREIA,3271,SACO DE AREIA MEDIA,,0,25059000,83000000,UN,2026-09-15T19:21:06Z,10.0,10.0,39611475000150,EVERALDO DA SILVA BUARQUE NETO LTDA,SS COMERCIAL,JACINTINHO,MACEIO
AREIA,3332,SACO DE AREIA GROSSA,,0,25059000,83000000,UN,2026-09-11T19:27:29Z,10.0,10.0,39611475000150,EVERALDO DA SILVA BUARQUE NETO LTDA,SS COMERCIAL,JACINTINHO,MACEIO
AREIA,189,AREIA SACO,,7890000001892,25051000,83000000,UN,2026-09-14T20:58:10Z,10.0,10.0,68625360000112,MURALHAS HOME CENTER LIMITADA,MURALHAS HOME CENTER,Benedito Bentes,MACEIO
AREIA,757,AREIA ADG FLORAL,,0,25059000,83000000,UN,2026-09-14T22:16:45Z,10.0,10.0,48108977000153,K V D S A LIMA,IRINEU RAÇÃO E ACESSÓRIOS,Chã da Jaqueira,MACEIO
AREIA,7657,AREIA MEDIA LAVADA,,0,25051000,83000000,UND,2026-09-11T13:17:47Z,11.12,10.0,09177795000263,LOJA DAS VARIEDADES COMERCIO DE FERRAMENTAS E FERRAGENS LTDA,LOJA DAS VARIEDADES,POCO,MACEIO
AREIA,25369,AREIA HIG GATO PREMIUM AFETO CAT4kg PERFUMADA,,606529787462,25081000,83000000,UN,2026-09-16T20:56:20Z,10.18,10.18,20300157007152,NOVO ATACADO COMERCIO DE ALIMENTOS SA,MIX MATEUS,TABULEIRO DO MARTINS,MACEIO
AREIA,25369,AREIA HIG GATO PREMIUM AFETO CAT4kg PERFUMADA,,606529787462,25081000,83000000,UN,2026-09-16T15:26:42Z,10.18,10.18,20300157007403,NOVO ATACADO COMERCIO DE ALIMENTOS SA,MIX MATEUS,PRADO,MACEIO
AREIA,25369,AREIA HIG GATO PREMIUM AFETO CAT4kg PERFUMADA,,606529787462,25081000,83000000,UN,2026-09-16T12:25:11Z,10.18,10.18,20300157007233,NOVO ATACADO COMERCIO DE ALIMENTOS SA,MIX MATEUS,SERRARIA,MACEIO
AREIA,25369,AREIA HIG GATO PREMIUM AFETO CAT4kg PERFUMADA,,606529787462,25081000,83000000,UN,2026-09-16T21:59:15Z,10.18,10.18,20300157007314,NOVO ATACADO COMERCIO DE ALIMENTOS SA,MIX MATEUS,ANTARES,MACEIO
AREIA,47237,AREIA HIG URICAT P GATOS 4KG,AREIA GRANULADO PARA GATO URICAT 4KG UNIDADE,7898902525010,25059000,83000000,FD0005,2026-09-15T20:04:00Z,10.29,10.29,10840716000231,BARROS COMERCIO LTDA,SUPERMERCADO SAO DOMINGOS,BENEDITO BENTES,MACEIO
AREIA,47237,AREIA HIG URICAT P GATOS 4KG,AREIA GRANULADO PARA GATO URICAT 4KG UNIDADE,7898902525010,25059000,83000000,FD0005,2026-09-16T21:17:00Z,10.29,10.29,10840716001122,BARROS COMERCIO LTDA,SUPERMERCADO SÃO DOMINGOS,SANTA LUCIA,MACEIO
AREIA,100862,AREIA PRATICAT FINA PERFUMADA 4KG,,7898274860245,25081000,83000000,UN,2026-09-15T21:46:07Z,10.39,10.39,57133451000114,SUPERMERCADO TODO DIA LTDA,SUPERMERCADO TODO DIA,Cidade Universitária,MACEIO
AREIA,R00001891611,AREIA MR CLEAN 4kg UN,,7898943864277,25084090,83000000,UN,2026-09-14T17:38:09Z,10.39,10.39,39346861008499,CENCOSUD BRASIL COMERCIAL LTDA.,G. BARBOSA,SERRARIA,MACEIO
AREIA,R00001891611,AREIA MR CLEAN 4kg UN,,7898943864277,25084090,83000000,UN,2026-09-14T15:40:59Z,10.49,10.49,39346861008650,CENCOSUD BRASIL COMERCIAL LTDA.,G. BARBOSA,JATIUCA,MACEIO
AREIA,MLB4427317555,Saco De Areia - Rhota,,0,25059000,83000000,UN,2026-09-10T19:38:01Z,10.5,10.5,63160728000109,JOSE CARLOS CORDEIRO DA SILVA,J C CORDEIRO,Jacintinho,MACEIO
AREIA,484557,AREIA HIGIENICA CLEAR CATS FINA PERFUMADA 4KG (CINZA),,0,25081000,83000000,UN,2026-09-11T19:59:35Z,10.6,10.6,50451823000101,VALDINEI DE OLIVEIRA,SUPER BACANA PET CENTER,Ponta Verde,MACEIO
AREIA,AR027577,AREIA HIG.BAW WAW,AREIA SANIT.GATOS 4KG BAWWAW,7897018101026,25059000,83000000,UND9,2026-09-11T00:43:12Z,10.9,10.9,93209765036499,WMS SUPERMERCADOS DO BRASIL LTDA.,,MANGABEIRAS,MACEIO
AREIA,R00001891612,AREIA MR CLEAN 4kg UN,,7898943864284,25084090,83000000,UN,2026-09-13T17:24:48Z,13.9,10.9,39346861008650,CENCOSUD BRASIL COMERCIAL LTDA.,G. BARBOSA,JATIUCA,MACEIO
AREIA,130301,AREIA HIG AFETO CAT CLASSIC 4KG,,606529787479,25081000,83000000,UN0001,2026-09-07T20:14:00Z,10.99,10.99,10840716000231,BARROS COMERCIO LTDA,SUPERMERCADO SAO DOMINGOS,BENEDITO BENTES,MACEIO
AREIA,4876,AREIA HIG P GATO GATINHO 4KG,,0,25084090,83000000,UN,2026-09-16T12:02:51Z,10.99,10.99,08665589000159,COMPRARBEM LTDA,,PRADO,MACEIO
AREIA,11319,AREIA GATINHO CHEIROSO 4KG,,602883379114,25081000,83000000,UN0001,2026-09-15T11:34:00Z,10.99,10.99,12207619000231,RENATO CAVALCANTE LINS,,GRUTA DE LOURDES,MACEIO
AREIA,74629,AREIA SANITARIA PERFUMADA BOBCAT 4KG,AREIA HIGIENICA PERFUMADO BOBCAT 5X4KG,7898041104381,25081000,83000000,UN,2026-09-08T21:45:43Z,10.99,10.99,05550065000124,WELLINGTON CURVELO MACHADO - ME,MERCADINHO SEU ANTONIO,BARRO DURO,MACEIO
AREIA,30882,AREIA CARECAT PERFUMADA 4KG,AREIA HIG P GATO CARECAT PERF 4KG,7898274860030,25059000,83000000,UN0001,2026-09-15T22:41:00Z,10.99,10.99,70011671000133,OMENA & ARAUJO LTDA,,TABULEIRO DO MARTINS,MACEIO
AREIA,111609,AREIA HIG P GATO CARECAT TRAD,,7898274860207,25059000,83000000,UND,2026-09-11T19:35:34Z,10.99,10.99,53470259000162,SUPERNOBRE QUITANDARIA LTDA,Nobres Quitandaria,Antares,MACEIO
AREIA,323,AREIA PRATICAT PERFUMADA FARDO C/6 UND,,0,25051000,83000000,UN,2026-09-11T18:18:31Z,11.0,11.0,31078632000100,C ALVES DE LIMA,CASA DA RACAO FEITOSA,FEITOSA,MACEIO
AREIA,1365,AREIA SANITARIA ADG FLORAL / ROSA - FARDOS DE 24 K,,0,25081000,83000000,UNI,2026-09-13T14:12:34Z,11.0,11.0,31078632000100,C ALVES DE LIMA,CASA DA RACAO FEITOSA,FEITOSA,MACEIO
AREIA,000150,AREIA SANITARIA ADG FLORAL / ROSA - FARDOS DE 24 KG (6X4KG),,742832740715,25081000,83000000,UNID,2026-09-08T21:36:14Z,11.0,11.0,61908319000104,M D DE A M MELO,MACEIO RAÇÕES,Farol,MACEIO
AREIA,2307,SACO AREIA FINA 20 KG,,0,25059000,83000000,UN,2026-09-10T11:22:20Z,11.0,11.0,22819860000194,MARIA PEREIRA DE LIMA,THAMIRES CONSTRUCAO,FEITOSA,MACEIO
AREIA,100985,AREIA HIGIENICA PERFUMADA ADG FLORAL,,0,25081000,83000000,UND,2026-09-10T20:07:50Z,11.0,11.0,33207369000129,ERIK DOUGLAS FERREIRA DA SILVA,LIDER RACOES,BENEDITO BENTES,MACEIO
AREIA,778,AREIA SC 25 KG,,0,25051000,83000000,KG,2026-09-14T11:36:31Z,11.0,11.0,52593968000172,GRUTA CONSTRUCAO LTDA,GRUTA CONSTRUCAO,GRUTA DE LOURDES,MACEIO
AREIA,130301,AREIA HIG AFETO CAT CLASSIC 4KG,,606529787479,25081000,83000000,UN0001,2026-09-14T19:32:00Z,11.19,11.19,10840716000908,BARROS COMERCIO LTDA,SUPERMERCADO SAO DOMINGOS,CIDADE UNIVERSITARIA,MACEIO
AREIA,130301,AREIA HIG AFETO CAT CLASSIC 4KG,,606529787479,25081000,83000000,UN0001,2026-09-15T11:12:00Z,11.19,11.19,10840716000746,BARROS COMERCIO LTDA,SUPERMERCADO SAO DOMINGOS,CIDADE UNIVERSITARIA,MACEIO
AREIA,3910,AREIA BOBCAT 4KG PERFUMADO - 19.50,AREIA HIGIENICA PERFUMADO BOBCAT 5X4KG,7898041104381,25081000,83000000,UN,2026-09-16T13:51:59Z,11.29,11.29,12303616000200,S. VIEIRA DA SILVA LTDA,CASA VIEIRA,CRUZ DAS ALMAS,MACEIO
AREIA,3910,AREIA BOBCAT 4KG PERFUMADO - 19.50,AREIA HIGIENICA PERFUMADO BOBCAT 5X4KG,7898041104381,25081000,83000000,UN,2026-09-14T16:14:02Z,11.29,11.29,12303616000110,S. VIEIRA DA SILVA LTDA,CASA VIEIRA,CENTRO,MACEIO
AREIA,3910,AREIA BOBCAT 4KG PERFUMADO - 19.50,AREIA HIGIENICA PERFUMADO BOBCAT 5X4KG,7898041104381,25081000,83000000,UN,2026-09-14T15:42:59Z,11.29,11.29,12303616000463,S. VIEIRA DA SILVA LTDA,CASA VIEIRA,FAROL,MACEIO
AREIA,3910,AREIA BOBCAT 4KG PERFUMADO - 19.50,AREIA HIGIENICA PERFUMADO BOBCAT 5X4KG,7898041104381,25081000,83000000,UN,2026-09-09T19:36:00Z,11.29,11.29,12303616000625,S. VIEIRA DA SILVA LTDA,CASA VIEIRA,CIDADE UNIVERSITARIA,MACEIO
AREIA,1002876,AREIA GATO RACA PURA PERF.4KG,AREIA HIGIA NICA 4KG PERFUMADA RACA PURA,7898910124601,25081000,83000000,UN,2026-09-08T15:44:29Z,11.49,11.49,35619488000114,M & W COMERCIO DE ALIMENTOS LTDA,MEGAMARX SUPERMERCADO E PANIFICACAO,FEITOSA,MACEIO
AREIA,5457,AREIA FINA 25 KG,,618231245703,25059000,83000000,UN,2026-09-09T15:20:07Z,12.0,11.5,54396504000100,MANGABEIRAS CONSTRUÇÃO LTDA,COMERCIAL MANGABEIRAS,Jatiúca,MACEIO
AREIA,7898910124601,AREIA GATO RC PURA PERF 4KG,AREIA HIGIA NICA 4KG PERFUMADA RACA PURA,7898910124601,25081000,83000000,UN,2026-09-09T20:16:51Z,11.59,11.59,64001477000174,SUPERMERCADO SUPER COMPRA LTDA,SUPER COMPRA,Vergel do Lago,MACEIO
AREIA,49798,AREIA MEDIA 25 KG,,618231245710,25051000,83000000,UND,2026-09-14T20:21:34Z,12.0,11.734,40181440000107,SANTOS & SANTOS COMERCIO DE MATERIAIS DE CONSTRUCAO LTDA,DONA NENE CONSTRUCOES,POCO,MACEIO
AREIA,500,AREIA FINA 25KG FIXAPLUS 1,,618231245703,25059000,83000000,SC,2026-09-15T18:43:15Z,11.75,11.75,11914541000141,NETTER CASA E CONSTRUÇÃO LTDA ME,CONSTRUCOES IPANEMA,JACINTINHO,MACEIO
AREIA,500,AREIA FINA 25KG FIXAPLUS 1,,618231245703,25059000,83000000,SC,2026-09-11T12:40:30Z,12.5,11.75,01493748000306,CONSTRUÇÕES IPANEMA LTDA,CONSTRUCOES IPANEMA,CENTRO,MACEIO
AREIA,500,AREIA FINA 25KG FIXAPLUS 1,,618231245703,25059000,83000000,SC,2026-09-08T20:38:29Z,11.75,11.75,01493748000136,CONSTRUÇÕES IPANEMA LTDA,CONSTRUÇÕES IPANEMA,POCO,MACEIO
AREIA,46922,AREIA HIGIENICA  RACA PURA  4KG FLORAL,AREIA HIGIA NICA 4KG PERFUMADA RACA PURA,7898910124601,25081000,83000000,UN,2026-09-15T22:06:39Z,11.75,11.75,03536939000163,MERCADINHO SANTA MARIA LTDA,,TAB DO MARTINS,MACEIO
AREIA,130301,AREIA HIG AFETO CAT CLASSIC 4KG,,606529787479,25081000,83000000,UN0005,2026-09-14T20:57:00Z,11.79,11.79,10840716001203,BARROS COMERCIO LTDA,SUPERMERCADO SÃO DOMINGOS,CIDADE UNIVERSITARIA,MACEIO
AREIA,139278,AREIA HIG P GATO CARECAT PERFUMADO 4KG,AREIA HIG P GATO CARECAT PERF 4KG,7898274860030,25059000,83000000,UN0005,2026-09-15T20:36:00Z,11.79,11.79,10840716001122,BARROS COMERCIO LTDA,SUPERMERCADO SÃO DOMINGOS,SANTA LUCIA,MACEIO
AREIA,3589,AREIA SANITARIA ADG FLORAL / ROSA FINA PERFUMADA,,0,25081000,83000000,UN,2026-09-16T00:23:44Z,11.9,11.9,27297919000145,C I DA SILVA,MERCADINHO POPULAR,SANTA LUCIA,MACEIO
AREIA,7898905706584,AREIA SANITARIA GATISSIMO SPERFUME 4KG,,7898905706584,25059000,83000000,UN,2026-09-16T17:34:12Z,11.9,11.9,53153938024716,COBASI COMERCIO DE PRODUTOS BASICOS E INDUSTRIALIZADOS S.A.,COBASI,FAROL,MACEIO
AREIA,7898905706324,AREIA SANITARIA KETS 4KG + 250G GRATIS,,7898905706324,25059000,83000000,UN,2026-09-16T20:58:28Z,11.9,11.9,53153938024716,COBASI COMERCIO DE PRODUTOS BASICOS E INDUSTRIALIZADOS S.A.,COBASI,FAROL,MACEIO
AREIA,20699,AREIA HIG GATO FINO PERF 4 KG UN,,7892345678814,25081000,83000000,PT,2026-09-15T14:57:43Z,11.975,11.975,02895028000836,R B DANTAS LTDA,COAGRO,CANAA,MACEIO
AREIA,20031570000008,AREIA GATOS KETS 4KG,,7898905706324,25059000,83000000,UN,2026-09-15T18:54:23Z,11.99,11.99,18328118023745,PET CENTER COMERCIO E PARTICIPACOES S.A.,,PONTA VERDE,MACEIO
AREIA,1920650,Areia Sanit Afetocat,,606529787479,25081000,83000000,FD,2026-09-16T16:37:08Z,11.99,11.99,08618647000355,SUPERMERCADOS CESTA DE ALIMENTOS LTDA,CESTA DE ALIMENTOS,JACINTINHO,MACEIO
AREIA,20031570000008,AREIA GATOS KETS 4KG,,7898905706324,25059000,83000000,UN,2026-09-16T21:06:29Z,11.99,11.99,18328118020053,PET CENTER COMERCIO E PARTICIPACOES S.A.,,CRUZ DAS ALMAS,MACEIO
AREIA,1920650,Areia Sanit Afetocat,,606529787479,25081000,83000000,FD,2026-09-15T14:39:05Z,11.99,11.99,08618647000193,SUPERMERCADOS CESTA DE ALIMENTOS LTDA,CESTA DE ALIMENTOS,TABULEIRO DO MARTINS,MACEIO
AREIA,66996,AREI CARECATHIGIEN 4KG,AREIA HIG P GATO CARECAT PERF 4KG,7898274860030,25081000,83000000,UN,2026-09-12T16:40:09Z,11.99,11.99,04017308000362,T.M. SUPERMERCADO LTDA,,CLIMA BOM,MACEIO
AREIA,66996,AREI CARECATHIGIEN 4KG,AREIA HIG P GATO CARECAT PERF 4KG,7898274860030,25081000,83000000,UN,2026-09-16T20:28:29Z,11.99,11.99,04017308000281,T.M. SUPERMERCADO LTDA,,SERRARIA,MACEIO
AREIA,66996,AREI CARECATHIGIEN 4KG,AREIA HIG P GATO CARECAT PERF 4KG,7898274860030,25081000,83000000,UN,2026-09-16T15:30:59Z,11.99,11.99,04017308000109,T.M. SUPERMERCADO LTDA,,TABULEIRO DOS MARTINS,MACEIO
AREIA,139278,AREIA HIG P GATO CARECAT PERFUMADO 4KG,AREIA HIG P GATO CARECAT PERF 4KG,7898274860030,25059000,83000000,UN0001,2026-09-15T23:05:00Z,11.99,11.99,10840716000908,BARROS COMERCIO LTDA,SUPERMERCADO SAO DOMINGOS,CIDADE UNIVERSITARIA,MACEIO
AREIA,5695,AREIA FINA 25 KG,,618231245703,25059000,83000000,UN,2026-09-09T16:39:06Z,12.0,12.0,54396504000100,MANGABEIRAS CONSTRUÇÃO LTDA,COMERCIAL MANGABEIRAS,Jatiúca,MACEIO
AREIA,0000000003516,AREIA FLOR ARTE 1K SC ROSA,,7893979303417,68021000,83000000,UNID,2026-09-16T17:04:11Z,12.0,12.0,03000934000111,T D COMERCIO DE PLANTAS E FLORES NATURAIS LTDA,,SERRARIA,MACEIO
AREIA,3188,AREIA EM SACO,,0,25232910,83000000,SC,2026-09-15T19:28:44Z,12.0,12.0,52183086000139,COMERCIAL SOUSA LTDA,COMERCIAL SOUSA,SERRARIA,MACEIO
AREIA,5769,AREIA FIXAPLUS 20KG FINA,,0,25059000,83000000,UN,2026-09-15T12:29:02Z,12.0,12.0,08443921000130,LOJA BELO MONTE LTDA,BELO MONTE,PONTA DA TERRA,MACEIO
AREIA,49797,AREIA FINA 25 KG,,618231245703,25059000,83000000,UND,2026-09-14T18:57:14Z,12.0,12.0,40181440000107,SANTOS & SANTOS COMERCIO DE MATERIAIS DE CONSTRUCAO LTDA,DONA NENE CONSTRUCOES,POCO,MACEIO
AREIA,21285,AREIA SANITARIO KETS TALCO 4 KG,,0,25081000,83000000,UN,2026-09-15T12:20:32Z,12.0,12.0,59547154000140,J A TORRES PETSHOP,MONDO PET,Jatiúca,MACEIO
AREIA,21796,AREIA SANITARIA KETS FINISSIMO 4 KG,,0,25081000,83000000,UN,2026-09-15T12:41:35Z,12.0,12.0,59547154000140,J A TORRES PETSHOP,MONDO PET,Jatiúca,MACEIO
AREIA,0000000000801,AREIA FINA PACOTE 25KG FIXAPLUS,,0,25059000,83000000,UN,2026-09-13T13:09:37Z,12.0,12.0,13234526000188,FLAVIO BASILIO DE ALMEIDA,COMERCIAL BASILIO,CLIMA BOM,MACEIO
AREIA,656,AREIA 20KG,,0,25051000,83000000,UN,2026-09-16T15:35:42Z,12.0,12.0,13967170000191,SAMEPE MATERIAL DE CONSTRUCAO,,JACINTINHO,MACEIO
AREIA,1145,AREIA GROSSA - RHOTA,,0,25059000,83000000,UN,2026-09-12T13:28:22Z,12.0,12.0,27449717000171,F P B DOS SANTOS COMERCIO E SERVIÇOS LTDA,FP PECAS E SERVICOS,SERRARIA,MACEIO
AREIA,1146,AREIA FINA - RHOTA,,0,25059000,83000000,UN,2026-09-12T16:02:57Z,12.0,12.0,27449717000171,F P B DOS SANTOS COMERCIO E SERVIÇOS LTDA,FP PECAS E SERVICOS,SERRARIA,MACEIO
AREIA,32551,AREIA SANIT AFETOCAT CLASSIC 4KG 7479 UN,,606529787479,25081000,83000000,UN,2026-09-15T17:51:02Z,12.08,12.08,02203226000115,C. A. DE OLIVEIRA - ME,MERCADINHO OLIVEIRA,SITIO SAO JORGE,MACEIO
AREIA,006589,PACOTE AREIA FINA 25KG - FIXAPLUS,,618231245703,25059000,83000000,UN,2026-09-15T17:42:18Z,12.99,12.14,70012570000187,CARMEM LUCIA LINS DE SOUZA - ME,COMERCIAL LINS,PONTA GROSSA,MACEIO
AREIA,139278,AREIA HIG P GATO CARECAT PERFUMADO 4KG,AREIA HIG P GATO CARECAT PERF 4KG,7898274860030,25059000,83000000,UN0001,2026-09-16T22:00:00Z,12.19,12.19,10840716000231,BARROS COMERCIO LTDA,SUPERMERCADO SAO DOMINGOS,BENEDITO BENTES,MACEIO
AREIA,54,AREIA FINA 25KG FIXAPLUS,,0,83014000,83000000,PCT,2026-09-16T15:14:26Z,12.25,12.25,17887377000107,AMORIM FREITAS CONSTRUÇÃO LTDA,VALMOR MATERIAL DE CONSTRUCAO,JACINTINHO,MACEIO
AREIA,014497,AREIA LAVADA 25KG,,0,25059000,83000000,UN,2026-09-15T20:11:25Z,12.5,12.3,35722180000108,G SILVA MATERIAL DE CONSTRUCOES LTDA,G SILVA MATERIAL DE CONSTRUÇÃO E FERRAGEM,JATIUCA,MACEIO
AREIA,55,AREIA GROSSA 25KG FIXAPLUS,,0,25059000,83000000,PCT,2026-09-14T19:20:07Z,12.5,12.5,17887377000107,AMORIM FREITAS CONSTRUÇÃO LTDA,VALMOR MATERIAL DE CONSTRUCAO,JACINTINHO,MACEIO
AREIA,501,AREIA GROSSA 25KG FIXAPLUS 1,,618231245710,25059000,83000000,SC,2026-09-14T13:08:27Z,12.5,12.5,01493748000306,CONSTRUÇÕES IPANEMA LTDA,CONSTRUCOES IPANEMA,CENTRO,MACEIO
AREIA,9129,AREIA PRATICAT FINA PERFUMADA,,7898274860245,25059000,83000000,UN,2026-09-15T12:35:39Z,12.5,12.5,03507618000130,N S RACOES LTDA,,LEVADA,MACEIO
AREIA,501,AREIA GROSSA 25KG FIXAPLUS 1,,618231245710,25059000,83000000,SC,2026-09-09T13:03:07Z,12.5,12.5,01493748000136,CONSTRUÇÕES IPANEMA LTDA,CONSTRUÇÕES IPANEMA,POCO,MACEIO
AREIA,4035,AREIA SANITARIA COMUM  CAT/ M & S 4KG,,0,25081000,83000000,UN,2026-09-12T23:02:37Z,12.5,12.5,02143844000117,SCALARE PET SHOP LTDA - EPP,SCALARE PET SHOP,MANGABEIRAS,MACEIO
AREIA,20035570000048,10% AREIA GATOS KETS GATISSIMO 4KG S.PERFUME,,7898905706584,25059000,83000000,CX,2026-09-13T20:32:23Z,13.99,12.6,18328118020053,PET CENTER COMERCIO E PARTICIPACOES S.A.,,CRUZ DAS ALMAS,MACEIO
AREIA,20035570000048,AREIA GATOS KETS GATISSIMO 4KG S.PERFUME,,7898905706584,25059000,83000000,CX,2026-09-16T21:28:49Z,13.99,12.69,18328118023745,PET CENTER COMERCIO E PARTICIPACOES S.A.,,PONTA VERDE,MACEIO
AREIA,139278,AREIA HIG P GATO CARECAT PERFUMADO 4KG,AREIA HIG P GATO CARECAT PERF 4KG,7898274860030,25059000,83000000,UN0005,2026-09-16T15:24:00Z,12.79,12.79,10840716001203,BARROS COMERCIO LTDA,SUPERMERCADO SÃO DOMINGOS,CIDADE UNIVERSITARIA,MACEIO
AREIA,315889,AREIA FINA SC20KG CORDEIRO MINERIOS SC0020KG,,7898783270009,25051000,83000000,SC,2026-09-14T14:41:55Z,13.99,12.87,00279531000670,TUPAN CONSTRUCOES LTDA,,JARDIM PETROPOLIS,MACEIO
AREIA,1032694,AREIA PIPICAT 4kg,PIPICAT GRANULADO SANITARIO CLASSIC 4KG 6X1 - BENT,7896273800033,25081000,83000000,Un,2026-09-16T21:58:47Z,12.9,12.9,06057223051914,SENDAS DISTRIBUIDORA S/A,,GRUTA DE LOURDES,MACEIO
AREIA,00000000000000000000,AREIA P GATOS PERFUMADA 4 KG,,0,25059000,83000000,UN,2026-09-11T14:48:14Z,12.9,12.9,32899540000145,PET'S WORLD LTDA,PET'S WORLD,MANGABEIRAS,MACEIO
AREIA,1032694,AREIA PIPICAT 4kg,PIPICAT GRANULADO SANITARIO CLASSIC 4KG 6X1 - BENT,7896273800033,25081000,83000000,Un,2026-09-16T21:03:25Z,12.9,12.9,06057223039469,SENDAS DISTRIBUIDORA S/A,,TABULEIRO DO MARTINS,MACEIO
AREIA,147973,AREIA SANITARIA AFETO CAT CLASSIC 4KG,,0,25081000,83000000,UN,2026-09-16T11:46:24Z,12.99,12.99,07671615000784,BELLACOMPRA SUPERMERCADOS LTDA,BELLACOMPRA,PONTA VERDE,MACEIO
AREIA,147973,AREIA SANITARIA AFETO CAT CLASSIC 4KG,,0,25081000,83000000,UN,2026-09-16T22:43:34Z,12.99,12.99,41185455001269,UNI COMPRA SUPERMERCADOS LTDA,,VERGEL DO LAGO,MACEIO
AREIA,147973,AREIA SANITARIA AFETO CAT CLASSIC 4KG,,0,25081000,83000000,UN,2026-09-15T22:33:02Z,12.99,12.99,41185455000882,UNI COMPRA SUPERMERCADOS LTDA,,BOM PARTO,MACEIO
AREIA,147973,AREIA SANITARIA AFETO CAT CLASSIC 4KG,,0,25081000,83000000,UN,2026-09-16T18:35:08Z,12.99,12.99,41185455000610,UNI COMPRA SUPERMERCADOS LTDA,,FAROL,MACEIO
AREIA,147973,AREIA SANITARIA AFETO CAT CLASSIC 4KG,,0,25081000,83000000,UN,2026-09-07T23:43:03Z,12.99,12.99,07671615000601,BELLACOMPRA SUPERMERCADOS LTDA,BELLACOMPRA,PAJUCARA,MACEIO
AREIA,147973,AREIA SANITARIA AFETO CAT CLASSIC 4KG,,0,25081000,83000000,UN,2026-09-13T15:23:01Z,12.99,12.99,41185455000530,UNI COMPRA SUPERMERCADOS LTDA,,JACINTINHO,MACEIO
AREIA,147973,AREIA SANITARIA AFETO CAT CLASSIC 4KG,,0,25081000,83000000,UN,2026-09-16T12:59:08Z,12.99,12.99,41185455001501,UNI COMPRA SUPERMERCADOS LTDA,,PONTA VERDE,MACEIO
AREIA,147973,AREIA SANITARIA AFETO CAT CLASSIC 4KG,,0,25081000,83000000,UN,2026-09-16T14:21:15Z,12.99,12.99,41185455002583,UNI COMPRA SUPERMERCADOS LTDA,UNI COMPRA,JATIUCA,MACEIO
AREIA,55,AREIA GROSSA 25 KG,,0,25059000,83000000,UN,2026-09-14T11:03:12Z,13.0,13.0,23959130000151,ELINEIDE SANTOS NASCIMENTO - ME,CASA NASCIMENTO,JACINTINHO,MACEIO
AREIA,002428,PACOTE AREIA GROSSA 25 KG,,618231245710,25059000,83000000,UN,2026-09-12T19:43:12Z,13.0,13.0,18858120000190,GRACILENE CORREIA DA SILVA CANDIDO,HIDROGRAF,SANTA LUCIA,MACEIO
AREIA,002891,PACOTE AREIA FINA 25 KG,,0,25059000,83000000,UN,2026-09-15T20:57:25Z,13.0,13.0,18858120000190,GRACILENE CORREIA DA SILVA CANDIDO,HIDROGRAF,SANTA LUCIA,MACEIO
AREIA,3567,AREIA LAVADA FIXAPLUS ENSACADA 20KG,,0,25059000,83000000,UN,2026-09-16T13:34:38Z,13.0,13.0,02138293000101,J. A. DA SILVA MAT. DE CONSTRUCAO - ME,JH COMERCIAL,PRADO,MACEIO
AREIA,2784,AREIA PRATICAT PERFUMADA 4KG,,0,25081000,83000000,UN,2026-09-14T13:07:10Z,13.0,13.0,09439164000194,MUNDO ALAGOAS PET LTDA,MUNDO ALAGOAS PET,FEITOSA,MACEIO
AREIA,00618231245703,AREIA FINA 25 KG,,0,25059000,83000000,UN,2026-09-10T15:57:32Z,14.0,13.3,38430818000117,PARAFUZETA MATERIAIS DE CONSTRUCOES E MULTICOISAS LTDA,PARAFUZETA MULTICOISAS,JATIUCA,MACEIO
AREIA,30002529,AREIA TERRACOTA,,0,25171000,83000000,KG,2026-09-12T14:36:46Z,14.9,13.41,21732341000121,JOAO CARLOS V DA SILVA,,CLIMA BOM,MACEIO
AREIA,1183436,AREIA GTO CAT ZO 4kg,,7898645221798,25081000,83000000,Un,2026-09-13T17:31:58Z,13.49,13.49,06057223051914,SENDAS DISTRIBUIDORA S/A,,GRUTA DE LOURDES,MACEIO
AREIA,1183436,AREIA GTO CAT ZO 4kg,,7898645221798,25081000,83000000,Un,2026-09-16T00:17:15Z,13.49,13.49,06057223052058,SENDAS DISTRIBUIDORA S/A,,MANGABEIRAS,MACEIO
AREIA,1183436,AREIA GTO CAT ZO 4kg,,7898645221798,25081000,83000000,Un,2026-09-15T22:59:17Z,13.49,13.49,06057223039469,SENDAS DISTRIBUIDORA S/A,,TABULEIRO DO MARTINS,MACEIO
AREIA,73369,AREIA P/GATO CARECAT PERFUMADO 4KG,AREIA HIG P GATO CARECAT PERF 4KG,7898274860030,25059000,83000000,UN0001,2026-09-14T19:22:00Z,13.49,13.49,33265369000185,PRECO CERTO COM. DE ALIMENTOS LTDA,SUPERMERCADO PRECO CERTO,OURO PRETO,MACEIO
AREIA,35014,AREIA BOBCAT 4KG PERFUMADO,AREIA HIGIENICA PERFUMADO BOBCAT 5X4KG,7898041104381,25059000,83000000,UN,2026-09-15T13:12:32Z,13.6,13.6,43712969000106,J R B DOS REIS ALIMENTOS,FERNANDA ALIMENTOS,JATIUCA,MACEIO
AREIA,7898783270009,AREIA FINA ENSACADA 20KG                     De3040 Por2736,,0,25051000,83000000,UN,2026-09-16T17:14:19Z,15.2,13.68,01438784005590,LEROY MERLIN COMPANHIA BRASILEIRA DE BRICOLAGEM,,CRUZ DAS ALMAS,MACEIO
AREIA,1032694,Areia Sanitaria Pipicat Classic Odor Block 4kg G,PIPICAT GRANULADO SANITARIO CLASSIC 4KG 6X1 - BENT,7896273800033,25081000,83000000,Un,2026-09-16T21:47:52Z,13.74,13.74,06057223052058,SENDAS DISTRIBUIDORA S/A,,MANGABEIRAS,MACEIO
AREIA,11289,AREIA HIG P GATO CARECAT PERF,AREIA HIG P GATO CARECAT PERF 4KG,7898274860030,25059000,83000000,UND,2026-09-11T22:13:12Z,13.79,13.79,53470259000162,SUPERNOBRE QUITANDARIA LTDA,Nobres Quitandaria,Antares,MACEIO
AREIA,R00001891612,AREIA MR CLEAN 4kg UN,,7898943864284,25084090,83000000,UN,2026-09-15T20:29:41Z,13.9,13.9,39346861016327,CENCOSUD BRASIL COMERCIAL LTDA.,,CIDADE UNIVERSITARIA,MACEIO
AREIA,7898905706034,AREIA SANITARIA GATISSIMO 4KG,,7898905706034,25059000,83000000,UN,2026-09-13T21:00:44Z,13.9,13.9,53153938024716,COBASI COMERCIO DE PRODUTOS BASICOS E INDUSTRIALIZADOS S.A.,COBASI,FAROL,MACEIO
AREIA,R00001891612,AREIA MR CLEAN 4kg UN,,7898943864284,25084090,83000000,UN,2026-09-13T20:11:18Z,13.9,13.9,39346861008308,CENCOSUD BRASIL COMERCIAL LTDA.,G. BARBOSA,CRUZ DAS ALMAS,MACEIO
AREIA,7898783270016,AREIA MADIA ENSACADA 20KG                    De2976 Por2796,,0,25051000,83000000,UN,2026-09-16T18:45:54Z,14.88,13.98,01438784005590,LEROY MERLIN COMPANHIA BRASILEIRA DE BRICOLAGEM,,CRUZ DAS ALMAS,MACEIO
AREIA,20031570000047,AREIA GATOS KETS 4KG TALCO,AREIA GTO KETS PERFU,7898905706102,25059000,83000000,UN,2026-09-11T19:20:25Z,13.99,13.99,18328118023745,PET CENTER COMERCIO E PARTICIPACOES S.A.,,PONTA VERDE,MACEIO
AREIA,58447,AREIA MEDIA SC 20KG CORDEIRO MINERIOS,,7898783270016,25059000,83000000,SO,2026-09-12T15:34:27Z,13.99,13.99,70015672000156,ENCONTRO DO SOL HOME CENTER LTDA,ENCONTRO DO SOL HOME CENTER,TABULEIRO DO MARTINS,MACEIO
AREIA,16904,AREIA SANIT AFETOCAT PERFUMA 4KG,,0,25081000,83000000,UN,2026-09-16T21:49:49Z,13.99,13.99,48059073000185,J EDUARDO DO NASCIMENTO BRITO LATICINIO  LTDA,J EDUARDO DO NASCIMENTO BRITO LATICINIO  LTDA,ANTARES,MACEIO
AREIA,43868,AREIA HIG P/GATO CARECAT PERF 4KG,AREIA HIG P GATO CARECAT PERF 4KG,7898274860030,25059000,83000000,UN,2026-09-14T10:29:27Z,13.99,13.99,65256555000144,EMPÓRIO SERRARIA LTDA,EMPÓRIO SERRARIA,Serraria,MACEIO
AREIA,55777,AREIA FINA SC 20KG CORDEIRO MINERIOS,,0,25059000,83000000,SO,2026-09-09T14:14:21Z,13.99,13.99,70015672000156,ENCONTRO DO SOL HOME CENTER LTDA,ENCONTRO DO SOL HOME CENTER,TABULEIRO DO MARTINS,MACEIO
AREIA,00618231245710,AREIA GROSSA 25 KG,,0,25059000,83000000,UN,2026-09-11T16:22:29Z,14.0,14.0,38430818000117,PARAFUZETA MATERIAIS DE CONSTRUCOES E MULTICOISAS LTDA,PARAFUZETA MULTICOISAS,JATIUCA,MACEIO
AREIA,1534,AREIAMIX 20Kg,,7908086810977,25059000,83000000,UN,2026-09-10T15:19:27Z,14.0,14.0,56888799000159,ARTEC REFRIGERACAO LTDA,ARTEC REFRIGERACAO,Santos Dumont,MACEIO
AREIA,32963,AREIA SANIT AFETOCAT PERFUMA 4KG 7462 UN,,606529787462,25081000,83000000,UN,2026-09-15T17:51:02Z,14.08,14.08,02203226000115,C. A. DE OLIVEIRA - ME,MERCADINHO OLIVEIRA,SITIO SAO JORGE,MACEIO
AREIA,6721,AREIA SANIT AFETOCAT PERF 4KG,,606529787462,25081000,83000000,UN,2026-09-14T15:01:18Z,14.25,14.25,69991537000167,L.A.CORDEIRO - ME,MERCADINHO FAVORITO,POCO,MACEIO
AREIA,7898927960025,AREIA GROSSA LAVADA 20KG CASA FORTE,,0,25059000,83000000,SC,2026-09-14T12:38:30Z,14.9,14.9,03656804000131,CARAJAS MATERIAL DE CONSTRUCAO LTDA,CARAJAS CONSTRUCAO,TABULEIRO DOS MARTINS,MACEIO
AREIA,20611,AREIA GRANU GATOS EDUKAT 4KG 5UN UN,,0,25059000,83000000,UN,2026-09-15T19:48:19Z,14.9,14.9,02895028000674,R B DANTAS LTDA,COAGRO,JATIUCA,MACEIO
AREIA,901753800693,PAINEL RIPADO ADESIVO PVC AREIA 30X60X3CM,,7908399593628,39259090,83000000,UN,2026-09-08T18:42:13Z,14.99,14.99,63473235003802,COMERCIAL DE MIUDEZAS FREITAS LTDA,FREITAS VAREJO,PINHEIRO,MACEIO
AREIA,0618231245703,SACO AREIA FINA 25KG FIXAPLUS FIXAPLUS,,618231245703,25059000,83000000,SC,2026-09-12T14:20:54Z,14.99,14.99,56182905000184,VIA COMERCIAL MATERIAIS DE CONSTRUÇÃO LTDA,VIA COMERCIAL,Barro Duro,MACEIO
AREIA,11667,AREIA HIGIENICA FINO TRADICIONAL CARE CA,,7898274860207,25081000,83000000,UN,2026-09-14T15:33:21Z,14.99,14.99,10505854000183,DEMERVAL PIOL JUNIOR ALIMENTOS,O SACOLAO,PINHEIRO,MACEIO
AREIA,2185,PACOTE AREIA GROSSA 25 KG,,0,25059000,83000000,UN,2026-09-14T14:10:44Z,15.0,15.0,24479546000135,24.479.546 EVERTON TAVARES DA SILVA,,CIDADE UNIVERSITARIA,MACEIO
AREIA,3874,AREIA LAVADA,,7908086810977,25059000,83000000,UN,2026-09-10T18:20:11Z,15.0,15.0,42772381000177,RAMOS BRASIL PERFIL LTDA,PRIME CONSTRUCOES,CIDADE UNIVERSITARIA,MACEIO
AREIA,2184,PACOTE AREIA FINA 25 KG,,0,25059000,83000000,UN,2026-09-14T14:10:44Z,15.0,15.0,24479546000135,24.479.546 EVERTON TAVARES DA SILVA,,CIDADE UNIVERSITARIA,MACEIO
AREIA,139278,AREIA HIG P GATO CARECAT PERFUMADO 4KG,AREIA HIG P GATO CARECAT PERF 4KG,7898274860030,25059000,83000000,UN0001,2026-09-13T14:38:00Z,15.39,15.39,10840716000150,BARROS COMERCIO LTDA,SUPERMERCADO SÃO DOMINGOS,PETROPOLIS,MACEIO
AREIA,55862,AREIA HIG P/ GATO CARE CAT PERFUMADA 4KG,AREIA HIG P GATO CARECAT PERF 4KG,7898274860030,25081000,83000000,UN0001,2026-09-08T22:07:00Z,15.5,15.5,12207619000231,RENATO CAVALCANTE LINS,,GRUTA DE LOURDES,MACEIO
AREIA,103325,Areia Hig P  Gato Af,,606529787479,25081000,83000000,UN,2026-09-16T22:20:06Z,15.59,15.59,05154589000520,OLIVEIRA E NOBRE SUPERMERCADO LTDA,NOBRE SUPERMERCADOS,JATIUCA,MACEIO
AREIA,103325,Areia Hig P  Gato Af,,606529787479,25081000,83000000,UN,2026-09-15T23:06:48Z,15.59,15.59,05154589000449,OLIVEIRA E NOBRE SUPERMERCADO LTDA,NOBRE SUPERMERCADOS,PONTA VERDE,MACEIO
AREIA,35735,AREIA SANIT AFETOCAT FINISSI 4KG 7455 UN,,606529787455,25081000,83000000,UN,2026-09-15T17:51:02Z,15.65,15.65,02203226000115,C. A. DE OLIVEIRA - ME,MERCADINHO OLIVEIRA,SITIO SAO JORGE,MACEIO
AREIA,7453,AREIA  DE  GATO GRIFFE CAT 4KG PET LEGAL,,0,25081000,83000000,UN,2026-09-14T23:19:12Z,15.8,15.8,02143844000117,SCALARE PET SHOP LTDA - EPP,SCALARE PET SHOP,MANGABEIRAS,MACEIO
AREIA,7931,AREIA SANIT AFETO CAT 4KG FINISSIMA,,606529787455,25081000,83000000,UN,2026-09-15T20:44:01Z,15.9,15.9,69991537000167,L.A.CORDEIRO - ME,MERCADINHO FAVORITO,POCO,MACEIO
AREIA,147976,AREIA SANITARIA AFETO CAT PERFUMADA 4KG,,0,25081000,83000000,UN,2026-09-07T19:58:26Z,15.98,15.98,07671615000601,BELLACOMPRA SUPERMERCADOS LTDA,BELLACOMPRA,PAJUCARA,MACEIO
AREIA,147976,AREIA SANITARIA AFETO CAT PERFUMADA 4KG,,0,25081000,83000000,UN,2026-09-15T21:24:36Z,15.98,15.98,41185455001501,UNI COMPRA SUPERMERCADOS LTDA,,PONTA VERDE,MACEIO
AREIA,147976,AREIA SANITARIA AFETO CAT PERFUMADA 4KG,,0,25081000,83000000,UN,2026-09-12T20:58:22Z,15.98,15.98,41185455001269,UNI COMPRA SUPERMERCADOS LTDA,,VERGEL DO LAGO,MACEIO
AREIA,147976,AREIA SANITARIA AFETO CAT PERFUMADA 4KG,,0,25081000,83000000,UN,2026-09-13T20:26:14Z,15.98,15.98,41185455000882,UNI COMPRA SUPERMERCADOS LTDA,,BOM PARTO,MACEIO
AREIA,147976,AREIA SANITARIA AFETO CAT PERFUMADA 4KG,,0,25081000,83000000,UN,2026-09-13T20:55:48Z,15.98,15.98,07671615000512,BELLACOMPRA SUPERMERCADOS LTDA,BELLACOMPRA,FAROL,MACEIO
AREIA,147976,AREIA SANITARIA AFETO CAT PERFUMADA 4KG,,0,25081000,83000000,UN,2026-09-15T23:41:03Z,15.98,15.98,41185455002583,UNI COMPRA SUPERMERCADOS LTDA,UNI COMPRA,JATIUCA,MACEIO
AREIA,147976,AREIA SANITARIA AFETO CAT PERFUMADA 4KG,,0,25081000,83000000,UN,2026-09-16T10:45:01Z,15.98,15.98,41185455000610,UNI COMPRA SUPERMERCADOS LTDA,,FAROL,MACEIO
AREIA,147976,AREIA SANITARIA AFETO CAT PERFUMADA 4KG,,0,25081000,83000000,UN,2026-09-13T18:53:30Z,15.98,15.98,41185455000530,UNI COMPRA SUPERMERCADOS LTDA,,JACINTINHO,MACEIO
AREIA,20031570000126,AREIA GATOS GATISSIMO 4KG,,7898905706034,25059000,83000000,UN,2026-09-16T22:20:40Z,15.99,15.99,18328118023745,PET CENTER COMERCIO E PARTICIPACOES S.A.,,PONTA VERDE,MACEIO
AREIA,11668,AREIA HIGIENICA CARE CAT PERF 4KG,AREIA HIG P GATO CARECAT PERF 4KG,7898274860030,25081000,83000000,UN,2026-09-15T13:38:00Z,15.99,15.99,10505854000183,DEMERVAL PIOL JUNIOR ALIMENTOS,O SACOLAO,PINHEIRO,MACEIO
AREIA,366,AREIA HIG.  PERFUMADA  4KG  RACA PURA/MISTER CAT,,0,25081000,83000000,UN,2026-09-10T14:36:21Z,16.25,16.25,02143844000117,SCALARE PET SHOP LTDA - EPP,SCALARE PET SHOP,MANGABEIRAS,MACEIO
AREIA,7898783270023,AREIA GROSSA ENSACADA 20KG,,0,25051000,83000000,UN,2026-09-13T16:47:34Z,16.27,16.27,01438784005590,LEROY MERLIN COMPANHIA BRASILEIRA DE BRICOLAGEM,,CRUZ DAS ALMAS,MACEIO
AREIA,1619,AREIA HIG. PIPICAT FLORAL 4KG,PIPICAT GRANULADO SANITARIO FLORAL 4KG 6X1 - BENTO,7896273805182,25081000,83000000,SC,2026-09-12T20:01:51Z,17.5,16.65,14761876000165,BICHOS & SITIOS LTDA,BICHOS E SITIOS,BENEDITO BENTES,MACEIO
AREIA,147975,AREIA SANITARIA AFETO CAT FINISSIMA 4KG,,0,25081000,83000000,UN,2026-09-13T18:25:55Z,16.99,16.99,07671615000784,BELLACOMPRA SUPERMERCADOS LTDA,BELLACOMPRA,PONTA VERDE,MACEIO
AREIA,147975,AREIA SANITARIA AFETO CAT FINISSIMA 4KG,,0,25081000,83000000,UN,2026-09-14T21:35:52Z,16.99,16.99,07671615000512,BELLACOMPRA SUPERMERCADOS LTDA,BELLACOMPRA,FAROL,MACEIO
AREIA,147975,AREIA SANITARIA AFETO CAT FINISSIMA 4KG,,0,25081000,83000000,UN,2026-09-16T23:48:53Z,16.99,16.99,41185455002583,UNI COMPRA SUPERMERCADOS LTDA,UNI COMPRA,JATIUCA,MACEIO
AREIA,147975,AREIA SANITARIA AFETO CAT FINISSIMA 4KG,,0,25081000,83000000,UN,2026-09-17T01:12:55Z,16.99,16.99,41185455000610,UNI COMPRA SUPERMERCADOS LTDA,,FAROL,MACEIO
AREIA,147975,AREIA SANITARIA AFETO CAT FINISSIMA 4KG,,0,25081000,83000000,UN,2026-09-14T22:04:39Z,16.99,16.99,41185455000530,UNI COMPRA SUPERMERCADOS LTDA,,JACINTINHO,MACEIO
AREIA,147975,AREIA SANITARIA AFETO CAT FINISSIMA 4KG,,0,25081000,83000000,UN,2026-09-11T16:59:39Z,16.99,16.99,41185455000882,UNI COMPRA SUPERMERCADOS LTDA,,BOM PARTO,MACEIO
AREIA,147975,AREIA SANITARIA AFETO CAT FINISSIMA 4KG,,0,25081000,83000000,UN,2026-09-16T22:50:46Z,16.99,16.99,07671615000601,BELLACOMPRA SUPERMERCADOS LTDA,BELLACOMPRA,PAJUCARA,MACEIO
AREIA,147975,AREIA SANITARIA AFETO CAT FINISSIMA 4KG,,0,25081000,83000000,UN,2026-09-16T22:28:14Z,16.99,16.99,41185455001501,UNI COMPRA SUPERMERCADOS LTDA,,PONTA VERDE,MACEIO
AREIA,147975,AREIA SANITARIA AFETO CAT FINISSIMA 4KG,,0,25081000,83000000,UN,2026-09-14T17:32:01Z,16.99,16.99,41185455001269,UNI COMPRA SUPERMERCADOS LTDA,,VERGEL DO LAGO,MACEIO
AREIA,3319,AREIA SANIT AFETOCAT CLASSIC 4KG 7479 UN,,606529787479,25081000,83000000,UN,2026-09-11T12:00:20Z,17.0,17.0,04015298000164,BICHOS E BICHANOS COMERCIO LTDA,,JATIUCA,MACEIO
AREIA,2932,PACOTE AREIA FINA 25 KG,,0,25059000,83000000,UN,2026-09-13T08:52:05Z,20.0,17.0,22237379000190,JOSÉ PEREIRA DA COSTA JÚNIOR COMÉRCIO  - ME,PEREIRA TINTAS E FERRAGENS,LEVADA,MACEIO
AREIA,7898905706300,GRANULADO BENTONITA KETS PREMIUM 4KG,AREIA GTO KETS PREM,7898905706300,25081000,83000000,UN,2026-09-16T19:15:50Z,18.99,18.99,53153938024716,COBASI COMERCIO DE PRODUTOS BASICOS E INDUSTRIALIZADOS S.A.,COBASI,FAROL,MACEIO
AREIA,228602,Areia Hig P  Gato Af,,606529787455,25081000,83000000,UN,2026-09-12T11:00:32Z,19.99,19.99,05154589000449,OLIVEIRA E NOBRE SUPERMERCADO LTDA,NOBRE SUPERMERCADOS,PONTA VERDE,MACEIO
AREIA,7898905706362,AREIA SANIT KETS PREMIUM PERFUMADO 4KG,,7898905706362,25081000,83000000,UN,2026-09-13T18:17:37Z,20.99,20.99,53153938024716,COBASI COMERCIO DE PRODUTOS BASICOS E INDUSTRIALIZADOS S.A.,COBASI,FAROL,MACEIO
AREIA,007148,CAIXA DE AREIA PRETA FUNDA,CAIXA P/MASSA PLASTICA TERRAPLAST 20L PRETA REF: TWS/010,7898337410103,39259090,83000000,UN,2026-09-14T14:25:32Z,22.9,22.9,35139529000175,GUSTAVO LACERDA GOMIDE,MANIA PET,BARRO DURO,MACEIO
AREIA,4282,AREIA HIGIENICA CLEAR CATS TRADICIONAL FARDO 5 X 4KG (VERDE),,0,25081000,83000000,FARDO,2026-09-16T11:15:33Z,23.0,23.0,69997955000161,COMERCIO DE ANIMAIS DOMESTICOS LTDA - ME,RACOES E PASSAROS,JATIUCA,MACEIO
AREIA,000986,AREIA SANITARIA MISTER PET,AREIA HIGIE MISTER PET GRANULADO 4KG,7898041104398,25081000,83000000,UN,2026-09-08T20:20:18Z,23.5,23.5,11861627000153,D H VEIGA LEAO,,CIDADE UNIVERSITARIA,MACEIO
AREIA,01398,FRD AREIA URICAT 20 KG,,0,25081000,83000000,FD,2026-09-13T15:24:30Z,25.0,25.0,01515373000168,CICERO PEDRO DOS SANTOS RACOES - ME,CICERO RACOES,TAB. DOS MARTINS,MACEIO
AREIA,533,AREIA P/ GATOS FARDO C/5,,0,25059000,83000000,UNID,2026-09-08T12:53:38Z,25.0,25.0,01362399000113,ORLANDO SOUZA DOURADO - ME,,BENEDITO BENTES,MACEIO
AREIA,101497,FARDO AREIA HIG. TRADIC (VERDE) CLEAR CATS 5 UND,,0,25081000,83000000,UND,2026-09-12T19:15:46Z,27.0,27.0,33207369000129,ERIK DOUGLAS FERREIRA DA SILVA,LIDER RACOES,BENEDITO BENTES,MACEIO
AREIA,S114671,AREIA HIGIENICA 12KG,,7891738009334,25081000,83000000,UNID,2026-09-16T18:44:43Z,39.98,27.02,00063960060187,WMB SUPERMERCADOS DO BRASIL LTDA.,,GRUTA DE LOURDES,MACEIO
AREIA,4144,FD AREIA CLEAR CATS TRAD 5 X 4KG (VERDE),,0,25081000,83000000,FARDO,2026-09-15T21:54:47Z,28.0,28.0,48940606000133,T F GODOI BARBOSA,QUEIROZ PETSHOP,TABULEIRO DO MARTINS,MACEIO
AREIA,5416,AREIA HIG. CLEAR CATS ORIG. (VERDE) (FARDO),,0,25059000,83000000,FD,2026-09-12T12:07:14Z,29.0,29.0,14761876000165,BICHOS & SITIOS LTDA,BICHOS E SITIOS,BENEDITO BENTES,MACEIO
AREIA,22598,AREIA SANITARIA EDUKAT 5x4 KG,,0,25081000,83000000,UN,2026-09-15T14:44:15Z,30.0,30.0,59547154000140,J A TORRES PETSHOP,MONDO PET,Jatiúca,MACEIO
AREIA,22599,AREIA SANITARIA EDUKAT 5x4 KG,,0,25081000,83000000,UN,2026-09-10T20:25:15Z,30.0,30.0,59547154000140,J A TORRES PETSHOP,MONDO PET,Jatiúca,MACEIO
AREIA,1863,AREIA FINA ( MEIA CARROCA ),,0,25059000,83000000,UN,2026-09-15T12:35:43Z,30.0,30.0,13390079000156,JULIANA DOS SANTOS LEITE - ME,MAMUSKA CONSTRUCOES,VERGEL DO LAGO,MACEIO
AREIA,20031570000121,10% AREIA GATOS KETS 12KG,,7898905706232,25059000,83000000,UN,2026-09-16T20:41:21Z,33.99,30.6,18328118023745,PET CENTER COMERCIO E PARTICIPACOES S.A.,,PONTA VERDE,MACEIO
AREIA,11831,"ACR INTERIOR FOSCO CASTELO DE AREIA 3,0L MIRALAR MIRACOR",,1103001118312,32091010,83000000,GL,2026-09-15T18:05:22Z,33.2,33.2,09326760000400,CASA DAS TINTAS LTDA,,BARRO DURO,MACEIO
AREIA,7898905706232,AREIA SANITARIA KETS 12KG,,7898905706232,25059000,83000000,UN,2026-09-09T15:15:27Z,33.99,33.99,53153938024716,COBASI COMERCIO DE PRODUTOS BASICOS E INDUSTRIALIZADOS S.A.,COBASI,FAROL,MACEIO
AREIA,8977,TINTA ESMT AREIA KG GLASU 1,TINTA ESMT.SINT.SULVINIL GRASULIT BR KG AREIA,7891260059500,32081010,83000000,KG,2026-09-15T20:38:54Z,34.23,34.23,01493748000136,CONSTRUÇÕES IPANEMA LTDA,CONSTRUÇÕES IPANEMA,POCO,MACEIO
AREIA,21284,AREIA SANITARIA EDUKAT TROPICAL 4 KG,,0,25081000,83000000,UN,2026-09-08T20:59:02Z,35.0,35.0,59547154000140,J A TORRES PETSHOP,MONDO PET,Jatiúca,MACEIO
AREIA,21799,AREIA SANITARIA EDUKAT PERFUMADO 5X4 KG,,0,25081000,83000000,PC,2026-09-15T20:20:11Z,35.0,35.0,59547154000140,J A TORRES PETSHOP,MONDO PET,Jatiúca,MACEIO
AREIA,22380,AREIA SANITARIA EDUKAT 5x4 KG,,0,25081000,83000000,UN,2026-09-15T21:05:35Z,35.0,35.0,59547154000140,J A TORRES PETSHOP,MONDO PET,Jatiúca,MACEIO
AREIA,22597,AREIA SANITARIA EDUKAT 5x4 KG,,0,25081000,83000000,UN,2026-09-08T20:30:17Z,35.0,35.0,59547154000140,J A TORRES PETSHOP,MONDO PET,Jatiúca,MACEIO
AREIA,131,AREIA P/ GATOS FARDO C/6,,0,25059000,83000000,UNID,2026-09-10T11:51:06Z,35.0,35.0,01362399000113,ORLANDO SOUZA DOURADO - ME,,BENEDITO BENTES,MACEIO
AREIA,21595,AREIA SANITARIA EDUKAT ROSA COMUN 5x4 KG,,0,25081000,83000000,UN,2026-09-10T13:19:22Z,35.0,35.0,59547154000140,J A TORRES PETSHOP,MONDO PET,Jatiúca,MACEIO
AREIA,101496,FARDO AREIA HIG. TRADIC PERF (ROSA) CLEAR CATS 5 UND,,0,25081000,83000000,UND,2026-09-15T20:19:21Z,35.0,35.0,33207369000129,ERIK DOUGLAS FERREIRA DA SILVA,LIDER RACOES,BENEDITO BENTES,MACEIO
AREIA,2419,TINTA LTX DURA + INT AREIA 3L C/4 LUX,,0,32091010,83000000,PT,2026-09-12T18:59:35Z,35.0,35.0,37461181000163,S. DA. S. FERNANDES GARCIA CONSTRUCOES,CONSTRUÇÃO 4 IRMÃOS LOJA 2,CIDADE UNIVERSITARIA,MACEIO
AREIA,7150,FARDO DE AREIA SUPER CAT (5UND),,0,25081000,83000000,UN,2026-09-14T19:47:59Z,35.0,35.0,09439164000194,MUNDO ALAGOAS PET LTDA,MUNDO ALAGOAS PET,FEITOSA,MACEIO
AREIA,7898905706591,AREIA SANITARIA GATISSIMO SPERFUME 12KG,,7898905706591,25059000,83000000,UN,2026-09-16T20:48:46Z,35.9,35.9,53153938024716,COBASI COMERCIO DE PRODUTOS BASICOS E INDUSTRIALIZADOS S.A.,COBASI,FAROL,MACEIO
AREIA,20035570000049,AREIA GATOS KETS GATISSIMO 12KG S.PERF.,,7898905706591,25059000,83000000,PA,2026-09-16T18:27:48Z,39.99,35.99,18328118020053,PET CENTER COMERCIO E PARTICIPACOES S.A.,,CRUZ DAS ALMAS,MACEIO
AREIA,20035570000049,AREIA GATOS KETS GATISSIMO 12KG S.PERF.,,7898905706591,25059000,83000000,PA,2026-09-15T12:53:36Z,39.99,35.99,18328118023745,PET CENTER COMERCIO E PARTICIPACOES S.A.,,PONTA VERDE,MACEIO
AREIA,7898905706331,AREIA SANITARIA GATISSIMO 12KG,,7898905706331,25059000,83000000,UN,2026-09-16T00:56:08Z,37.9,36.465,53153938024716,COBASI COMERCIO DE PRODUTOS BASICOS E INDUSTRIALIZADOS S.A.,COBASI,FAROL,MACEIO
AREIA,20035570000045,"AREIA GATOS PIPICAT 1,8KG BIANCO LAVAN.",,7896273809487,68159990,83000000,CX,2026-09-15T19:39:50Z,37.99,37.99,18328118023745,PET CENTER COMERCIO E PARTICIPACOES S.A.,,PONTA VERDE,MACEIO
AREIA,6644,"AREIA SILICA CHALESCO 1,8KG",AREIA CRISTAIS GATOS SILICA CHALESCO,7898904627736,25059000,83000000,UND,2026-09-15T19:46:40Z,38.0,38.0,03507618000130,N S RACOES LTDA,,LEVADA,MACEIO
AREIA,1127,TINTA AREIA 3L AREIA HIDROTINTAS,,0,32091010,83000000,GL,2026-09-11T22:02:08Z,39.0,38.64333333333333,13712926000151,M F DE BARROS,CONSTRUCOES BARROS,CLIMA BOM,MACEIO
AREIA,20031570000200,AREIA GATOS GATISSIMO 12KG,,7898905706331,25059000,83000000,UN,2026-09-16T17:21:26Z,42.99,38.99,18328118023745,PET CENTER COMERCIO E PARTICIPACOES S.A.,,PONTA VERDE,MACEIO
AREIA,8301.000005.0,"NACOR TINTA ACRILICA ECONOMICA-GA 3,6 LT COR 000005-AREIA LOTE 95120014","NACOR TINTA ACRILICA ECONOMICA-GA 3,6 LT COR 000005-AREIA",7899173400303,32091010,83000000,Peca,2026-09-09T10:38:05Z,39.0,39.0,24168648000130,RAMIRO RIBEIRO FILHO - ME,,CIDADE UNIVERSITARIA,MACEIO
AREIA,12090,TINTA PVA DURAMAIS LUX GL AREIA 3L GL,,7908147621467,32091010,83000000,GL,2026-09-08T11:30:10Z,39.0,39.0,01493748000136,CONSTRUÇÕES IPANEMA LTDA,CONSTRUÇÕES IPANEMA,POCO,MACEIO
AREIA,101494,FARDO AREIA HIG. FINA 4KG CLEAR CATS 5 UND,,0,25081000,83000000,UND,2026-09-12T19:08:40Z,39.0,39.0,33207369000129,ERIK DOUGLAS FERREIRA DA SILVA,LIDER RACOES,BENEDITO BENTES,MACEIO
AREIA,S114671,AREIA HIGIENICA 12KG,,7891738009334,25081000,83000000,UNID,2026-09-16T16:37:06Z,39.98,39.98,00063960005160,WMB SUPERMERCADOS DO BRASIL LTDA.,,MANGABEIRAS,MACEIO
AREIA,S255704,AREIA HIG ULTRA DRY,,7896273808664,25081000,83000000,UNID,2026-09-14T13:25:17Z,52.98,40.67,00063960005160,WMB SUPERMERCADOS DO BRASIL LTDA.,,MANGABEIRAS,MACEIO
AREIA,1451,AREIA MACRO SILICA CHALESCO,AREIA CRISTAIS GATOS SILICA CHALESCO,7898904627736,25059000,83000000,UND,2026-09-14T20:29:02Z,42.5,42.5,11980409000138,VIEIRA COMERCIO LTDA - ME,PLANETA ANIMAL,JATIUCA,MACEIO
AREIA,9946,"DURAMAIS 3,0L AREIA",,7908147621467,32091010,83000000,UN,2026-09-10T19:31:58Z,45.5,42.72,02138293000101,J. A. DA SILVA MAT. DE CONSTRUCAO - ME,JH COMERCIAL,PRADO,MACEIO
AREIA,5439,AREIA HIG. CLEAR CATS FINA (AZUL) (FARDO),,0,25059000,83000000,FD,2026-09-12T14:23:17Z,43.0,43.0,14761876000165,BICHOS & SITIOS LTDA,BICHOS E SITIOS,BENEDITO BENTES,MACEIO
AREIA,295780,"TINTA ACR FC 3,6L HIPER D+ AREIA HIPERCO GL0001GL","TINTA ACR ECON AREIA 3,6L HIP",7897144026033,32091010,83000000,BD,2026-09-14T18:15:25Z,43.99,43.99,00279531000670,TUPAN CONSTRUCOES LTDA,,JARDIM PETROPOLIS,MACEIO
AREIA,20035570000031,FL AREIA GATOS BPETS 4KG SUPER PREMIUM,,7898702461303,25059000,83000000,UN,2026-09-15T22:26:38Z,54.99,43.99,18328118020053,PET CENTER COMERCIO E PARTICIPACOES S.A.,,CRUZ DAS ALMAS,MACEIO
AREIA,20035570000031,FL AREIA GATOS BPETS 4KG SUPER PREMIUM,,7898702461303,25059000,83000000,UN,2026-09-11T21:38:02Z,54.99,43.99,18328118023745,PET CENTER COMERCIO E PARTICIPACOES S.A.,,PONTA VERDE,MACEIO
AREIA,1524,AREIA DORBEL FINA 14/20 15KG,,0,25051000,83000000,PC,2026-09-11T12:18:14Z,48.0,44.5,02746846000109,BRAUNEN-MAR PISCINAS LTDA,BRAUNEN-MAR PISCINAS,SERRARIA,MACEIO
AREIA,1193,AREIA ACQUATRAT 25KG,,0,25051000,83000000,PC,2026-09-15T19:15:32Z,48.0,44.64,02746846000109,BRAUNEN-MAR PISCINAS LTDA,BRAUNEN-MAR PISCINAS,SERRARIA,MACEIO
AREIA,5413,AREIA HIG. CLEAR CATS FINA PERF. (CINZA) (FARDO),,0,25059000,83000000,FD,2026-09-15T21:49:45Z,45.0,44.75,14761876000165,BICHOS & SITIOS LTDA,BICHOS E SITIOS,BENEDITO BENTES,MACEIO
AREIA,1892,"TINTA INT NACOR  ECON 3,6L AREIA IBRATIN","NACOR TINTA ACRILICA ECONOMICA-GA 3,6 LT COR 000005-AREIA",7899173400303,32091010,83000000,UN,2026-09-08T19:47:08Z,44.99,44.99,70015672000156,ENCONTRO DO SOL HOME CENTER LTDA,ENCONTRO DO SOL HOME CENTER,TABULEIRO DO MARTINS,MACEIO
AREIA,"DMF001A0,8","AREIA G1000 0,8MM 20KG",,40141138101,25051000,83000000,UN,2026-09-16T15:03:00Z,48.0,45.0,38492530000177,G H DE S GALDINO,,SANTA AMELIA,MACEIO
AREIA,594,AREIA HIG. CLEAR CATS FINA PERF. (CINZA) (FARDO),,0,25059000,83000000,FD,2026-09-09T20:31:08Z,45.0,45.0,14761876000246,BICHOS & SITIOS LTDA,,ANTARES,MACEIO
AREIA,S255704,AREIA HIG ULTRA DRY,,7896273808664,25081000,83000000,UNID,2026-09-16T14:04:00Z,52.98,45.035,00063960060187,WMB SUPERMERCADOS DO BRASIL LTDA.,,GRUTA DE LOURDES,MACEIO
AREIA,001246,AREIA MEIO METRO,,0,25059000,83000000,MT,2026-09-15T18:17:30Z,46.0,46.0,08838005000108,ERONILDE TENORIO DE ARAUJO - ME,,CIDADE UNIVERSITARIA,MACEIO
AREIA,7892948003662,"TINTA ACR FOSC 3,6L AREIA DIATEX IQUINE",,0,32091010,83000000,GL,2026-09-11T00:55:48Z,49.9,49.9,03656804002428,CARAJAS MATERIAL DE CONSTRUCAO LTDA,CARAJAS CONSTRUCAO,MANGABEIRAS,MACEIO
AREIA,89854142,Areia 25kg Veico,,7898656122541,25051000,83000000,UN,2026-09-11T15:20:03Z,53.09,49.9,01438784005590,LEROY MERLIN COMPANHIA BRASILEIRA DE BRICOLAGEM,,CRUZ DAS ALMAS,MACEIO
AREIA,2511,1/2 CARROCA DE AREIA,,0,25232910,83000000,UN,2026-09-12T21:06:29Z,50.0,50.0,28565348000145,JANETE MARIA DOS SANTOS,NENA CONSTRUCOES,VERGEL DO LAGO,MACEIO
AREIA,000180,COMPLEMENTO ALIMENTAR - AREIA - 10 KG,,0,25059000,83000000,UN,2026-09-08T15:03:52Z,50.0,50.0,22373794000171,CASA DO TEMPERO LTDA,CASA DO TEMPERO,LEVADA,MACEIO
AREIA,1437,PINTALAR FA (AREIA) 3.6L,,0,32091010,83000000,UN,2026-09-12T17:25:58Z,51.9,51.9,52681878000133,FEDERAL - TINTAS & MATERIAIS ELETRICOS LTDA,CASA 7 CORES - TINTAS E MATERIAIS ELETRICOS,Clima Bom,MACEIO
AREIA,000001,AREIA - ACQUATRAT 25KG,,0,25051000,83000000,SC,2026-09-09T12:34:56Z,52.0,52.0,51550270000107,CASA DA PISCINA LTDA,PAJUÇARA PISCINAS,Jatiúca,MACEIO
AREIA,S225202,AREIA HIGIENICA FLOR,,7896273808244,25081000,83000000,UNID,2026-09-14T18:13:48Z,52.98,52.98,00063960060187,WMB SUPERMERCADOS DO BRASIL LTDA.,,GRUTA DE LOURDES,MACEIO
AREIA,S225202,AREIA HIGIENICA FLOR,PIPICAT GRANULADO SANITARIO FLORAL CN 12KG,7896273808244,25081000,83000000,UN,2026-09-16T20:51:35Z,52.98,52.98,00063960005160,WMB SUPERMERCADOS DO BRASIL LTDA.,,MANGABEIRAS,MACEIO
AREIA,4710,TINTA LTX COLORIR AREIA 3L C/4 LUX,,7908147621634,32091010,83000000,PT,2026-09-12T12:01:22Z,53.0,53.0,37461181000163,S. DA. S. FERNANDES GARCIA CONSTRUCOES,CONSTRUÇÃO 4 IRMÃOS LOJA 2,CIDADE UNIVERSITARIA,MACEIO
AREIA,7898656122541,Areia para filtro de piscina 25kg Veico,,0,25051000,83000000,UN,2026-09-11T16:19:03Z,53.09,53.09,01438784005590,LEROY MERLIN COMPANHIA BRASILEIRA DE BRICOLAGEM,,CRUZ DAS ALMAS,MACEIO
AREIA,20035570000060,AREIA GATOS PETZ 4KG ULTRA ABSORCAO,,7908253605276,25059000,83000000,FD,2026-09-12T17:55:19Z,54.99,54.99,18328118020053,PET CENTER COMERCIO E PARTICIPACOES S.A.,,CRUZ DAS ALMAS,MACEIO
AREIA,20035570000060,AREIA GATOS PETZ 4KG ULTRA ABSORCAO,,7908253605276,25059000,83000000,FD,2026-09-14T15:08:53Z,54.99,54.99,18328118023745,PET CENTER COMERCIO E PARTICIPACOES S.A.,,PONTA VERDE,MACEIO
AREIA,9786,FARDO DE AREIA PRATICAT VERMELHA (6UND),,0,25081000,83000000,UN,2026-09-11T13:36:43Z,55.0,55.0,09439164000194,MUNDO ALAGOAS PET LTDA,MUNDO ALAGOAS PET,FEITOSA,MACEIO
AREIA,918,AREIA HIG. ADG FLORAL (FARDO),,0,25059000,83000000,fd,2026-09-12T17:51:10Z,58.0,57.71,14761876000246,BICHOS & SITIOS LTDA,,ANTARES,MACEIO
AREIA,40281,"IQUINE PINTALAR 3,6L AREIA UN","PINTALAR-VINIL ACRIL AREIA 3,6L -> PRODUTO NAO CLASSIFICADO COMO PERIGOSO PARA FINS DE TRANSPORTE.",7892948011698,32091010,83000000,GL,2026-09-13T18:41:22Z,57.9,57.9,03555402000140,PARAGOMINAS HOME CENTER LTDA,PARAGOMINAS HOME CENTER,SANTOS DUMONT,MACEIO
AREIA,5440,AREIA HIG. ADG FLORAL (FARDO),,0,25059000,83000000,FD,2026-09-12T16:11:22Z,58.0,58.0,14761876000165,BICHOS & SITIOS LTDA,BICHOS E SITIOS,BENEDITO BENTES,MACEIO
AREIA,01889,"TINTA ACR ECONOMICA CORALAR + DESEMP AREIA FOSCO 3,6L CORAL","TINTA PARA PAREDE ACRILICA CORAL CORALAR 3,6 L AREIA",7891019138647,32091010,83000000,GL,2026-09-15T11:56:08Z,65.0,58.38,12270435000801,L. JARDIM & CIA LTDA,Casas Jardim,PAJUCARA,MACEIO
AREIA,01889,"TINTA ACR ECONOMICA CORALAR + DESEMP AREIA FOSCO 3,6L CORAL","TINTA PARA PAREDE ACRILICA CORAL CORALAR 3,6 L AREIA",7891019138647,32091010,83000000,GL,2026-09-15T12:05:08Z,58.5,58.5,12270435000992,L. JARDIM & CIA LTDA,Casas Jardim,TABULEIRO DO MARTINS,MACEIO
AREIA,01889,"TINTA ACR ECONOMICA CORALAR + DESEMP AREIA FOSCO 3,6L CORAL","TINTA PARA PAREDE ACRILICA CORAL CORALAR 3,6 L AREIA",7891019138647,32091010,83000000,GL,2026-09-12T14:01:34Z,65.0,58.79,12270435000720,L. JARDIM & CIA LTDA,CASA JARDIM,BARRO DURO,MACEIO
AREIA,7892948053148,ESMALTE DIALINE SEC RAP AB AREIA 750ML IQUINE,,0,32081010,83000000,UN,2026-09-16T14:40:53Z,59.9,59.9,03656804002428,CARAJAS MATERIAL DE CONSTRUCAO LTDA,CARAJAS CONSTRUCAO,MANGABEIRAS,MACEIO
AREIA,7898905706393,AREIA KETS FINISSIMO 8KG - ALFAPET,,7898905706393,25081000,83000000,UN,2026-09-14T19:12:58Z,59.99,59.99,53153938024716,COBASI COMERCIO DE PRODUTOS BASICOS E INDUSTRIALIZADOS S.A.,COBASI,FAROL,MACEIO
AREIA,20031570000164,AREIA GATOS KETS 8KG FINISSIMO,,7898905706393,25081000,83000000,UN,2026-09-10T14:27:54Z,59.99,59.99,18328118023745,PET CENTER COMERCIO E PARTICIPACOES S.A.,,PONTA VERDE,MACEIO
AREIA,7892948011698,"TINTA FOSC AREIA 3,6L PINTALAR  IQUINE",,0,32091010,83000000,GL,2026-09-16T19:11:21Z,61.9,61.9,03656804000131,CARAJAS MATERIAL DE CONSTRUCAO LTDA,CARAJAS CONSTRUCAO,TABULEIRO DOS MARTINS,MACEIO
AREIA,7892948011698,"TINTA FOSC AREIA 3,6L PINTALAR  IQUINE",,0,32091010,83000000,GL,2026-09-16T15:33:56Z,61.9,61.9,03656804002428,CARAJAS MATERIAL DE CONSTRUCAO LTDA,CARAJAS CONSTRUCAO,MANGABEIRAS,MACEIO
AREIA,7892948003662,"TINTA ACR FOSC 3,6L AREIA DIATEX IQUINE",,0,32091010,83000000,GL,2026-09-16T13:45:48Z,62.9,62.9,03656804000131,CARAJAS MATERIAL DE CONSTRUCAO LTDA,CARAJAS CONSTRUCAO,TABULEIRO DOS MARTINS,MACEIO
AREIA,377,AREIA JACUZZI 25KG,AREIA ENSACADA P/FILTRO 25KG JACUZZI 1X1N C/1,7893809006990,25051000,83000000,SC,2026-09-12T15:06:06Z,70.0,62.95,02746846000109,BRAUNEN-MAR PISCINAS LTDA,BRAUNEN-MAR PISCINAS,SERRARIA,MACEIO
AREIA,3276007753349,Esm BS Bri luxens Areia 09L,,0,32081010,83000000,UN,2026-09-12T15:18:27Z,66.91,66.91,01438784005590,LEROY MERLIN COMPANHIA BRASILEIRA DE BRICOLAGEM,,CRUZ DAS ALMAS,MACEIO
AREIA,7894422005285,REJ PREMIUM AREIA 1KG ACRL AR UMD AXTON,,0,32149000,83000000,UN,2026-09-14T23:01:24Z,67.9,67.9,01438784005590,LEROY MERLIN COMPANHIA BRASILEIRA DE BRICOLAGEM,,CRUZ DAS ALMAS,MACEIO
AREIA,61843,"TINTA ACR FC 3,6L CORALAR +DES AREIA COR GL0001GL","TINTA PARA PAREDE ACRILICA CORAL CORALAR 3,6 L AREIA",7891019138647,32091010,83000000,GL,2026-09-16T15:18:35Z,69.99,69.99,00279531000670,TUPAN CONSTRUCOES LTDA,,JARDIM PETROPOLIS,MACEIO
AREIA,2217,AREIA MEDIA ( MEIO METRO ),,0,25059000,83000000,UN,2026-09-11T11:16:05Z,70.0,70.0,13390079000156,JULIANA DOS SANTOS LEITE - ME,MAMUSKA CONSTRUCOES,VERGEL DO LAGO,MACEIO
AREIA,2178,AREIA FINA ( MEIO METRO ),,0,25059000,83000000,UN,2026-09-14T11:52:12Z,70.0,70.0,18197190000144,DALTHON FELIPE DE MEDEIROS SILVA 05784696424,,VERGEL DO LAGO,MACEIO
AREIA,2177,AREIA GROSSA ( MEIO METRO ),,0,25059000,83000000,UN,2026-09-14T11:52:12Z,70.0,70.0,18197190000144,DALTHON FELIPE DE MEDEIROS SILVA 05784696424,,VERGEL DO LAGO,MACEIO
AREIA,40073,"IQUINE DIATEX 3,6L AREIA UN","TINTA DIATEX ACRIL AREIA 3,6L IQUI 1X3,6L IQUINE",7892948003662,32091010,83000000,GL,2026-09-13T13:11:37Z,71.9,71.9,03555402000140,PARAGOMINAS HOME CENTER LTDA,PARAGOMINAS HOME CENTER,SANTOS DUMONT,MACEIO
AREIA,7891019138647,"TINTA ACR FOS 3,6L AREIA CORALAR CORAL",,0,32091010,83000000,GL,2026-09-16T19:56:05Z,71.9,71.9,03656804000131,CARAJAS MATERIAL DE CONSTRUCAO LTDA,CARAJAS CONSTRUCAO,TABULEIRO DOS MARTINS,MACEIO
AREIA,188,AREIA 1/2MT .,,7890000001885,25051000,83000000,UN,2026-09-11T20:33:31Z,75.0,75.0,68625360000112,MURALHAS HOME CENTER LIMITADA,MURALHAS HOME CENTER,Benedito Bentes,MACEIO
AREIA,002916,AREIA ESPECIAL P/ PISCINA SC 25KG - JACUZZI,AREIA ENSACADA P/FILTRO 25KG JACUZZI 1X1N C/1,7893809006990,25051000,83000000,UND,2026-09-15T13:34:16Z,79.0,79.0,09327149000235,SUCROQUIMICA INDUSTRIA E COMERCIO LTDA,,TAB DOS MARTINS,MACEIO
AREIA,295739,TINTA ACR FC 15L HIPER D+ AREIA HIPERCOR BD0001BD,TINTA ACRILICA AREIA 15L HIPERCOR,7897144027535,32091010,83000000,BD,2026-09-12T16:16:39Z,79.99,79.99,00279531000670,TUPAN CONSTRUCOES LTDA,,JARDIM PETROPOLIS,MACEIO
AREIA,101782,1/2 mt3 AREIA FINA/GROSSA,,0,38245000,83000000,UN,2026-09-15T14:12:21Z,80.0,80.0,07848663000100,PROKASA LTDA,PROKASA,CIDADE UNIVERSITARIA,MACEIO
AREIA,444734,AREIAL SALEIRO COM TAMPA CM,,0,69120000,83000000,PC,2026-09-07T23:27:36Z,92.9,81.57,34225363004991,ESTOK DISTRIBUIDORA E SERVICOS S.A. - EM RECUPERACAO JUDICIAL,,CRUZ DAS ALMAS,MACEIO
AREIA,52144,"TINTA SEMI BRILHO 3,0L AREIA LUX",,7908147625496,32091010,83000000,GL,2026-09-16T13:51:43Z,84.99,81.59,70015672000156,ENCONTRO DO SOL HOME CENTER LTDA,ENCONTRO DO SOL HOME CENTER,TABULEIRO DO MARTINS,MACEIO
AREIA,07305,"TINTA ACR STANDARD CORALAR + RESISTENTE AREIA FOSCO 3,6L CORAL","TINTA ACR. DUO AREIA 3,6L CORAL",7891019908028,32091010,83000000,GL,2026-09-11T12:37:05Z,92.0,82.53,12270435000640,L. JARDIM & CIA LTDA,Casas Jardim,JATIUCA,MACEIO
AREIA,07305,"TINTA ACR STANDARD CORALAR + RESISTENTE AREIA FOSCO 3,6L CORAL","TINTA ACR. DUO AREIA 3,6L CORAL",7891019908028,32091010,83000000,GL,2026-09-16T15:12:00Z,82.8,82.8,12270435000720,L. JARDIM & CIA LTDA,CASA JARDIM,BARRO DURO,MACEIO
AREIA,300461,"TINTA ACR FC 3,6L RT SEL PINT AREIA IQUI GL0001GL",,7892948057795,32091010,83000000,GL,2026-09-13T13:31:17Z,85.99,85.99,00279531000670,TUPAN CONSTRUCOES LTDA,,JARDIM PETROPOLIS,MACEIO
AREIA,7892948057795,"TINTA ACR FOS 3,6L AREIA SELA  PINTA IQUINE",,7892948057795,32091010,83000000,UN,2026-09-15T12:30:54Z,89.9,89.9,03656804000131,CARAJAS MATERIAL DE CONSTRUCAO LTDA,CARAJAS CONSTRUCAO,TABULEIRO DOS MARTINS,MACEIO
AREIA,7892948057795,"TINTA ACR FOS 3,6L AREIA SELA PINTA IQUINE",,0,32091010,83000000,UN,2026-09-16T20:04:07Z,89.9,89.9,03656804000131,CARAJAS MATERIAL DE CONSTRUCAO LTDA,CARAJAS CONSTRUCAO,TABULEIRO DOS MARTINS,MACEIO
AREIA,2509,1/2 METRO DE AREIA,,0,25232910,83000000,UN,2026-09-12T21:09:17Z,90.0,90.0,28565348000145,JANETE MARIA DOS SANTOS,NENA CONSTRUCOES,VERGEL DO LAGO,MACEIO
AREIA,01309,"BRANCO AREIA TINTA EPOXI B/AGUA BRI BASE PM 0,8L RENOVA AZULEJOS CORAL 30YY 58/082 5300",REFRESCO DE MENTA 01GG 59/285 RENOVA AZULEJOS BR / WANDEPOXY B AGUA LT L5.21.73,7891019176984,32091010,83000000,UN,2026-09-11T12:19:46Z,90.39,90.39,09326760000168,CASA DAS TINTAS LTDA,CASA DAS TINTAS,POCO,MACEIO
AREIA,372394,"IQUINE SELA PINTA 3,6L AREIA RT UN",,7892948057795,32091010,83000000,UN,2026-09-15T17:04:57Z,92.9,92.9,03555402000140,PARAGOMINAS HOME CENTER LTDA,PARAGOMINAS HOME CENTER,SANTOS DUMONT,MACEIO
AREIA,372394,"IQUINE SELA PINTA 3,6L AREIA RT UN",,7892948057795,32091010,83000000,UN,2026-09-12T13:34:12Z,92.9,92.9,03555402000655,PARAGOMINAS HOME CENTER LTDA,PARAGOMINAS ANTARES,ANTARES,MACEIO
AREIA,3276007753424,Epoxi BA Acet luxens Areia 09L               De9351 Por9350,,0,32091010,83000000,UN,2026-09-07T21:31:56Z,93.51,93.5,01438784005590,LEROY MERLIN COMPANHIA BRASILEIRA DE BRICOLAGEM,,CRUZ DAS ALMAS,MACEIO
AREIA,327,TINTA DANLAR AREIA 15 LT,,0,32091010,83000000,UN,2026-09-13T13:09:00Z,95.0,95.0,54674975000124,J C DA SILVA MATERIAIS DE CONSTRUÇÃO LTDA,JC CONSTRUÇÃO,Benedito Bentes,MACEIO
AREIA,9020,REVESTIMENTO LATEX INT AREIA 18KG,,7898667254590,32141020,83000000,BD,2026-09-15T16:53:46Z,98.0,97.71,37461181000163,S. DA. S. FERNANDES GARCIA CONSTRUCOES,CONSTRUÇÃO 4 IRMÃOS LOJA 2,CIDADE UNIVERSITARIA,MACEIO
AREIA,08742,"TINTA ACR STANDARD MAXIMA EFICIENCIA AREIA FOSCO 3,6L GLASU","TINTA FOSCA GLASURIT MAX EFIC AREIA 3,6L GLASURIT",7891260168035,32091010,83000000,GL,2026-09-12T12:00:15Z,109.0,98.0,12270435000720,L. JARDIM & CIA LTDA,CASA JARDIM,BARRO DURO,MACEIO
AREIA,979536,TINTA ESM BR 3L DELANIL AREIA IQUINE GL0001GL,,7892948051335,32081010,83000000,GL,2026-09-09T15:14:41Z,100.0,100.0,00279531000670,TUPAN CONSTRUCOES LTDA,,JARDIM PETROPOLIS,MACEIO
AREIA,3276007449433,Tinta std int fos grAo areia 36L Luxens,,0,32091010,83000000,UN,2026-09-10T00:17:35Z,102.02,102.02,01438784005590,LEROY MERLIN COMPANHIA BRASILEIRA DE BRICOLAGEM,,CRUZ DAS ALMAS,MACEIO
AREIA,7891019919895,Tinta Acril Stan Rend Mto Areia 32L          De13287 Por10287,,0,32091010,83000000,UN,2026-09-15T17:21:34Z,132.87,102.87,01438784005590,LEROY MERLIN COMPANHIA BRASILEIRA DE BRICOLAGEM,,CRUZ DAS ALMAS,MACEIO
AREIA,0000000003148,LATEX 15L AREIA DURAMAIS LUX,,0,32091010,83000000,UN,2026-09-11T14:22:37Z,109.9,109.9,00837552000159,JOSE CARLOS DOS SANTOS CONSTRUCAO LTDA,GG CASA & CONSTRUCAO,CLIMA BOM,MACEIO
AREIA,373781,HIPERCOR ACR 15L AREIA BALDE UN,TINTA ACRILICA AREIA 15L HIPERCOR,7897144027535,32091010,83000000,UN,2026-09-16T19:06:19Z,109.9,109.9,03555402000140,PARAGOMINAS HOME CENTER LTDA,PARAGOMINAS HOME CENTER,SANTOS DUMONT,MACEIO
AREIA,296006,"TINTA ACR FC 3,6L MASTER AREIA CORAL GL0004GL",,7891019993871,32091010,83000000,FD,2026-09-09T19:16:18Z,109.99,109.99,00279531000670,TUPAN CONSTRUCOES LTDA,,JARDIM PETROPOLIS,MACEIO
AREIA,012525,PINTALAR FA AREIA 15L,PINTALAR FA AREIA 15L -? PRODUTO NAO CLASSIFICADO COMO PERIGOSO PARA FINS DE TRANSPORTE.,7892948045402,32091010,83000000,UN,2026-09-15T13:08:49Z,110.0,110.0,14810475000158,MICHELLI PATRICIA DE ALBUQUERQUE - ME,MICHELLI CONSTRUCOES,CENTRO,MACEIO
AREIA,269,TINTA ACR INTERIOR FOSCO AREIA 15L TINTAX,,0,32091010,83000000,BD,2026-09-16T19:25:03Z,110.0,110.0,24479546000135,24.479.546 EVERTON TAVARES DA SILVA,,CIDADE UNIVERSITARIA,MACEIO
AREIA,2685,PINTALAR FA AREIA 15L,,7892948045402,32091010,83000000,UN,2026-09-14T20:30:55Z,139.0,114.82,35249960000174,J F ATAIDE FILHO - ME,J F MATERIAIS DE CONSTRUCAO,TAB DOS MARTINS,MACEIO
AREIA,000200026,"IQUINE PINTALAR ACRIL 15,LT AREIA",,0,32091010,83000000,LAT,2026-09-14T12:25:46Z,129.0,115.0,02436845000150,MARIA ELISOILDA NONATO ALVES - EPP,IMPERIO DA CONSTRUCAO,FAROL,MACEIO
AREIA,0000000003198,LATEX 15L AREIA PINTALAR IQUINI,,0,32091010,83000000,UN,2026-09-09T16:00:28Z,129.9,116.91,00837552000159,JOSE CARLOS DOS SANTOS CONSTRUCAO LTDA,GG CASA & CONSTRUCAO,CLIMA BOM,MACEIO
AREIA,32875,"TINTA ACRI.SEMI BR.3,6L AREIA IBRATIN","TINTA ACRILICA S.BRILHO P - GA 3,6 LTS COR 000003-AMARELO CANARIO",7899173405384,32091010,83000000,UN,2026-09-09T18:34:23Z,119.99,119.99,70015672000156,ENCONTRO DO SOL HOME CENTER LTDA,ENCONTRO DO SOL HOME CENTER,TABULEIRO DO MARTINS,MACEIO
AREIA,52417,TINTA INT.NACOR ECON 15L AREIA IBRATIN,,7899173409139,32091010,83000000,BD,2026-09-16T13:45:52Z,119.99,119.99,70015672000156,ENCONTRO DO SOL HOME CENTER LTDA,ENCONTRO DO SOL HOME CENTER,TABULEIRO DO MARTINS,MACEIO
AREIA,1050,ACR FOSCO AREIA LT PINTALAR,,7892948045402,32091010,83000000,UN,2026-09-11T20:49:52Z,120.0,120.0,29174391000142,A.G DE VASCONCELOS FILHO,,CIDADE UNIVERSITARIA,MACEIO
AREIA,351763,HIDROTINTAS DEMAIS 15L AREIA UN,,7899010490467,32091010,83000000,UN,2026-09-08T21:57:28Z,129.905,123.38,03555402000140,PARAGOMINAS HOME CENTER LTDA,PARAGOMINAS HOME CENTER,SANTOS DUMONT,MACEIO
AREIA,08206,"ESMALTE STANDARD AREIA BRILHANTE 3,6L HYDRONORTH FL",ESM SINT BRILHANTE HYDRONORTH AREIA GAL,7896257550039,32089010,83000000,GL,2026-09-11T18:56:51Z,138.0,124.2,12270435000720,L. JARDIM & CIA LTDA,CASA JARDIM,BARRO DURO,MACEIO
AREIA,9458,"NACOR TINTA AC ECONOMICA - BL 15,0 LTS COR 000005-AREIA LOT",,7899173409139,32091010,83000000,BL,2026-09-16T20:45:12Z,125.0,125.0,37461181000163,S. DA. S. FERNANDES GARCIA CONSTRUCOES,CONSTRUÇÃO 4 IRMÃOS LOJA 2,CIDADE UNIVERSITARIA,MACEIO
AREIA,10488,"TINTA ACR STANDARD BRILHO PRATICO AREIA SEMI BRILHO 3,6L GLASU",,7891260532737,32091010,83000000,GL,2026-09-08T13:15:22Z,128.7,128.7,12270435000992,L. JARDIM & CIA LTDA,Casas Jardim,TABULEIRO DO MARTINS,MACEIO
AREIA,10951,"TINTA ACR PREMIUM CORAL MASTER AREIA FOSCO 3,6L CORAL",,7891019993871,32091010,83000000,GL,2026-09-09T18:21:01Z,128.7,128.7,12270435000720,L. JARDIM & CIA LTDA,CASA JARDIM,BARRO DURO,MACEIO
AREIA,982807,"TINTA ACR FC 3,2L REND MUIT AREIA CORAL GL0001GL",,7891019919895,32091010,83000000,GL,2026-09-15T21:30:24Z,128.99,128.99,00279531000670,TUPAN CONSTRUCOES LTDA,,JARDIM PETROPOLIS,MACEIO
AREIA,01416,ACR INTERIOR FOSCO CASTELO DE AREIA 15L MIRALAR MIRACOR,,9999900125078,32091010,83000000,BD,2026-09-10T14:06:29Z,130.65,130.65,09326760000400,CASA DAS TINTAS LTDA,,BARRO DURO,MACEIO
AREIA,941091,TINTA VN ACR FC BD15L PINTALAR AREIA IQU,PINTALAR FA AREIA 15L -? PRODUTO NAO CLASSIFICADO COMO PERIGOSO PARA FINS DE TRANSPORTE.,7892948045402,32091010,83000000,BD,2026-09-16T14:34:43Z,132.99,132.99,00279531000670,TUPAN CONSTRUCOES LTDA,,JARDIM PETROPOLIS,MACEIO
AREIA,7891019919895,"TINTA ACRILICA RENDE MUITO AREIA 3,2L CORAL",,0,32091010,83000000,UN,2026-09-13T12:53:35Z,133.9,133.9,03656804000131,CARAJAS MATERIAL DE CONSTRUCAO LTDA,CARAJAS CONSTRUCAO,TABULEIRO DOS MARTINS,MACEIO
AREIA,7891260532737,"TINTA ACR SB AREIA 3,6L GLASURIT SUVINIL",,0,32091010,83000000,UN,2026-09-15T00:54:42Z,135.9,135.9,03656804002428,CARAJAS MATERIAL DE CONSTRUCAO LTDA,CARAJAS CONSTRUCAO,MANGABEIRAS,MACEIO
AREIA,2,AREIA MEDIA,,9000000000025,25059000,83000000,m,2026-09-15T20:18:40Z,140.0,138.53,16672699000176,R. FREITAS MOURA SILVA CONSTRUCOES,M R CONSTRUCOES,SANTA LUCIA,MACEIO
AREIA,7892948053131,ESMALTE DIALINE SEC RAP AB AREIA 3L IQUINE,,0,32081010,83000000,UN,2026-09-07T20:09:48Z,139.9,139.9,03656804002428,CARAJAS MATERIAL DE CONSTRUCAO LTDA,CARAJAS CONSTRUCAO,MANGABEIRAS,MACEIO
AREIA,7892948053131,ESMALTE DIALINE SEC RAP AB AREIA 3L IQUINE,,0,32081010,83000000,UN,2026-09-10T15:33:38Z,139.9,139.9,03656804000131,CARAJAS MATERIAL DE CONSTRUCAO LTDA,CARAJAS CONSTRUCAO,TABULEIRO DOS MARTINS,MACEIO
AREIA,356095,IQUINE PINTALAR 15L AREIA BALDE UN,PINTALAR FA AREIA 15L -? PRODUTO NAO CLASSIFICADO COMO PERIGOSO PARA FINS DE TRANSPORTE.,7892948045402,32091010,83000000,UN,2026-09-12T19:07:44Z,139.9,139.9,03555402000140,PARAGOMINAS HOME CENTER LTDA,PARAGOMINAS HOME CENTER,SANTOS DUMONT,MACEIO
AREIA,001245,AREIA,,0,25059000,83000000,MT,2026-09-14T14:07:36Z,140.0,140.0,08838005000108,ERONILDE TENORIO DE ARAUJO - ME,,CIDADE UNIVERSITARIA,MACEIO
AREIA,366892,"IQUINE SUPER PREMIUM 3,2L BASE P GL - AREIA DO DESERTO - Super PremiumPGL - 0ML",,0,32091010,83000000,GL,2026-09-16T13:20:12Z,141.83,141.83,03555402000655,PARAGOMINAS HOME CENTER LTDA,PARAGOMINAS ANTARES,ANTARES,MACEIO
AREIA,7892948045402,TINTA FOSC AREIA 15L PINTALAR IQUINE,,0,32091010,83000000,BD,2026-09-16T22:51:07Z,143.9,143.9,03656804002428,CARAJAS MATERIAL DE CONSTRUCAO LTDA,CARAJAS CONSTRUCAO,MANGABEIRAS,MACEIO
AREIA,20035570000061,10% AREIA GATOS PETZ 10KG ULTRA ABSORCAO,,7908253605283,25059000,83000000,BD,2026-09-11T17:50:14Z,159.99,144.0,18328118023745,PET CENTER COMERCIO E PARTICIPACOES S.A.,,PONTA VERDE,MACEIO
AREIA,1865,AREIA MEDIA,,0,25051000,83000000,M,2026-09-08T13:44:25Z,145.0,145.0,63741460000190,MLM LTDA,ML CONSTRUCOES,Clima Bom,MACEIO
AREIA,3126,5141 TINTA AREIA INTERNO BD 15L,,618341747326,32091010,83000000,BD,2026-09-15T15:00:22Z,149.9,149.9,42772381000177,RAMOS BRASIL PERFIL LTDA,PRIME CONSTRUCOES,CIDADE UNIVERSITARIA,MACEIO
AREIA,921042,"TINTA ACR FC 3,6L TOT SOL CHUV AREIA COR GL0001GL",,7891019909315,32091010,83000000,GL,2026-09-15T15:26:13Z,150.0,150.0,00279531000670,TUPAN CONSTRUCOES LTDA,,JARDIM PETROPOLIS,MACEIO
AREIA,001938,AREIA MEDIA 1M,,0,25221000,83000000,M,2026-09-09T13:49:30Z,150.0,150.0,55206191000134,MIX MATERIAL DE CONSTRUCOES LTDA,,Cidade Universitária,MACEIO
AREIA,183,AREIA 1MT,,7890000001830,25051000,83000000,UN,2026-09-14T21:01:23Z,150.0,150.0,68625360000112,MURALHAS HOME CENTER LIMITADA,MURALHAS HOME CENTER,Benedito Bentes,MACEIO
AREIA,721,AREIA GROSSA,,0,25051000,83000000,MT,2026-09-10T20:43:05Z,150.0,150.0,35334579000103,J BERNARDO DA SILVA CONSTRUCOES,RIO NEGRO CONSTRUCOES,PETROPOLIS,MACEIO
AREIA,720,AREIA FINA,,0,25051000,83000000,MT,2026-09-08T14:19:49Z,150.0,150.0,35334579000103,J BERNARDO DA SILVA CONSTRUCOES,RIO NEGRO CONSTRUCOES,PETROPOLIS,MACEIO
AREIA,7892948050659,TINTA ACR FOS AREIA 15L BD DIATEX IQUINE,,0,32091010,83000000,UN,2026-09-11T17:25:23Z,159.9,152.975,03656804002428,CARAJAS MATERIAL DE CONSTRUCAO LTDA,CARAJAS CONSTRUCAO,MANGABEIRAS,MACEIO
AREIA,994449,TINTA ESM BR 3L DIALINE SEC AREIA IQUINE GL0001GL,,7892948053131,32081010,83000000,GL,2026-09-16T14:49:28Z,153.99,153.99,00279531000670,TUPAN CONSTRUCOES LTDA,,JARDIM PETROPOLIS,MACEIO
AREIA,0000000004091,AREIA LAVADA GROSSA,,0,25051000,83000000,M3,2026-09-16T13:44:12Z,175.0,157.5,00837552000159,JOSE CARLOS DOS SANTOS CONSTRUCAO LTDA,GG CASA & CONSTRUCAO,CLIMA BOM,MACEIO
AREIA,7892948050659,TINTA ACR FOS AREIA 15L BD DIATEX IQUINE,,0,32091010,83000000,UN,2026-09-15T12:22:53Z,159.9,159.9,03656804000131,CARAJAS MATERIAL DE CONSTRUCAO LTDA,CARAJAS CONSTRUCAO,TABULEIRO DOS MARTINS,MACEIO
AREIA,84,AREIA LAVADA GROSSA,,0,25051000,83000000,MT,2026-09-14T20:03:14Z,160.0,160.0,32738604000126,HORIZONTE MATERIAIS DE CONSTRUCAO,HORIZONTE MATERIAIS DE CONSTRUCAO,TABULEIRO DO MARTINS,MACEIO
AREIA,101717,AREIA FINA/GROSSA 1MT3,,0,38245000,83000000,UN,2026-09-11T14:24:54Z,160.0,160.0,07848663000100,PROKASA LTDA,PROKASA,CIDADE UNIVERSITARIA,MACEIO
AREIA,2508,1 METRO DE AREIA,,0,25232910,83000000,UN,2026-09-15T21:15:46Z,160.0,160.0,28565348000145,JANETE MARIA DOS SANTOS,NENA CONSTRUCOES,VERGEL DO LAGO,MACEIO
AREIA,0000000004090,AREIA LAVADA FINA,,0,25059000,83000000,M,2026-09-16T14:16:42Z,175.0,161.11111111111111,00837552000159,JOSE CARLOS DOS SANTOS CONSTRUCAO LTDA,GG CASA & CONSTRUCAO,CLIMA BOM,MACEIO
AREIA,1078,AREIA METRO,,0,25059000,83000000,UN,2026-09-11T13:30:05Z,168.0,168.0,43906461000130,AUROCON CONSTRUCAO LTDA,MIX  DA CONSTRUCAO,BARRO DURO,MACEIO
AREIA,09806,TEXTURA ACR LISA COM QUARTZO EXTERNA  AREIA BALDE 25KG IBRATIN,,1001025098064,32091010,83000000,LA,2026-09-12T14:22:56Z,187.0,168.3,12270435000640,L. JARDIM & CIA LTDA,Casas Jardim,JATIUCA,MACEIO
AREIA,503,AREIA GROSSA MT,,0,25051000,83000000,M3,2026-09-09T13:50:40Z,175.0,175.0,01217661000136,CASA FORTE MATERIAL DE CONSTRUÇÃO LTDA,CASA FORTE MATERIAL DE CONSTRUCAO,SERRARIA,MACEIO
AREIA,968936,TEXTURA ACR 25KG TEXTURAX AR HIDRACOR BD0001BD,TEXT LISO AREIA EXTERNA TEXTURAX BALDE 25KG HIDRACOR,7897144029270,32091010,83000000,BD,2026-09-16T18:43:53Z,189.99,189.99,00279531000670,TUPAN CONSTRUCOES LTDA,,JARDIM PETROPOLIS,MACEIO
AREIA,02591,AREIA SIRENA - RM CORALIT ULTRA RESISTENCIA ALTO BRILHO P GL RM004,CREME DE MAMAO 60YR 55/271 CORALIT ULTRA RESISTENCIA ALTO BRILHO GL D2.19.71,7891019132867,32089010,83000000,GL,2026-09-11T19:55:07Z,213.786,190.0,12270435001026,L. JARDIM & CIA LTDA,Casas Jardim,FAROL,MACEIO
AREIA,02591,AREIA SIRENA - RM CORALIT ULTRA RESISTENCIA ALTO BRILHO P GL RM004,CREME DE MAMAO 60YR 55/271 CORALIT ULTRA RESISTENCIA ALTO BRILHO GL D2.19.71,7891019132867,32089010,83000000,GL,2026-09-14T17:03:04Z,192.4074,192.41,12270435000720,L. JARDIM & CIA LTDA,CASA JARDIM,BARRO DURO,MACEIO
AREIA,11025,PO DE PEDRA/AREIA - IMCREL,,0,25171000,83000000,M3,2026-09-10T20:31:27Z,198.0,198.0,01420806000100,CENTROCON CENTRO DE CONSTRUCOES LTDA - EPP,CENTROTELHAS,BARRO DURO,MACEIO
AREIA,1549,NACOR TINTA AC STANDARD (AREIA) 15LTS,,0,32091010,83000000,UN,2026-09-08T19:02:54Z,199.5,199.5,52681878000133,FEDERAL - TINTAS & MATERIAIS ELETRICOS LTDA,CASA 7 CORES - TINTAS E MATERIAIS ELETRICOS,Clima Bom,MACEIO
AREIA,01901,TINTA ACR ECONOMICA CORALAR + DESEMP AREIA FOSCO 18L CORAL,TINTA PARA PAREDE ACRILICA CORAL CORALAR 18L AREIA,7891019138654,32091010,83000000,LA,2026-09-10T12:30:43Z,199.8,199.73,12270435000640,L. JARDIM & CIA LTDA,Casas Jardim,JATIUCA,MACEIO
AREIA,01901,TINTA ACR ECONOMICA CORALAR + DESEMP AREIA FOSCO 18L CORAL,TINTA PARA PAREDE ACRILICA CORAL CORALAR 18L AREIA,7891019138654,32091010,83000000,LA,2026-09-16T15:31:20Z,199.8,199.8,12270435000992,L. JARDIM & CIA LTDA,Casas Jardim,TABULEIRO DO MARTINS,MACEIO
AREIA,3038,AREIA M3 - GROSSA,,0,25051000,83000000,MT,2026-09-11T13:47:08Z,200.0,200.0,39611475000150,EVERALDO DA SILVA BUARQUE NETO LTDA,SS COMERCIAL,JACINTINHO,MACEIO
AREIA,3005,AREIA M3 - FINA,,0,25051000,83000000,MT,2026-09-09T13:35:44Z,200.0,200.0,39611475000150,EVERALDO DA SILVA BUARQUE NETO LTDA,SS COMERCIAL,JACINTINHO,MACEIO
AREIA,3037,AREIA M3 - MEDIA,,0,25051000,83000000,MT,2026-09-08T16:06:10Z,200.0,200.0,39611475000150,EVERALDO DA SILVA BUARQUE NETO LTDA,SS COMERCIAL,JACINTINHO,MACEIO
AREIA,0000000001168,AREIA MEDIA SEM MARCA,,1168,25059000,83000000,MT,2026-09-10T18:32:37Z,200.0,200.0,41187931000128,PACOM PATRIOTA COMERCIAL LTDA - EPP,,TABULEIRO DOS MARTINS,MACEIO
AREIA,378801,IQUINE DIATEX 16L BASE P LT - BRANCO AREIA - Diatex Pinta MaisPLT - 0ML,,0,32091010,83000000,LT,2026-09-11T18:56:10Z,205.41,205.41,03555402000655,PARAGOMINAS HOME CENTER LTDA,PARAGOMINAS ANTARES,ANTARES,MACEIO
AREIA,08107,OURO BRANCO SUVINIL A162 ESM COR&PROT ACET SOLV - BASE NOVA A2 GL,AREIA  - PAD. ESB - - 862005 READY MIX RM050 ESMALTE COR & PROTECAO ACETINADO A2 GL,7891260420324,32081010,83000000,GL,2026-09-11T15:01:47Z,227.5894,227.59,12270435000720,L. JARDIM & CIA LTDA,CASA JARDIM,BARRO DURO,MACEIO
AREIA,00433,TINTA ACR ECONOMICA MUDA FACIL AREIA FOSCO 18L GLASU,TINTA SUV GLAS ACR ECON FO AREIA 18L 53426635,7891260060797,32091010,83000000,LA,2026-09-11T18:56:51Z,254.0,228.6,12270435000720,L. JARDIM & CIA LTDA,CASA JARDIM,BARRO DURO,MACEIO
AREIA,3276007752175,EpAxi BA Acet luxens Areia 36L               De48914 Por45978,,0,32091010,83000000,UN,2026-09-10T13:16:37Z,244.57,229.89,01438784005590,LEROY MERLIN COMPANHIA BRASILEIRA DE BRICOLAGEM,,CRUZ DAS ALMAS,MACEIO
AREIA,7891019138654,TINTA ACR FOS 18L AREIA CORALAR CORAL,,0,32091010,83000000,LT,2026-09-13T17:23:58Z,244.9,244.9,03656804002428,CARAJAS MATERIAL DE CONSTRUCAO LTDA,CARAJAS CONSTRUCAO,MANGABEIRAS,MACEIO
AREIA,7892948057078,TINTA ACR FOS 15L AREIA SELA PINTA IQUINE,,0,32091010,83000000,UN,2026-09-10T13:54:19Z,289.9,246.705,03656804002428,CARAJAS MATERIAL DE CONSTRUCAO LTDA,CARAJAS CONSTRUCAO,MANGABEIRAS,MACEIO
AREIA,21377,AREIA (METRO ),,0,25051000,83000000,MT,2026-09-09T19:42:51Z,250.0,250.0,40181440000107,SANTOS & SANTOS COMERCIO DE MATERIAIS DE CONSTRUCAO LTDA,DONA NENE CONSTRUCOES,POCO,MACEIO
AREIA,08134,ROSA-BIQUINI SUVINIL C227 ESM COR&PROT + PRATICO ACET - AGUA A2 GL,AREIA  - PAD. ESB - - 714716 READY MIX RM050 ESMALTE SECA RAPIDO ACETINADO A2 GL,7891260384244,32091010,83000000,GL,2026-09-09T20:36:15Z,281.8192,251.81,12270435000640,L. JARDIM & CIA LTDA,Casas Jardim,JATIUCA,MACEIO
AREIA,7892948057078,TINTA ACR FOS 15L AREIA SELA PINTA IQUINE,,0,32091010,83000000,UN,2026-09-15T16:21:36Z,289.9,289.9,03656804000131,CARAJAS MATERIAL DE CONSTRUCAO LTDA,CARAJAS CONSTRUCAO,TABULEIRO DOS MARTINS,MACEIO
AREIA,295954,TINTA ACR FC 15L RT SEL PINT AREIA IQUIN BD0001BD,,7892948057078,32091010,83000000,BD,2026-09-14T15:00:48Z,289.99,289.99,00279531000670,TUPAN CONSTRUCOES LTDA,,JARDIM PETROPOLIS,MACEIO
AREIA,07306,TINTA ACR STANDARD CORALAR + RESISTENTE AREIA FOSCO 18L CORAL,CR CORALAR DUO FO AREIA 18L 1X18LCORAL,7891019908011,32091010,83000000,LA,2026-09-11T13:32:58Z,295.2,295.2,12270435000720,L. JARDIM & CIA LTDA,CASA JARDIM,BARRO DURO,MACEIO
AREIA,369734,IQUINE SELA PINTA 15L AREIA RT UN,,7892948057078,32091010,83000000,UN,2026-09-15T12:26:07Z,299.9,299.9,03555402000140,PARAGOMINAS HOME CENTER LTDA,PARAGOMINAS HOME CENTER,SANTOS DUMONT,MACEIO
AREIA,7896257588681,Ped Nat Areia 20Kg Hydronorth,,0,32091010,83000000,UN,2026-09-13T18:59:31Z,308.4,308.4,01438784005590,LEROY MERLIN COMPANHIA BRASILEIRA DE BRICOLAGEM,,CRUZ DAS ALMAS,MACEIO
AREIA,7899228234716,Text Areia Mar 25Kg Gyotoku,,0,32091010,83000000,UN,2026-09-08T19:35:28Z,308.4,308.4,01438784005590,LEROY MERLIN COMPANHIA BRASILEIRA DE BRICOLAGEM,,CRUZ DAS ALMAS,MACEIO
AREIA,01129,ACR FOSCO AREIA 18L MIRACRIL MIRACOR,,9999973780549,32091010,83000000,BD,2026-09-11T17:11:07Z,311.42,311.42,09326760000168,CASA DAS TINTAS LTDA,CASA DAS TINTAS,POCO,MACEIO
AREIA,11075,TEXT GRANFFINO PEDRAS NATURAIS AREIA INT/EXT BALDE 20KG HYDRONORTH,,7896257588681,32091010,83000000,LA,2026-09-10T17:33:53Z,385.0,345.9,12270435000801,L. JARDIM & CIA LTDA,Casas Jardim,PAJUCARA,MACEIO
AREIA,08741,TINTA ACR STANDARD MAXIMA EFICIENCIA AREIA FOSCO 18L GLASU,GLASURIT ACR FOSCO MAXIMA EFICIENCIA AREIA 18L,7891260166826,32091010,83000000,LA,2026-09-08T18:53:58Z,356.4,356.4,12270435000640,L. JARDIM & CIA LTDA,Casas Jardim,JATIUCA,MACEIO
AREIA,05442,TINTA ACR STANDARD RENDE E COBRE MUITO AREIA FOSCO 18L SUVINIL,SUVINIL ACR STD FOSCO RENDE E COBRE MUITO AREIA 18L,7891260330999,32091010,83000000,LA,2026-09-09T19:43:09Z,423.0,380.47,12270435000640,L. JARDIM & CIA LTDA,Casas Jardim,JATIUCA,MACEIO
AREIA,56315,TINTA ACR.SEMI BRILHO 15LT AREIA IBRATIN - 95138493,,0,32091010,83000000,UN,2026-09-12T13:49:12Z,399.99,399.99,70015672000156,ENCONTRO DO SOL HOME CENTER LTDA,ENCONTRO DO SOL HOME CENTER,TABULEIRO DO MARTINS,MACEIO
AREIA,982805,TINTA ACR FC 16L REND MUIT AREIA CORAL,TINTA ACR FC 16L REND MUIT AREIA CORAL LT0001LT,7891019919642,32091010,83000000,LT,2026-09-08T12:56:29Z,435.99,435.99,00279531000670,TUPAN CONSTRUCOES LTDA,,JARDIM PETROPOLIS,MACEIO
AREIA,7891019919642,TINTA ACRILICA RENDE MUITO AREIA 16L CORAL,,0,32091010,83000000,UN,2026-09-12T21:27:16Z,439.9,439.9,03656804002428,CARAJAS MATERIAL DE CONSTRUCAO LTDA,CARAJAS CONSTRUCAO,MANGABEIRAS,MACEIO
AREIA,7891019919642,Tinta Acril Stan Rend Mto Areia 16L          De46266 Por45172,,0,32091010,83000000,UN,2026-09-13T18:27:54Z,462.66,451.72,01438784005590,LEROY MERLIN COMPANHIA BRASILEIRA DE BRICOLAGEM,,CRUZ DAS ALMAS,MACEIO
AREIA,10762,AREIA SUVINIL RM003 FACHADA PROTEGIDA EMBORRACHADA A2 LA,,7891260561379,32091010,83000000,LA,2026-09-12T13:54:17Z,890.6707,890.67,12270435000640,L. JARDIM & CIA LTDA,Casas Jardim,JATIUCA,MACEIO
BRITA,1127,BRITA 0 RHOTA 25KG,,0,38245000,83000000,UN,2026-09-15T15:30:06Z,14.5,5.97,07848663000100,PROKASA LTDA,PROKASA,CIDADE UNIVERSITARIA,MACEIO
BRITA,36,BRITA 20Kg,,7890000000369,25171000,83000000,UN,2026-09-11T16:11:12Z,9.0,9.0,30952984000171,PEIXOTO & CANSANÇÃO COMÉRCIO DE MATERIAIS DE CONSTRUÇÃO LTDA,COMERCIAL ZENITH,SERRARIA,MACEIO
BRITA,1837,BRITA,,0,68051000,83000000,UN,2026-09-09T14:04:10Z,10.0,10.0,28388381000147,JOSE DO NASCIMENTO EIRELI - ME,IMPERDEKA,JATIUCA,MACEIO
BRITA,3337,LATA DE BRITA 3/4 M3,,0,25171000,83000000,UN,2026-09-10T12:40:03Z,10.0,10.0,39611475000150,EVERALDO DA SILVA BUARQUE NETO LTDA,SS COMERCIAL,JACINTINHO,MACEIO
BRITA,3675,SACOS DE AREIA E BRITA,,0,25051000,83000000,SC,2026-09-14T12:52:55Z,10.0,10.0,30076510000103,ANA PATRICIA DA SILVA,COMERCIAL ARTHUR,POCO,MACEIO
BRITA,5256,PACOTE DE BRITA 25 KG,,618231245727,25171000,83000000,UN,2026-09-08T11:27:50Z,12.0,12.0,49850828000128,CONSTRUCAR MATERIAL DE CONSTRUCAO LTDA,,Jacintinho,MACEIO
BRITA,1514,BRITA 25KG,,0,25059000,83000000,UN,2026-09-14T12:52:55Z,13.0,13.0,30076510000103,ANA PATRICIA DA SILVA,COMERCIAL ARTHUR,POCO,MACEIO
BRITA,791,BRITA LATA,,0,25171000,83000000,UN,2026-09-09T15:03:00Z,13.0,13.0,10264955000100,JESIVAN FERREIRA DE LIMA - ME,AQUI TEM MAIS,VERGEL DO LAGO,MACEIO
BRITA,1148,BRITA ZERO 25KG FIXAPLUS 1,,618231245727,25171000,83000000,SC,2026-09-08T14:03:09Z,13.205,13.205,11914541000141,NETTER CASA E CONSTRUÇÃO LTDA ME,CONSTRUCOES IPANEMA,JACINTINHO,MACEIO
BRITA,2762,BRITA 0 (ENSACADA),,0,25059000,83000000,UN,2026-09-11T16:00:47Z,13.5,13.5,13390079000156,JULIANA DOS SANTOS LEITE - ME,MAMUSKA CONSTRUCOES,VERGEL DO LAGO,MACEIO
BRITA,002031,PACOTE DE BRITA 25 KG,,618231245727,25171000,83000000,UN,2026-09-15T20:57:25Z,14.0,14.0,18858120000190,GRACILENE CORREIA DA SILVA CANDIDO,HIDROGRAF,SANTA LUCIA,MACEIO
BRITA,3952,BRITA EM SACO,,0,25232910,83000000,SC,2026-09-08T14:42:29Z,14.0,14.0,52183086000139,COMERCIAL SOUSA LTDA,COMERCIAL SOUSA,SERRARIA,MACEIO
BRITA,003134,PACOTE DE BRITA 25 KG,,0,25171000,83000000,UN,2026-09-16T12:28:48Z,14.5,14.5,18858120000190,GRACILENE CORREIA DA SILVA CANDIDO,HIDROGRAF,SANTA LUCIA,MACEIO
BRITA,16,BRITA 25 KG,,0,25171000,83000000,UN,2026-09-12T11:51:47Z,14.5,14.5,17887377000107,AMORIM FREITAS CONSTRUÇÃO LTDA,VALMOR MATERIAL DE CONSTRUCAO,JACINTINHO,MACEIO
BRITA,0000001163771,PACOTE DE BRITA 25 KG FIXAPLUS,,0,25171000,83000000,UN,2026-09-12T14:20:54Z,14.99,14.99,56182905000184,VIA COMERCIAL MATERIAIS DE CONSTRUÇÃO LTDA,VIA COMERCIAL,Barro Duro,MACEIO
BRITA,0000000001165,BRITA LATA OUTRAS,,0,25051000,83000000,LAT,2026-09-16T12:33:05Z,15.0,15.0,41187931000128,PACOM PATRIOTA COMERCIAL LTDA - EPP,,TABULEIRO DOS MARTINS,MACEIO
BRITA,10161,BRITA 3/4,,0,25171000,83000000,SC,2026-09-07T23:09:48Z,15.0,15.0,02045494000156,J. S. VIEIRA - ME,COMERCIAL VIEIRA,SERRARIA,MACEIO
BRITA,2151,LATA DE BRITA,,0,25051000,83000000,UN,2026-09-08T17:30:03Z,15.0,15.0,13001057000157,MACEIO PRE-MOLDADOS LTDA,MACEIO PRE-MOLDADOS,TABULEIRO DO MARTINS,MACEIO
BRITA,49796,BRITA (ZERO) 25 KG,,618231245727,25171000,83000000,UND,2026-09-08T20:16:54Z,16.0,15.83,40181440000107,SANTOS & SANTOS COMERCIO DE MATERIAIS DE CONSTRUCAO LTDA,DONA NENE CONSTRUCOES,POCO,MACEIO
BRITA,55781,BRITA ZERO SC 20KG CORDEIRO MINERIOS,,0,25171000,83000000,SO,2026-09-15T13:13:23Z,15.99,15.99,70015672000156,ENCONTRO DO SOL HOME CENTER LTDA,ENCONTRO DO SOL HOME CENTER,TABULEIRO DO MARTINS,MACEIO
BRITA,014488,BRITA 25KG FIXAPLUS,,0,25171000,83000000,UN,2026-09-15T20:11:25Z,16.8,16.533333333333335,35722180000108,G SILVA MATERIAL DE CONSTRUCOES LTDA,G SILVA MATERIAL DE CONSTRUÇÃO E FERRAGEM,JATIUCA,MACEIO
BRITA,7898783270047,BRITA 34 ENSACADA 20KG                       De7228 Por6792,,0,25171000,83000000,UN,2026-09-13T17:21:39Z,18.07,16.98,01438784005590,LEROY MERLIN COMPANHIA BRASILEIRA DE BRICOLAGEM,,CRUZ DAS ALMAS,MACEIO
BRITA,7977,PACOTE DE BRITA 25 KG,,0,25171000,83000000,UN,2026-09-15T21:22:17Z,20.0,20.0,56952576000103,S DE L S SOUZA,JL Construções,Chã da Jaqueira,MACEIO
BRITA,2515,1 CARROCA DE BRITA,,0,25232910,83000000,UN,2026-09-12T21:10:36Z,90.0,90.0,28565348000145,JANETE MARIA DOS SANTOS,NENA CONSTRUCOES,VERGEL DO LAGO,MACEIO
BRITA,413,BRITA 3/4,,0,25171000,83000000,MT,2026-09-08T13:46:53Z,170.0,169.66,35334579000103,J BERNARDO DA SILVA CONSTRUCOES,RIO NEGRO CONSTRUCOES,PETROPOLIS,MACEIO
BRITA,412,BRITA 0,,0,25171000,83000000,MT,2026-09-10T20:43:05Z,170.0,170.0,35334579000103,J BERNARDO DA SILVA CONSTRUCOES,RIO NEGRO CONSTRUCOES,PETROPOLIS,MACEIO
BRITA,3006,BRITA 3/4 M3,,0,25171000,83000000,MT,2026-09-09T19:16:53Z,200.0,200.0,39611475000150,EVERALDO DA SILVA BUARQUE NETO LTDA,SS COMERCIAL,JACINTINHO,MACEIO
BRITA,0000000004235,BRITA O,,0,25171000,83000000,M,2026-09-16T13:44:12Z,230.0,207.0,00837552000159,JOSE CARLOS DOS SANTOS CONSTRUCAO LTDA,GG CASA & CONSTRUCAO,CLIMA BOM,MACEIO
BRITA,4210,BRITA 00,,0,25171000,83000000,m2,2026-09-14T21:15:20Z,210.0,210.0,21592256000105,J C C SERAFIM CONSTRUÇÕES,J L CONSTRUCOES,CIDADE UNIVERSITARIA,MACEIO
BRITA,184,BRITA 3/4 1MT,,7890000001847,25171000,83000000,UN,2026-09-11T20:59:06Z,220.0,220.0,68625360000112,MURALHAS HOME CENTER LIMITADA,MURALHAS HOME CENTER,Benedito Bentes,MACEIO
BRITA,2019,METRO DE BRITA 3/4,,0,25171000,83000000,UN,2026-09-11T17:40:05Z,225.0,225.0,00779253000105,MARIA DE FATIMA OLIVEIRA CAVALCANTE - ME,DEPOSITO PRECO BOM,PONTA GROSSA,MACEIO
BRITA,0000000004093,BRITA 3 4,,0,25171000,83000000,M,2026-09-12T12:56:45Z,230.0,230.0,00837552000159,JOSE CARLOS DOS SANTOS CONSTRUCAO LTDA,GG CASA & CONSTRUCAO,CLIMA BOM,MACEIO
BRITA,001986,BRITA 3/4 1M,,0,25221000,83000000,M,2026-09-09T10:05:50Z,230.0,230.0,55206191000134,MIX MATERIAL DE CONSTRUCOES LTDA,,Cidade Universitária,MACEIO
BRITA,187,BRITA 0 1MT,,7890000001878,25171000,83000000,UN,2026-09-14T21:01:23Z,230.0,230.0,68625360000112,MURALHAS HOME CENTER LIMITADA,MURALHAS HOME CENTER,Benedito Bentes,MACEIO
BRITA,101850,BRITA 3/4 1mt,,0,38245000,83000000,UN,2026-09-09T11:58:07Z,240.0,240.0,07848663000100,PROKASA LTDA,PROKASA,CIDADE UNIVERSITARIA,MACEIO
BRITA,497,BRITA 0 (13MM/5MM) MT,,0,25171000,83000000,M3,2026-09-15T19:03:42Z,290.0,270.0,01217661000136,CASA FORTE MATERIAL DE CONSTRUÇÃO LTDA,CASA FORTE MATERIAL DE CONSTRUCAO,SERRARIA,MACEIO
BRITA,490,BRITA 3/4 (19MM/13MM) MT,,0,25171000,83000000,M3,2026-09-10T18:05:01Z,280.0,271.84,01217661000136,CASA FORTE MATERIAL DE CONSTRUÇÃO LTDA,CASA FORTE MATERIAL DE CONSTRUCAO,SERRARIA,MACEIO
TIJOLO,29463,BUCHA U-FU 6MM USAF,BUCHA P/ FIXACAO TIJOLO FURAD 06 UFU C/2,7898937188181,39259090,83000000,UN,2026-09-16T12:58:56Z,0.35,0.35,70015672000156,ENCONTRO DO SOL HOME CENTER LTDA,ENCONTRO DO SOL HOME CENTER,TABULEIRO DO MARTINS,MACEIO
TIJOLO,42632,BUCHA U-FU 10MM USAF,BUCHA P/ FIXACAO TIJOLO FURAD 10 UFU C/50 USAF - REF 000046,7898357410206,39259090,83000000,UN,2026-09-14T18:01:41Z,0.7,0.7,70015672000156,ENCONTRO DO SOL HOME CENTER LTDA,ENCONTRO DO SOL HOME CENTER,TABULEIRO DO MARTINS,MACEIO
TIJOLO,1891,TIJOLO 8 FUROS ( ACIMA DE 100 UNIDADES ),,0,69010000,83000000,UN,2026-09-14T11:52:12Z,0.96,0.96,18197190000144,DALTHON FELIPE DE MEDEIROS SILVA 05784696424,,VERGEL DO LAGO,MACEIO
TIJOLO,000554,TIJOLOS 8 FUROS,,0,69041000,83000000,UN,2026-09-09T12:10:19Z,1.0,1.0,08838005000108,ERONILDE TENORIO DE ARAUJO - ME,,CIDADE UNIVERSITARIA,MACEIO
TIJOLO,441,TIJOLO 8 FUROS,,0,69041000,83000000,UN,2026-09-15T13:20:56Z,1.0,1.0,09309774000173,ELIANA GONCALVES BARROS - ME,BARROS CONSTRUCOES,T DOS MARTINS,MACEIO
TIJOLO,194,TIJOLOS,,7890000001946,69041000,83000000,UN,2026-09-15T20:45:58Z,1.0,1.0,68625360000112,MURALHAS HOME CENTER LIMITADA,MURALHAS HOME CENTER,Benedito Bentes,MACEIO
TIJOLO,0000000001318,TIJOLO 8 FUROS 19X19,,0,69041000,83000000,UN,2026-09-15T12:44:43Z,1.22,1.098,00837552000159,JOSE CARLOS DOS SANTOS CONSTRUCAO LTDA,GG CASA & CONSTRUCAO,CLIMA BOM,MACEIO
TIJOLO,001935,TIJOLO 8 FUROS,,0,25221000,83000000,UN,2026-09-14T18:47:01Z,1.1,1.1,55206191000134,MIX MATERIAL DE CONSTRUCOES LTDA,,Cidade Universitária,MACEIO
TIJOLO,117,TIJOLO 8F 9X19X19 - 2 IRMAOS,,0,69041000,83000000,UN,2026-09-10T17:32:59Z,1.1,1.1,51848522000189,JR2 CONSTRUCOES LTDA,MENDONÇA CONSTRUÇÕES,Chã de Bebedouro,MACEIO
TIJOLO,411,TIJOLO 8 FUROS,,0,69041000,83000000,UN,2026-09-10T19:56:23Z,1.1,1.1,35334579000103,J BERNARDO DA SILVA CONSTRUCOES,RIO NEGRO CONSTRUCOES,PETROPOLIS,MACEIO
TIJOLO,101783,TIJOLO CERAMICO 8 FUROS,,7898591254970,39259090,83000000,UN,2026-09-10T15:12:37Z,1.2,1.195,07848663000100,PROKASA LTDA,PROKASA,CIDADE UNIVERSITARIA,MACEIO
TIJOLO,3047,TIJOLO 8 FUROS 9X19X19,,0,69041000,83000000,UN,2026-09-10T10:38:15Z,1.2,1.2,04112582000159,BENTO PREMOLDADOS LTDA - ME,BENTO PREMOLDADOS,BARRO DURO,MACEIO
TIJOLO,10767,TIJOLO 08 FUROS 9X19X19CM - DOIS IRMAOS,,0,69041000,83000000,UN,2026-09-10T20:31:27Z,1.3,1.3,01420806000100,CENTROCON CENTRO DE CONSTRUCOES LTDA - EPP,CENTROTELHAS,BARRO DURO,MACEIO
TIJOLO,920,TIJOLO 8 FUROS UND,,0,69041000,83000000,UN,2026-09-12T13:44:11Z,1.3,1.3,43906461000130,AUROCON CONSTRUCAO LTDA,MIX  DA CONSTRUCAO,BARRO DURO,MACEIO
TIJOLO,3008,TIJOLOS 8F,,0,69041000,83000000,UN,2026-09-10T19:00:09Z,1.5,1.5,39611475000150,EVERALDO DA SILVA BUARQUE NETO LTDA,SS COMERCIAL,JACINTINHO,MACEIO
TIJOLO,0000000006585,TIJOLO 6 FUROS 9 X 14 X 19 BOCA DA MATA TIGRE,,0,69041000,83000000,UND,2026-09-12T12:19:24Z,1.5,1.5,41187931000128,PACOM PATRIOTA COMERCIAL LTDA - EPP,,TABULEIRO DOS MARTINS,MACEIO
TIJOLO,54031,TIJOLO 1 23X10X4.5CM,,0,69051000,83000000,UNID,2026-09-11T20:25:48Z,1.5,1.5,40181440000107,SANTOS & SANTOS COMERCIO DE MATERIAIS DE CONSTRUCAO LTDA,DONA NENE CONSTRUCOES,POCO,MACEIO
TIJOLO,0000000001171,TIJOLO BATIDO 1. COM CAVA B.M PACOM,,0,69029090,83000000,UND,2026-09-11T17:56:45Z,2.0,2.0,41187931000128,PACOM PATRIOTA COMERCIAL LTDA - EPP,,TABULEIRO DOS MARTINS,MACEIO
TIJOLO,2008,TIJOLO,,0,69041000,83000000,UN,2026-09-10T17:31:28Z,2.5,2.5,27449717000171,F P B DOS SANTOS COMERCIO E SERVIÇOS LTDA,FP PECAS E SERVICOS,SERRARIA,MACEIO
TIJOLO,373627,BUCHA P/TIJOLO FURADO 08MM C/10 UN USAF UN,,7898730540056,39259090,83000000,UN,2026-09-16T19:38:21Z,2.99,2.99,03555402000140,PARAGOMINAS HOME CENTER LTDA,PARAGOMINAS HOME CENTER,SANTOS DUMONT,MACEIO
TIJOLO,373628,BUCHA PTIJOLO FURADO 10MM C10 UN USAF,,7898730540070,39259090,83000000,UN,2026-09-13T18:41:57Z,3.99,3.99,03555402000140,PARAGOMINAS HOME CENTER LTDA,PARAGOMINAS HOME CENTER,SANTOS DUMONT,MACEIO
TIJOLO,7528,TIJOLO BATIDO RUSTICO 15X30 22/M2 - ARACA,,0,69041000,83000000,UN,2026-09-15T20:52:54Z,4.3,4.3,01420806000100,CENTROCON CENTRO DE CONSTRUCOES LTDA - EPP,CENTROTELHAS,BARRO DURO,MACEIO
TIJOLO,S220028,BUCHA TIJOLO FURADO PLASTICA CINZA,,7898730540711,39259090,83000000,PC,2026-09-14T18:39:41Z,8.39,8.39,92660406006583,FRIGELAR COMERCIO E INDUSTRIA LTDA,,GRUTA DE LOURDES,MACEIO
TIJOLO,10174,DISCO DIAM SEGMENTADO CONCRETO/TIJOLO/ASFALTO (110X20MM) UN HEAVY DUTY,,751320411402,68042119,83000000,UND,2026-09-10T17:26:13Z,11.0,8.8,12270435000640,L. JARDIM & CIA LTDA,Casas Jardim,JATIUCA,MACEIO
TIJOLO,7984,TIJOLO 8FUR 9X19X19 C10 AGRANEL,,0,68101100,83000000,UN,2026-09-13T13:50:47Z,14.0,14.0,22442491000163,MADSON LUAN CORRERIA RAMOS,OURO PRETO MATERIAIS DE CONSTRUCAO,OURO PRETO,MACEIO
TIJOLO,86,"TIJOLOS 8 FUROS 0,09 X 0,19 X",,0,69041000,83000000,UN,2026-09-09T20:06:00Z,15.0,15.0,32738604000126,HORIZONTE MATERIAIS DE CONSTRUCAO,HORIZONTE MATERIAIS DE CONSTRUCAO,TABULEIRO DO MARTINS,MACEIO
TIJOLO,S220027,BUCHA TIJOLO FURADO PLASTICA CINZA,,7898730540049,39259090,83000000,PC,2026-09-14T18:39:41Z,17.36,17.36,92660406006583,FRIGELAR COMERCIO E INDUSTRIA LTDA,,GRUTA DE LOURDES,MACEIO
TIJOLO,7897255902523,ARGAMASSA BLOCO VID 5KG INT/EXT QUARTZOLIT,ARGAMASSA QUARTZOLIT BRANCA PARA TIJOLO DE VIDRO 5KG,7897255902523,32149000,83000000,SC,2026-09-10T18:45:54Z,32.9,32.9,03656804000131,CARAJAS MATERIAL DE CONSTRUCAO LTDA,CARAJAS CONSTRUCAO,TABULEIRO DOS MARTINS,MACEIO
TIJOLO,52779,ARGAMASSA EXT SC5KG BLOC VID FIXOBL BR Q SC0001SC,ARGAMASSA QUARTZOLIT BRANCA PARA TIJOLO DE VIDRO 5KG,7897255902523,32149000,83000000,SC,2026-09-13T18:27:56Z,32.99,32.99,00279531000670,TUPAN CONSTRUCOES LTDA,,JARDIM PETROPOLIS,MACEIO
TIJOLO,7899731532682,TIJOLO 229X114X51MM 5 UN,,0,69022010,83000000,UN,2026-09-11T23:25:52Z,44.57,44.57,01438784005590,LEROY MERLIN COMPANHIA BRASILEIRA DE BRICOLAGEM,,CRUZ DAS ALMAS,MACEIO
TIJOLO,10338,TIJOLO 8FUR 9X19X19 C500 AGRANEL,,0,68101100,83000000,UN,2026-09-14T16:17:03Z,550.0,524.975,22442491000163,MADSON LUAN CORRERIA RAMOS,OURO PRETO MATERIAIS DE CONSTRUCAO,OURO PRETO,MACEIO
TINTA,61,COADOR DESCARTAVEL P TINTA,,7891452179092,38140090,83000000,LT,2026-09-14T19:14:37Z,1.0,1.0,29174391000142,A.G DE VASCONCELOS FILHO,,CIDADE UNIVERSITARIA,MACEIO
TINTA,7891153033211,TINTA ACRILICA BRILH,,0,32091010,83000000,UN,2026-09-09T16:11:13Z,2.0,2.0,06021149000133,PAPEL CENTRAL LTDA - ME,,CENTRO,MACEIO
TINTA,7891153079493,TINTA ACRILICA FOSCA,,0,32091010,83000000,UN,2026-09-15T20:09:59Z,2.0,2.0,06021149000133,PAPEL CENTRAL LTDA - ME,,CENTRO,MACEIO
TINTA,12459,TINTA LIQUIDA ARTISTICA VERMELHA 15ML - ROSTINHO PINTADO,,0,32082019,83000000,UN,2026-09-11T20:38:05Z,4.9,2.05,53088777000116,AMARELINHA PAPELARIA BRINQUEDOS E PRESENTES LTDA,AMARELINHA PAPELARIA BRINQUEDOS E PRESENTES,Ponta Verde,MACEIO
TINTA,000162,TINTA ESM.SINT.100ML TINTAS LUX,,0,32081010,83000000,UN,2026-09-16T14:50:30Z,9.9,2.2,35722180000108,G SILVA MATERIAL DE CONSTRUCOES LTDA,G SILVA MATERIAL DE CONSTRUÇÃO E FERRAGEM,JATIUCA,MACEIO
TINTA,12465,TINTA LIQUIDA ARTISTICA PELE 1 15ML - ROSTINHO PINTADO,,0,32082019,83000000,UN,2026-09-11T20:38:05Z,5.9,2.47,53088777000116,AMARELINHA PAPELARIA BRINQUEDOS E PRESENTES LTDA,AMARELINHA PAPELARIA BRINQUEDOS E PRESENTES,Ponta Verde,MACEIO
TINTA,12468,TINTA LIQUIDA ARTISTICA PINK FLUOR 15ML - ROSTINHO PINTADO,,0,32082019,83000000,UN,2026-09-11T20:38:05Z,5.9,2.47,53088777000116,AMARELINHA PAPELARIA BRINQUEDOS E PRESENTES LTDA,AMARELINHA PAPELARIA BRINQUEDOS E PRESENTES,Ponta Verde,MACEIO
TINTA,0000000003156,PROMOCAO TINTA FOSCA,,0,32091010,83000000,UN,2026-09-11T15:47:59Z,2.75,2.75,06021149000133,PAPEL CENTRAL LTDA - ME,,CENTRO,MACEIO
TINTA,13746,POLIDOR LIMPA BOM 500ML,POLIDOR DE ALUMINIO LIMPA BOM R MAIS500M - 1X500ML,7898758141303,32091010,83000000,UN,2026-09-14T17:16:18Z,2.79,2.79,51227228000150,M V DE L SANTOS MERCEARIA,MERCADINHO SUPER BARATO,Jacintinho,MACEIO
TINTA,2375,CORANTE VIOLETA 50ML HIDROTINTAS,BISNAGA CORANTE VIOLETA 50ML HIDRO COLOR HIDROTINTAS,7899010478076,32041700,83000000,UND,2026-09-14T18:18:15Z,3.15,3.15,18355133000146,CASA DA CONSTRUÇÃO LTDA,CASA DA CONSTRUCAO,JACINTINHO,MACEIO
TINTA,2371,CORANTE AZUL 50ML HIDROTINTAS,BISNAGA CORANTE AZUL 50ML HIDRO COLOR HIDROTINTAS,7899010478038,32041700,83000000,UND,2026-09-14T18:40:05Z,3.15,3.15,18355133000146,CASA DA CONSTRUÇÃO LTDA,CASA DA CONSTRUCAO,JACINTINHO,MACEIO
TINTA,12454,TINTA FACIAL METALICA AZUL 15ML - ROSTINHO PINTADO,,0,32082019,83000000,UN,2026-09-11T20:38:05Z,8.9,3.73,53088777000116,AMARELINHA PAPELARIA BRINQUEDOS E PRESENTES LTDA,AMARELINHA PAPELARIA BRINQUEDOS E PRESENTES,Ponta Verde,MACEIO
TINTA,0000000002022,TINTA PROMOCAO PVA C,,0,32091010,83000000,UN,2026-09-08T18:59:26Z,3.95,3.95,06021149000133,PAPEL CENTRAL LTDA - ME,,CENTRO,MACEIO
TINTA,6399,CORANTE SOLUT 50ML PRETO - TINTAS LUX,,0,32041700,83000000,UN,2026-09-10T17:34:15Z,4.0,4.0,10264955000100,JESIVAN FERREIRA DE LIMA - ME,AQUI TEM MAIS,VERGEL DO LAGO,MACEIO
TINTA,013085,TINTA SPRAY 350ML TEKBOND,,0,32082019,83000000,UN,2026-09-16T12:56:10Z,22.0,4.4,35722180000108,G SILVA MATERIAL DE CONSTRUCOES LTDA,G SILVA MATERIAL DE CONSTRUÇÃO E FERRAGEM,JATIUCA,MACEIO
TINTA,5103,TINTA PARA MARCADOR QB 20ML PRETO - RADEX,,0,32082019,83000000,UN,2026-09-10T18:28:57Z,4.4,4.4,53088777000116,AMARELINHA PAPELARIA BRINQUEDOS E PRESENTES LTDA,AMARELINHA PAPELARIA BRINQUEDOS E PRESENTES,Ponta Verde,MACEIO
TINTA,577,CORANTE SOLUT 50ML VIOLETA - TINTAS LUX,,0,32082011,83000000,UN,2026-09-09T16:20:50Z,4.99,4.88,55532304000191,TOP TINTAS LTDA,TOP TINTAS,Prado,MACEIO
TINTA,07898936833730,TINTA LIQUIDA FACIAL FLUOR 15ML REF 1402 COLORMAKE,,0,32089010,83000000,UN,2026-09-08T20:39:23Z,4.9,4.9,18561882000120,ARMARINHO TENORIO LTDA - ME,,CENTRO,MACEIO
TINTA,7891153072210,TINTA P TECIDO 37ML,,0,32091010,83000000,UN,2026-09-10T14:25:01Z,5.55,4.993333333333333,06021149000133,PAPEL CENTRAL LTDA - ME,,CENTRO,MACEIO
TINTA,447,HIDRACOR TINTA PO CREME SC 02KGS,,0,25223000,83000000,UN,2026-09-11T12:42:37Z,5.0,5.0,29217117000103,COMERCIAL MIRELI,COMERCIAL MIRELI,CIDADE UNIVERSITARIA,MACEIO
TINTA,566,Rejunte cz Rhota,"HIDRAMAIS ESM SINT BCO GELO 900ML -> COD.ONU: 1263 CL.RISCO: 3,0 GR.EMB: III TINTA CONTENDO SOLVENTE ORGANICO. PESO BRUT",7897144014375,32081010,83000000,UN,2026-09-11T18:23:43Z,5.0,5.0,34532809000186,BOLINHA CONSTRUÇÕES LTDA,BOLINHA CONSTRUCOES,CENTRO,MACEIO
TINTA,7891153049663,TINTA P TECIDO META,,0,32091010,83000000,UN,2026-09-14T16:25:29Z,5.0,5.0,06021149000133,PAPEL CENTRAL LTDA - ME,,CENTRO,MACEIO
TINTA,29719,CORANTE SOLUT 50ML PRETO TINTAS LUX,,0,32041700,83000000,UN,2026-09-12T14:46:40Z,5.0,5.0,00779253000105,MARIA DE FATIMA OLIVEIRA CAVALCANTE - ME,DEPOSITO PRECO BOM,PONTA GROSSA,MACEIO
TINTA,8,CORANTE SOLUT 50ML VERMELHO - TINTAS LUX,,0,32041700,83000000,UN,2026-09-08T12:33:45Z,5.0,5.0,65565568000103,ANNE C A DE OLIVEIRA,PLASTFERRO CONSTRUÇÕES,Jacintinho,MACEIO
TINTA,344,CORANTE SOLUT 50ML PRETO - TINTAS LUX,,0,32041700,83000000,UNID,2026-09-13T14:40:22Z,6.0,5.0,59904566000190,R L DE MELO,RR CASA E CONSTRUCAO,JACINTINHO,MACEIO
TINTA,000401,CORANTE SOLUT 50ML AMARELO - TINTAS LUX,,0,32041700,83000000,UN,2026-09-15T18:36:38Z,5.0,5.0,43781818000100,ZENALDI M DOS SANTOS SILVA,LOJA DOS COMPENSADOS,CLIMA BOM,MACEIO
TINTA,000404,CORANTE SOLUT 50ML VERDE - TINTAS LUX,,0,32041700,83000000,UN,2026-09-15T18:36:11Z,5.0,5.0,43781818000100,ZENALDI M DOS SANTOS SILVA,LOJA DOS COMPENSADOS,CLIMA BOM,MACEIO
TINTA,565,CORANTE SOLUT 50ML VERMELHO - TINTAS LUX,,0,32082011,83000000,UN,2026-09-11T17:52:25Z,5.0,5.0,55532304000191,TOP TINTAS LTDA,TOP TINTAS,Prado,MACEIO
TINTA,660,CORANTE AZUL SOLUT 50ML - TINTAS LUX,,0,32041700,83000000,UN,2026-09-09T17:30:05Z,5.0,5.0,27449717000171,F P B DOS SANTOS COMERCIO E SERVIÇOS LTDA,FP PECAS E SERVICOS,SERRARIA,MACEIO
TINTA,1890,CORANTE OCRE 50ML - SOLUT - TINTAS LUX,,0,32041700,83000000,UN,2026-09-12T14:36:28Z,5.0,5.0,27449717000171,F P B DOS SANTOS COMERCIO E SERVIÇOS LTDA,FP PECAS E SERVICOS,SERRARIA,MACEIO
TINTA,7891153040097,TINTA P TECIDO 37ML,,0,32091010,83000000,UN,2026-09-10T14:23:21Z,5.2,5.2,06021149000133,PAPEL CENTRAL LTDA - ME,,CENTRO,MACEIO
TINTA,7891153025612,TINTA FOSCA P ARTESANATO 37ML ACRILEX,,0,32091010,83000000,UN,2026-09-09T13:35:38Z,5.25,5.25,02488201000296,M A P TENORIO COMERCIO LTDA,FOLIA,CENTRO,MACEIO
TINTA,7891153026299,TINTA FOSCA P ARTES,,0,32091010,83000000,UN,2026-09-15T13:38:58Z,5.25,5.25,06021149000133,PAPEL CENTRAL LTDA - ME,,CENTRO,MACEIO
TINTA,7891153032191,TINTA FOSCA P ARTE,,0,32091010,83000000,UN,2026-09-15T15:20:41Z,5.25,5.25,06021149000133,PAPEL CENTRAL LTDA - ME,,CENTRO,MACEIO
TINTA,7891153032078,TINTA FOSCA P ARTESA,,0,32091010,83000000,UN,2026-09-15T20:02:06Z,5.25,5.25,06021149000133,PAPEL CENTRAL LTDA - ME,,CENTRO,MACEIO
TINTA,07898903221225,TINTA LIQUIDA FACIAL 15ML REF 1209 COLORMAKE,,0,32089010,83000000,UN,2026-09-09T14:11:53Z,5.8,5.51,18561882000120,ARMARINHO TENORIO LTDA - ME,,CENTRO,MACEIO
TINTA,7891153041360,TINTA P TECIDO 37ML,,0,32091010,83000000,UN,2026-09-08T15:58:27Z,5.55,5.55,06021149000133,PAPEL CENTRAL LTDA - ME,,CENTRO,MACEIO
TINTA,7891153041391,TINTA P TECIDO 37ML,,0,32091010,83000000,UN,2026-09-14T15:58:16Z,5.55,5.55,06021149000133,PAPEL CENTRAL LTDA - ME,,CENTRO,MACEIO
TINTA,7891153041407,TINTA P TECIDO 37ML,,0,32091010,83000000,UN,2026-09-14T16:08:19Z,5.55,5.55,06021149000133,PAPEL CENTRAL LTDA - ME,,CENTRO,MACEIO
TINTA,7891153041421,TINTA P TECIDO 37ML,,0,32091010,83000000,UN,2026-09-10T14:50:19Z,5.55,5.55,06021149000133,PAPEL CENTRAL LTDA - ME,,CENTRO,MACEIO
TINTA,7891153041438,TINTA P TECIDO 37ML,,0,32091010,83000000,UN,2026-09-08T15:58:27Z,5.55,5.55,06021149000133,PAPEL CENTRAL LTDA - ME,,CENTRO,MACEIO
TINTA,7891153041476,TINTA P TECIDO 37ML,,0,32091010,83000000,UN,2026-09-11T16:24:17Z,5.55,5.55,06021149000133,PAPEL CENTRAL LTDA - ME,,CENTRO,MACEIO
TINTA,7891153041582,TINTA P TECIDO 37ML,,0,32091010,83000000,UN,2026-09-10T12:51:25Z,5.55,5.55,06021149000133,PAPEL CENTRAL LTDA - ME,,CENTRO,MACEIO
TINTA,7891153041711,TINTA P TECIDO 37ML,,0,32091010,83000000,UN,2026-09-14T14:12:43Z,5.55,5.55,06021149000133,PAPEL CENTRAL LTDA - ME,,CENTRO,MACEIO
TINTA,7891153041735,TINTA P TECIDO 37ML,,0,32091010,83000000,UN,2026-09-14T14:12:43Z,5.55,5.55,06021149000133,PAPEL CENTRAL LTDA - ME,,CENTRO,MACEIO
TINTA,7891153041773,TINTA P TECIDO 37ML,,0,32091010,83000000,UN,2026-09-11T15:27:40Z,5.55,5.55,06021149000133,PAPEL CENTRAL LTDA - ME,,CENTRO,MACEIO
TINTA,7891153041803,TINTA P TECIDO 37ML,,0,32091010,83000000,UN,2026-09-11T11:51:28Z,5.55,5.55,06021149000133,PAPEL CENTRAL LTDA - ME,,CENTRO,MACEIO
TINTA,7891153041810,TINTA P TECIDO 37ML,,0,32091010,83000000,UN,2026-09-14T17:35:56Z,5.55,5.55,06021149000133,PAPEL CENTRAL LTDA - ME,,CENTRO,MACEIO
TINTA,7891153072159,TINTA P TECIDO 37ML,,0,32091010,83000000,UN,2026-09-08T17:39:07Z,5.55,5.55,06021149000133,PAPEL CENTRAL LTDA - ME,,CENTRO,MACEIO
TINTA,7891153072272,TINTA P TECIDO 37ML,,0,32091010,83000000,UN,2026-09-14T15:06:21Z,5.55,5.55,06021149000133,PAPEL CENTRAL LTDA - ME,,CENTRO,MACEIO
TINTA,7891153072357,TINTA P TECIDO 37ML,,0,32091010,83000000,UN,2026-09-14T15:59:14Z,5.55,5.55,06021149000133,PAPEL CENTRAL LTDA - ME,,CENTRO,MACEIO
TINTA,7891153072432,TINTA P TECIDO 37ML,,0,32091010,83000000,UN,2026-09-12T14:36:10Z,5.55,5.55,06021149000133,PAPEL CENTRAL LTDA - ME,,CENTRO,MACEIO
TINTA,7891153072494,TINTA P TECIDO 37ML,,0,32091010,83000000,UN,2026-09-09T17:04:27Z,5.55,5.55,06021149000133,PAPEL CENTRAL LTDA - ME,,CENTRO,MACEIO
TINTA,7891153089638,TINTA P TECIDO 37ML,,0,32091010,83000000,UN,2026-09-08T12:18:13Z,5.55,5.55,06021149000133,PAPEL CENTRAL LTDA - ME,,CENTRO,MACEIO
TINTA,7891153041346,TINTA P TECIDO 37ML,,0,32091010,83000000,UN,2026-09-14T15:06:21Z,5.55,5.55,06021149000133,PAPEL CENTRAL LTDA - ME,,CENTRO,MACEIO
TINTA,7891153041339,TINTA P TECIDO 37ML,,0,32091010,83000000,UN,2026-09-14T14:43:51Z,5.55,5.55,06021149000133,PAPEL CENTRAL LTDA - ME,,CENTRO,MACEIO
TINTA,7891153041261,TINTA P TECIDO 37ML,,0,32091010,83000000,UN,2026-09-11T18:54:54Z,5.55,5.55,06021149000133,PAPEL CENTRAL LTDA - ME,,CENTRO,MACEIO
TINTA,7891153041223,TINTA P TECIDO 37ML,,0,32091010,83000000,UN,2026-09-12T14:23:26Z,5.55,5.55,06021149000133,PAPEL CENTRAL LTDA - ME,,CENTRO,MACEIO
TINTA,7891153014210,TINTA P TECIDO 37ML,,0,32091010,83000000,UN,2026-09-14T15:06:21Z,5.55,5.55,06021149000133,PAPEL CENTRAL LTDA - ME,,CENTRO,MACEIO
TINTA,7891153014135,TINTA P TECIDO 35ML,,0,32091010,83000000,UN,2026-09-08T12:18:13Z,5.55,5.55,06021149000133,PAPEL CENTRAL LTDA - ME,,CENTRO,MACEIO
TINTA,7891153014159,TINTA P TECIDO 37ML,,0,32091010,83000000,UN,2026-09-08T16:03:05Z,5.55,5.55,06021149000133,PAPEL CENTRAL LTDA - ME,,CENTRO,MACEIO
TINTA,22993,CORANTE VERMELHO HIDROTINTAS,BISNAGA CORANTE VERMELHO 50ML HIDRO COLOR HIDROTINTAS,7899010478007,32041700,83000000,UN,2026-09-16T10:16:22Z,5.57,5.57,40181440000107,SANTOS & SANTOS COMERCIO DE MATERIAIS DE CONSTRUCAO LTDA,DONA NENE CONSTRUCOES,POCO,MACEIO
TINTA,07898903221911,TINTA LIQUIDA FACIAL 15ML YUR,,0,32089010,83000000,UN,2026-09-08T20:39:23Z,5.8,5.8,18561882000120,ARMARINHO TENORIO LTDA - ME,,CENTRO,MACEIO
TINTA,07898903221249,TINTA LIQUIDA FACIAL 15ML REF 1201 COLORMAKE,,0,32089010,83000000,UN,2026-09-08T20:39:23Z,5.8,5.8,18561882000120,ARMARINHO TENORIO LTDA - ME,,CENTRO,MACEIO
TINTA,2204306,CORANTE PTINTA 50ML OCRE TEKBOND,,7898543392163,32041700,83000000,UN,2026-09-16T12:34:00Z,5.81,5.81,04081654000148,MAXCASA COMERCIAL EIRELI - EPP,MAXCASA@MULTICOISAS.COM.BR,PONTA VERDE,MACEIO
TINTA,9358,TINTA DIMENSIONAL METALICA  VERDE FOLHA,,0,32082019,83000000,UN,2026-09-15T20:23:20Z,6.5,6.5,53088777000116,AMARELINHA PAPELARIA BRINQUEDOS E PRESENTES LTDA,AMARELINHA PAPELARIA BRINQUEDOS E PRESENTES,Ponta Verde,MACEIO
TINTA,9,TINTA BISNAGA GLOBO 50ML PTO,CORANTE LIQUIDO DZ GLOBOCOR PRETO - GLOBOCOR,7891323075423,32041700,83000000,UN,2026-09-11T17:50:49Z,7.1,6.666666666666667,07848663000100,PROKASA LTDA,PROKASA,CIDADE UNIVERSITARIA,MACEIO
TINTA,07898936833747,TINTA LIQUIDA FACIAL FLUOR 15ML REF 1403 COLORMAKE,,0,32089010,83000000,UN,2026-09-08T20:39:23Z,6.9,6.9,18561882000120,ARMARINHO TENORIO LTDA - ME,,CENTRO,MACEIO
TINTA,000839,TINTA BISNAGA GLOBO 50ML,CORANTE LIQUIDO DZ GLOBOCOR AMARELO - GLOBOCOR,7891323075362,32041700,83000000,UND,2026-09-09T11:53:37Z,7.0,7.0,09327149000235,SUCROQUIMICA INDUSTRIA E COMERCIO LTDA,,TAB DOS MARTINS,MACEIO
TINTA,7891153048499,DILUENTE P TINTA P,,0,38140090,83000000,UN,2026-09-14T17:35:56Z,7.3,7.3,06021149000133,PAPEL CENTRAL LTDA - ME,,CENTRO,MACEIO
TINTA,7891153035093,TINTA ACRILICA FOSCA,,0,32091010,83000000,UN,2026-09-14T11:43:41Z,7.45,7.45,06021149000133,PAPEL CENTRAL LTDA - ME,,CENTRO,MACEIO
TINTA,7891153035178,TINTA ACRILICA FOSCA,,0,32091010,83000000,UN,2026-09-10T17:49:32Z,7.45,7.45,06021149000133,PAPEL CENTRAL LTDA - ME,,CENTRO,MACEIO
TINTA,7891153035154,TINTA ACRILICA FOSCA,,0,32091010,83000000,UN,2026-09-15T20:09:59Z,7.45,7.45,06021149000133,PAPEL CENTRAL LTDA - ME,,CENTRO,MACEIO
TINTA,7891153035062,TINTA ACRILICA FOSCA,,0,32091010,83000000,UN,2026-09-14T14:21:36Z,7.45,7.45,06021149000133,PAPEL CENTRAL LTDA - ME,,CENTRO,MACEIO
TINTA,7891153033129,TINTA ACRILICA BRILH,,0,32091010,83000000,UN,2026-09-14T14:36:24Z,7.5,7.5,06021149000133,PAPEL CENTRAL LTDA - ME,,CENTRO,MACEIO
TINTA,7891153033082,TINTA ACRILICA BRILH,,0,32091010,83000000,UN,2026-09-09T16:14:15Z,7.5,7.5,06021149000133,PAPEL CENTRAL LTDA - ME,,CENTRO,MACEIO
TINTA,005437,TINTA BISNAGA GLOBO 50ML VDE - SHERWIN WILLIAMS,CORANTE LIQUIDO DZ GLOBOCOR VERDE - GLOBOCOR,7891323075430,32041700,83000000,UN,2026-09-16T13:16:05Z,9.5,7.7,70012570000187,CARMEM LUCIA LINS DE SOUZA - ME,COMERCIAL LINS,PONTA GROSSA,MACEIO
TINTA,000294,TINTA EM PO HIDRACOR VERDE AMAZONAS,TINTA PO VD AMAZONAS 2KG HIDRACOR 1X2KG HIDRACOR,7897144000118,25223000,83000000,UN,2026-09-16T13:25:27Z,8.0,7.782,12832317000173,ANTONIO SOARES MACHADO -  ME,ELETRO SOARES,LEVADA,MACEIO
TINTA,7368,"TINTA STARLUX 112,5ML PRETO",,0,32081010,83000000,UN,2026-09-11T16:35:04Z,7.9,7.9,05251366000157,RONILDO DE OLIVEIRA LIMA  LTDA,COMERCIAL ESPERANCA,CENTRO,MACEIO
TINTA,328478,"HIDROTINTAS ESM SECAMAX 0,1125L PRETO UND","ESMALTE SINT. SEC. RAP. SECAMIX 112,5 PRETO HIDROTINTAS",7899010407571,32081010,83000000,UN,2026-09-15T15:22:24Z,7.99,7.99,03555402000140,PARAGOMINAS HOME CENTER LTDA,PARAGOMINAS HOME CENTER,SANTOS DUMONT,MACEIO
TINTA,7898518198509,TINTA P ARTE PVA CIN,,0,32091010,83000000,UN,2026-09-14T14:46:12Z,8.1,8.1,06021149000133,PAPEL CENTRAL LTDA - ME,,CENTRO,MACEIO
TINTA,7898415881528,TINTA ACRILICA 20ML,,0,32091010,83000000,UN,2026-09-15T15:51:48Z,8.25,8.25,06021149000133,PAPEL CENTRAL LTDA - ME,,CENTRO,MACEIO
TINTA,7891153121093,TINTA SHAKE PAINT CO,,0,32089010,83000000,UN,2026-09-11T18:13:41Z,8.3,8.3,06021149000133,PAPEL CENTRAL LTDA - ME,,CENTRO,MACEIO
TINTA,7891153121116,TINTA SHAKE PAINT CO,,0,32089010,83000000,UN,2026-09-14T14:37:13Z,8.3,8.3,06021149000133,PAPEL CENTRAL LTDA - ME,,CENTRO,MACEIO
TINTA,7891153121147,TINTA SHAKE PAINT CO,,0,32089010,83000000,UN,2026-09-10T15:20:21Z,8.3,8.3,06021149000133,PAPEL CENTRAL LTDA - ME,,CENTRO,MACEIO
TINTA,7891153121369,TINTA SHAKE PAINT CO,,0,32089010,83000000,UN,2026-09-09T16:31:52Z,8.3,8.3,06021149000133,PAPEL CENTRAL LTDA - ME,,CENTRO,MACEIO
TINTA,7891153120935,TINTA SHAKE PAINT CO,,0,32089010,83000000,UN,2026-09-08T17:45:57Z,8.3,8.3,06021149000133,PAPEL CENTRAL LTDA - ME,,CENTRO,MACEIO
TINTA,7891153120218,TINTA SHAKE PAINT CO,,0,32089010,83000000,UN,2026-09-08T15:11:15Z,8.3,8.3,06021149000133,PAPEL CENTRAL LTDA - ME,,CENTRO,MACEIO
TINTA,7891153121345,TINTA SHAKE PAINT CO,,0,32089010,83000000,UN,2026-09-08T12:21:42Z,8.3,8.3,06021149000133,PAPEL CENTRAL LTDA - ME,,CENTRO,MACEIO
TINTA,002341,"TINTA EXTRALUX 0,1125L VERDE FOLHA",,7908147602756,32081010,83000000,UN,2026-09-11T18:27:38Z,9.99,8.99,70012570000187,CARMEM LUCIA LINS DE SOUZA - ME,COMERCIAL LINS,PONTA GROSSA,MACEIO
TINTA,7896380191666,RASPADOR P/PINTURA 275/6 6CM ATLAS,RASPADOR P/TINTAS 275/6 (6)CM UN ATLAS,7896380191666,83014000,83000000,UN,2026-09-14T12:12:12Z,8.99,8.99,56182905000184,VIA COMERCIAL MATERIAIS DE CONSTRUÇÃO LTDA,VIA COMERCIAL,Barro Duro,MACEIO
TINTA,0000018595628,TINTA PO AMARELO SC 02KGS HIDRACOR,,0,25223000,83000000,UN,2026-09-08T13:11:26Z,9.0,8.995,63741460000190,MLM LTDA,ML CONSTRUCOES,Clima Bom,MACEIO
TINTA,16974,SPRAY PRATA ORBI-QUIMICA,TINTA SPRAY USO GERAL PRATA 340ML/220G ORBISPRAY,7898314113089,32082019,83000000,UN,2026-09-10T19:24:24Z,10.03,9.59,10765251000978,MOTOSHOW DISTRIBUIDORA DE PECAS PARA MOTOS E MOTOCICLETAS LTDA,MOTOSHOW PECAS,CENTRO,MACEIO
TINTA,2347,TINTA ESM EXT BR NEVE 100G LUX,,0,32081010,83000000,UN,2026-09-15T20:48:24Z,10.0,9.66,42524555000182,MARTA DE LIMA CARDOZO,TM CONSTRUCOES,OURO PRETO,MACEIO
TINTA,10103,TINTA REFIL BULK INK CANON G CORANTE BLACK 135ML MASTERPRINT,,0,32082019,83000000,UND,2026-09-15T14:10:05Z,9.9,9.9,53088777000116,AMARELINHA PAPELARIA BRINQUEDOS E PRESENTES LTDA,AMARELINHA PAPELARIA BRINQUEDOS E PRESENTES,Ponta Verde,MACEIO
TINTA,4732,"TINTA ESM PRETO112,5ML SECAMAX HIDROTINTAS OK","ESMALTE SINT. SEC. RAP. SECAMIX 112,5 PRETO HIDROTINTAS",7899010407571,32081010,83000000,UN,2026-09-14T19:29:38Z,9.99,9.99,43906461000130,AUROCON CONSTRUCAO LTDA,MIX  DA CONSTRUCAO,BARRO DURO,MACEIO
TINTA,411,TINTA ESM 125ML VERM,,0,32081010,83000000,UN,2026-09-14T18:43:17Z,10.0,10.0,04105305000119,M. A. C. DE LIMA ARTIGOS INDUSTRIAIS,CERAMA,TABULEIRO NOVO,MACEIO
TINTA,8556,"Esmalte 112,5ml vinho Hidrotintas /",TINTA ESM SECAMAX 1/32 VINHO HIDRO,7899010407137,32081010,83000000,UN,2026-09-09T14:49:57Z,10.0,10.0,31581137000100,LARISSA MAYARA SAPUCAIA DOS SANTOS,MAYARA CONSTRUCOES,CENTRO,MACEIO
TINTA,5058,ESM EXTRALUX 1/32 PRETO - TINTAS LUX,,0,32081010,83000000,UN,2026-09-10T19:00:54Z,10.0,10.0,10264955000100,JESIVAN FERREIRA DE LIMA - ME,AQUI TEM MAIS,VERGEL DO LAGO,MACEIO
TINTA,5326,ESM EXTRALUX 1/32 BR NEVE - TINTAS LUX,,0,32081010,83000000,UN,2026-09-10T19:00:54Z,10.0,10.0,10264955000100,JESIVAN FERREIRA DE LIMA - ME,AQUI TEM MAIS,VERGEL DO LAGO,MACEIO
TINTA,6431,"TINTA ESM BR 0,112L DELANIL VM IQUINE",,0,32081010,83000000,LT,2026-09-14T11:16:03Z,10.0,10.0,10264955000100,JESIVAN FERREIRA DE LIMA - ME,AQUI TEM MAIS,VERGEL DO LAGO,MACEIO
TINTA,5556,ESM EXTRALUX 1/32 VM FERRARI - TINTAS LUX,,7890000055567,32081010,83000000,UN,2026-09-16T16:17:53Z,10.0,10.0,35741347000170,D & R MATERIAIS DE CONSTRUCAO LTDA - ME,R & R CONSTRUCOES,RIO NOVO,MACEIO
TINTA,005538,TINTAS LUX ESM.EXTRA.1/32 TABACO,,7908147602749,32081010,83000000,KG,2026-09-08T12:21:52Z,10.0,10.0,14637635000109,L C DE CARVALHO NETTO,SKYNAO DA CONSTRUCAO,BENEDITO BENTES,MACEIO
TINTA,914,TINTA ESM EXT PR 100G LUX,,0,32081010,83000000,UN,2026-09-09T16:07:23Z,10.0,10.0,42524555000182,MARTA DE LIMA CARDOZO,TM CONSTRUCOES,OURO PRETO,MACEIO
TINTA,2041,TINTA ESM. 125ML PRETO - LUX,,0,32081010,83000000,UN,2026-09-08T20:51:33Z,10.0,10.0,42524555000182,MARTA DE LIMA CARDOZO,TM CONSTRUCOES,OURO PRETO,MACEIO
TINTA,2738,ESM SINT SR SECAMAX 112 5 BR HIDROTINTAS,,0,32081010,83000000,UN,2026-09-16T13:23:33Z,10.0,10.0,13967170000191,SAMEPE MATERIAL DE CONSTRUCAO,,JACINTINHO,MACEIO
TINTA,2768,ESM SINT SR SECAMAX 112 5 PT HIDROTINTAS,,0,32081010,83000000,UN,2026-09-09T10:31:26Z,10.0,10.0,13967170000191,SAMEPE MATERIAL DE CONSTRUCAO,,JACINTINHO,MACEIO
TINTA,155,ESM EXTRALUX 1/32 AMARELO - TINTAS LUX,,0,32081010,83000000,UN,2026-09-15T14:10:21Z,10.0,10.0,54726373000173,L BRAZ DA SILVA LTDA,,Cidade Universitária,MACEIO
TINTA,471,TINTA ESM. STAR 1\32 BRANCO 0639 - STARLUX,,0,32081010,83000000,UN,2026-09-11T13:29:07Z,10.5,10.5,09309774000173,ELIANA GONCALVES BARROS - ME,BARROS CONSTRUCOES,T DOS MARTINS,MACEIO
TINTA,2403,"TINTA ESM ST EXTRALUX 0,1125L BR NEVE",,0,32081010,83000000,UN,2026-09-15T18:47:32Z,10.5,10.5,02138293000101,J. A. DA SILVA MAT. DE CONSTRUCAO - ME,JH COMERCIAL,PRADO,MACEIO
TINTA,6583,"TINTA ESM ST EXTRALUX 0,1125L PLATINA",,7898355012631,32081010,83000000,UN,2026-09-15T18:47:32Z,10.5,10.5,02138293000101,J. A. DA SILVA MAT. DE CONSTRUCAO - ME,JH COMERCIAL,PRADO,MACEIO
TINTA,7891153050058,TINTA P TECIDO GLITT,,0,32091010,83000000,UN,2026-09-11T15:27:40Z,10.55,10.55,06021149000133,PAPEL CENTRAL LTDA - ME,,CENTRO,MACEIO
TINTA,16014,SPRAY PRETO FOSCO ORBI-QUIMICA,TINTA SPRAY PR FO USO GERAL 340ML/190G WHITE COLOR,7898314112693,32082011,83000000,UN,2026-09-15T12:51:55Z,11.19,10.666666666666666,10765251000978,MOTOSHOW DISTRIBUIDORA DE PECAS PARA MOTOS E MOTOCICLETAS LTDA,MOTOSHOW PECAS,CENTRO,MACEIO
TINTA,000106656,"TINTA ESMALTE EXTRALUX 0,112L CINZA MEDIO",,7908147602657,32081010,83000000,UN,2026-09-09T13:43:58Z,11.5,10.925,36075101000179,C J C DE MELO JUNIOR  LTDA,FERNANDES LIMA CONSTRUCOES,PITANGUINHA,MACEIO
TINTA,002298,ESM SINT SR SECAMAX 112 5ML AZ D R HIDRO,"ESMALTE SINT.HIDROTINTAS AZUL DEL REY 112,5ML",7899010406697,32081010,83000000,UN,2026-09-15T19:21:09Z,11.0,11.0,33396288000114,RIVALDO ELIAS DA SILVA,CRIS CONSTRUCOES,JACINTINHO,MACEIO
TINTA,0000000000102,"TINTA ESM PRETO 0,112L DIALINE IQUINE",,7892948007905,32081010,83000000,UN,2026-09-15T12:30:06Z,11.5,11.0,24483653000137,JOSE VALDIR BARROS DE OLIVEIRA - ME         EPP,NOME DE FANTASIA - NULA,PETROPOLIS,MACEIO
TINTA,7896011705323,TINTA A OLEO GR.1 20,,0,32091010,83000000,UN,2026-09-08T19:20:56Z,11.4,11.4,06021149000133,PAPEL CENTRAL LTDA - ME,,CENTRO,MACEIO
TINTA,7898415886622,TINTA A OLEO GR.1 20,,0,32091010,83000000,UN,2026-09-08T19:20:56Z,11.4,11.4,06021149000133,PAPEL CENTRAL LTDA - ME,,CENTRO,MACEIO
TINTA,7898415886561,TINTA A OLEO GR.1 20,,0,32091010,83000000,UN,2026-09-08T19:20:56Z,11.4,11.4,06021149000133,PAPEL CENTRAL LTDA - ME,,CENTRO,MACEIO
TINTA,7896011705392,TINTA A OLEO GR.1 20,,0,32091010,83000000,UN,2026-09-10T15:43:12Z,11.4,11.4,06021149000133,PAPEL CENTRAL LTDA - ME,,CENTRO,MACEIO
TINTA,7896011705200,TINTA A OLEO GR.1 20,,0,32091010,83000000,UN,2026-09-08T19:20:56Z,11.4,11.4,06021149000133,PAPEL CENTRAL LTDA - ME,,CENTRO,MACEIO
TINTA,7896011705286,TINTA A OLEO GR.1 20,,0,32091010,83000000,UN,2026-09-10T17:34:42Z,11.4,11.4,06021149000133,PAPEL CENTRAL LTDA - ME,,CENTRO,MACEIO
TINTA,7896011705347,TINTA A OLEO GR.1 20,,0,32091010,83000000,UN,2026-09-11T17:25:08Z,11.4,11.4,06021149000133,PAPEL CENTRAL LTDA - ME,,CENTRO,MACEIO
TINTA,447,ESM EXTRALUX 1/32 PRETO - TINTAS LUX,,0,32081010,83000000,UN,2026-09-14T10:36:31Z,11.5,11.5,27449717000171,F P B DOS SANTOS COMERCIO E SERVIÇOS LTDA,FP PECAS E SERVICOS,SERRARIA,MACEIO
TINTA,7891153023670,TINTA FOSCA P ARTES,,0,32091010,83000000,UN,2026-09-12T13:11:50Z,12.85,11.5475,06021149000133,PAPEL CENTRAL LTDA - ME,,CENTRO,MACEIO
TINTA,7891153024318,TINTA FOSCA P ARTESA,,0,32081010,83000000,UN,2026-09-11T15:37:44Z,12.85,11.646666666666667,06021149000133,PAPEL CENTRAL LTDA - ME,,CENTRO,MACEIO
TINTA,52355,ORBI TINTA SPRAY U.G BRANCO,,0,32082011,83000000,UN,2026-09-15T18:43:57Z,11.99,11.98,02940510000174,MARIA ARLENE COLATINO VEIGA  - ME,MERCADINHO FREI DAMIAO,TABULEIRO DO MARTINS,MACEIO
TINTA,330,ESM EXTRALUX 1\32 PRETO - TINTAS LUX,,0,32081010,83000000,UN,2026-09-08T13:41:04Z,12.0,12.0,09309774000173,ELIANA GONCALVES BARROS - ME,BARROS CONSTRUCOES,T DOS MARTINS,MACEIO
TINTA,003409,MASSA CORRIDA BALDE 25KG TINTAS LUX,,0,32141020,83000000,UN,2026-09-16T12:33:34Z,66.0,12.0,35722180000108,G SILVA MATERIAL DE CONSTRUCOES LTDA,G SILVA MATERIAL DE CONSTRUÇÃO E FERRAGEM,JATIUCA,MACEIO
TINTA,452,ESM EXTRALUX 1/32 PRETO - TINTAS LUX,,0,32081010,83000000,UN,2026-09-10T20:53:48Z,12.0,12.0,35334579000103,J BERNARDO DA SILVA CONSTRUCOES,RIO NEGRO CONSTRUCOES,PETROPOLIS,MACEIO
TINTA,5886,ESM 1/32 PRETO TINTAS LUX,,0,32081010,83000000,UN,2026-09-16T11:46:16Z,12.0,12.0,22819860000194,MARIA PEREIRA DE LIMA,THAMIRES CONSTRUCAO,FEITOSA,MACEIO
TINTA,7891153023939,TINTA FOSCA P ARTESA,,0,32081010,83000000,UN,2026-09-11T15:50:08Z,12.85,12.0025,06021149000133,PAPEL CENTRAL LTDA - ME,,CENTRO,MACEIO
TINTA,CFOP5102,SPRAY 350ML BEGE TEKBOND,TINTA SUPER COLOR BEGE USO GERAL SPRAY TEK BOND,7898543381099,32082019,83000000,UN,2026-09-14T17:52:48Z,18.0,12.46,39679671000166,FABIO REGUEIRA COSTA BARBOSA LTDA,RAMOS CONSTRUCOES,CENTRO,MACEIO
TINTA,7891153024356,TINTA FOSCA P ARTESA,,0,32081010,83000000,UN,2026-09-08T17:55:21Z,12.8,12.8,06021149000133,PAPEL CENTRAL LTDA - ME,,CENTRO,MACEIO
TINTA,7891153023953,TINTA FOSCA P ARTESA,,0,32081010,83000000,UN,2026-09-15T15:20:41Z,12.85,12.85,06021149000133,PAPEL CENTRAL LTDA - ME,,CENTRO,MACEIO
TINTA,7891153023533,TINTA FOSCA P ARTESA,,0,32081010,83000000,UN,2026-09-14T18:07:41Z,12.85,12.85,06021149000133,PAPEL CENTRAL LTDA - ME,,CENTRO,MACEIO
TINTA,7891153024516,TINTA FOSCA P ARTESA,,0,32081010,83000000,UN,2026-09-08T17:00:06Z,12.85,12.85,06021149000133,PAPEL CENTRAL LTDA - ME,,CENTRO,MACEIO
TINTA,7891153074405,TINTA FOSCA P ARTESA,,0,32089010,83000000,UN,2026-09-14T18:39:12Z,12.85,12.85,06021149000133,PAPEL CENTRAL LTDA - ME,,CENTRO,MACEIO
TINTA,7891153023472,TINTA ARTESANATO 100ML ACRILEX,,0,32091010,83000000,UN,2026-09-11T17:37:35Z,12.85,12.85,02488201000296,M A P TENORIO COMERCIO LTDA,FOLIA,CENTRO,MACEIO
TINTA,7891153023618,TINTA P ARTESANATO,,0,32091010,83000000,UN,2026-09-12T13:08:54Z,12.85,12.85,06021149000133,PAPEL CENTRAL LTDA - ME,,CENTRO,MACEIO
TINTA,2723,TINTA AEROSSOL VERMELHO USO GERAL 350 ML/250G,,0,32082019,83000000,UN,2026-09-09T12:45:36Z,13.0,13.0,29217117000103,COMERCIAL MIRELI,COMERCIAL MIRELI,CIDADE UNIVERSITARIA,MACEIO
TINTA,467,TINTA SPRAY USO G 350ML PT TEK BOND,,0,32082019,83000000,UN,2026-09-08T10:50:14Z,13.0,13.0,10264955000100,JESIVAN FERREIRA DE LIMA - ME,AQUI TEM MAIS,VERGEL DO LAGO,MACEIO
TINTA,7898518193924,TINTA PVA CINTILANTE,,0,32091010,83000000,UN,2026-09-14T14:46:12Z,14.1,13.11,06021149000133,PAPEL CENTRAL LTDA - ME,,CENTRO,MACEIO
TINTA,227910,TINTA SPRAY BCO FOSCO USO GERAL 250ML CHEMICOLOR,,17899674039832,32082011,83000000,UN,2026-09-12T13:18:38Z,13.15,13.15,23236612000183,EJRS DE CASTRO MOTOPECAS LTDA,5 ESTRELAS MOTO PEÇAS,TABULEIRO DO MARTINS,MACEIO
TINTA,CFOP5405,MAZA ESMALTE SINTETICO AZUL FRANCA 225ML,TINTA ESM SINT 225ML AZ FRANCA 1X225ML MAZA,7898289935761,32081010,83000000,UN,2026-09-14T17:15:20Z,20.0,13.48,39679671000166,FABIO REGUEIRA COSTA BARBOSA LTDA,RAMOS CONSTRUCOES,CENTRO,MACEIO
TINTA,497,TINTA SPRAY USO G 350ML PT FOSCO TEK BON,,0,32082019,83000000,UN,2026-09-10T19:00:54Z,13.5,13.5,10264955000100,JESIVAN FERREIRA DE LIMA - ME,AQUI TEM MAIS,VERGEL DO LAGO,MACEIO
TINTA,12773,TINTA E.SINT. 225G DIALINE ALUMINIO,"DIALINE-ESM SINT ALUMINIO 225 ML -> COD.ONU: 1263 CL.RISCO: 3,0 GR.EMB: III TINTA CONTENDO SOLVENTE ORGANICO.",7892948012596,32081010,83000000,UN,2026-09-12T13:52:30Z,13.5,13.5,01136904000101,FERNANDO DE OLIVEIRA CARDOSO - EPP,,TAB DOS MARTINS,MACEIO
TINTA,7891153096087,TINTA 3D GLITTER 35M,,0,32091010,83000000,UN,2026-09-08T19:00:26Z,13.6,13.6,06021149000133,PAPEL CENTRAL LTDA - ME,,CENTRO,MACEIO
TINTA,7891153122519,TINTA 3D GLITTER 35M,,0,32091010,83000000,UN,2026-09-11T16:24:17Z,13.6,13.6,06021149000133,PAPEL CENTRAL LTDA - ME,,CENTRO,MACEIO
TINTA,7891153122564,TINTA 3D GLITTER 35M,,0,32091010,83000000,UN,2026-09-09T16:14:15Z,13.6,13.6,06021149000133,PAPEL CENTRAL LTDA - ME,,CENTRO,MACEIO
TINTA,0000000001241,TINTA EM PO VD PRIMEVERA,,7890000012416,25223000,83000000,UN,2026-09-14T18:56:37Z,13.8,13.676,24483653000137,JOSE VALDIR BARROS DE OLIVEIRA - ME         EPP,NOME DE FANTASIA - NULA,PETROPOLIS,MACEIO
TINTA,57850,TINTA SPRAY 350ML DOURADO NORDESTIN SPRA,,0,32082019,83000000,UN,2026-09-10T19:30:44Z,14.5,13.78,11050845000370,MIXPEL COMERCIO DE PAPELARIA E INFORMATICA LTDA,,ANTARES,MACEIO
TINTA,40222,"IQUINE ESM DIALINE AB 0,1125L AMARELO UN","DIALINE-ESM SEC RAP AMARELO 112,5ML -COD.ONU:1263 CL.RISCO3,0 GR.EMBIII TINTA CONTENDO SOLVENTE ORGANICO.",7892948012381,32081010,83000000,UN,2026-09-08T21:57:28Z,14.505,13.78,03555402000140,PARAGOMINAS HOME CENTER LTDA,PARAGOMINAS HOME CENTER,SANTOS DUMONT,MACEIO
TINTA,14412,SPRAY ALUMINIO ORBI-QUIMICA,TINTA PRETO FOSCO 340ML 220G TINTA ALUMINIO COD 6695,7898314112730,32082011,83000000,UN,2026-09-10T16:36:23Z,15.0,13.8,10765251000978,MOTOSHOW DISTRIBUIDORA DE PECAS PARA MOTOS E MOTOCICLETAS LTDA,MOTOSHOW PECAS,CENTRO,MACEIO
TINTA,11038,TINTA ESMAL BRILHO BRANCO 225ml,,7908027015669,32091010,83000000,PC,2026-09-11T08:51:42Z,15.0,13.89,11653178000158,DIMAS TORQUATO DOS SANTOS - ME,CASA DA CONSTRUCAO,CLIMA BOM,MACEIO
TINTA,7891153068022,TINTA VIDRO 150 37ML,,0,32089010,83000000,UN,2026-09-12T12:33:59Z,13.95,13.95,06021149000133,PAPEL CENTRAL LTDA - ME,,CENTRO,MACEIO
TINTA,7891153067926,TINTA VIDRO 150 37ML,,0,32089010,83000000,UN,2026-09-11T17:00:51Z,13.95,13.95,06021149000133,PAPEL CENTRAL LTDA - ME,,CENTRO,MACEIO
TINTA,000236,"TINTA ESM 112,5ml BRANCO NEVE IQUINE","DIALINE-ESM SEC RAP BCO NEVE 112,5ML -> COD.ONU: 1263 CL.RISCO: 3,0 GR.EMB: III TINTA CONTENDO SOLVENTE ORGANICO.",7892948012398,32081010,83000000,UN,2026-09-12T13:09:36Z,14.0,14.0,12832317000173,ANTONIO SOARES MACHADO -  ME,ELETRO SOARES,LEVADA,MACEIO
TINTA,9104,Tinta Spray White Color Vermelho 340ml Orbi,TINTA SPRAY VERMELHO USO GERAL 340ML/190G WHATE COLOR,7898314112723,32082011,83000000,UN,2026-09-08T11:25:08Z,14.16,14.16,23236612000183,EJRS DE CASTRO MOTOPECAS LTDA,5 ESTRELAS MOTO PEÇAS,TABULEIRO DO MARTINS,MACEIO
TINTA,337,TINTA SPRAY U G PT BRILHO 400ML CHEMIC,,0,32082011,83000000,UN,2026-09-14T17:36:30Z,14.4,14.4,26750106000104,RONALDO DE OLIVEIRA LIMA,RONALDO CONSTRUCOES,CENTRO,MACEIO
TINTA,57856,TINTA SPRAY 350ML BR BRILHANTE NORDESTIN,,0,32082019,83000000,UN,2026-09-10T12:52:44Z,14.5,14.5,11050845000370,MIXPEL COMERCIO DE PAPELARIA E INFORMATICA LTDA,,ANTARES,MACEIO
TINTA,57861,TINTA SPRAY 350ML PR FOSCO NORDESTIN SPR,,0,32082019,83000000,UN,2026-09-10T15:40:01Z,14.5,14.5,11050845000370,MIXPEL COMERCIO DE PAPELARIA E INFORMATICA LTDA,,ANTARES,MACEIO
TINTA,57865,TINTA SPRAY 350ML BR FOSCO NORDESTIN SPR,,0,32082019,83000000,UN,2026-09-10T15:40:01Z,14.5,14.5,11050845000370,MIXPEL COMERCIO DE PAPELARIA E INFORMATICA LTDA,,ANTARES,MACEIO
TINTA,40220,"IQUINE ESM DIALINE AB 0,1125L PRETO UN","DIALINE-ESM SEC RAP PRETO 112,5 ML - COD.ONU 1263 CL.RISCO 3,0 GR.EMB III TINTA CONTENDO SOLVENTE ORGANICO.",7892948012374,32081010,83000000,UN,2026-09-13T11:59:09Z,14.5,14.5,03555402000140,PARAGOMINAS HOME CENTER LTDA,PARAGOMINAS HOME CENTER,SANTOS DUMONT,MACEIO
TINTA,7892948024919,"TINTA ESMALTE BRANCO 112,5ML DELANIL IQUINE","TINTA ESMALTE SINTETICO IQUINE BRILHANTE DELANIL 112,5ML BRANCO NEVE",7892948024919,32081010,83000000,Lata,2026-09-15T14:25:53Z,14.5,14.5,28341278000141,FABIO  S  DO NASCIMENTO EIRELI - ME,IMPERJUNIOR,JACINTINHO,MACEIO
TINTA,009628,MASSA CORRIDA BALDE 20KG TINTAS LUX,,0,32141020,83000000,U N,2026-09-12T11:40:46Z,55.0,14.5,35722180000108,G SILVA MATERIAL DE CONSTRUCOES LTDA,G SILVA MATERIAL DE CONSTRUÇÃO E FERRAGEM,JATIUCA,MACEIO
TINTA,57848,TINTA SPRAY 350ML PR BRILHANTE NORDESTIN,,0,32082019,83000000,UN,2026-09-09T15:01:14Z,14.5,14.5,11050845000108,MIXPEL COMERCIO DE PAPELARIA E INFORMATICA LTDA,MIXPEL INFORMATICA,CENTRO,MACEIO
TINTA,57847,TINTA SPRAY 350ML CZ CLARO NORDESTIN SPR,,0,32082019,83000000,UN,2026-09-09T15:01:14Z,14.5,14.5,11050845000108,MIXPEL COMERCIO DE PAPELARIA E INFORMATICA LTDA,MIXPEL INFORMATICA,CENTRO,MACEIO
TINTA,40219,"IQUINE ESM DIALINE AB 0,1125L BR NEVE UN","DIALINE-ESM SEC RAP BCO NEVE 112,5ML -> COD.ONU: 1263 CL.RISCO: 3,0 GR.EMB: III TINTA CONTENDO SOLVENTE ORGANICO.",7892948012398,32081010,83000000,UN,2026-09-10T12:13:23Z,14.5,14.5,03555402000655,PARAGOMINAS HOME CENTER LTDA,PARAGOMINAS ANTARES,ANTARES,MACEIO
TINTA,324916,"IQUINE ESM DIALINE AB 0,1125L M TABACO UND","TINTA ACRIL. ESM RAP MARROM TABACO 112,5ML DIALINE IQUINE",7892948012527,32081010,83000000,UN,2026-09-11T12:41:49Z,14.5,14.5,03555402000655,PARAGOMINAS HOME CENTER LTDA,PARAGOMINAS ANTARES,ANTARES,MACEIO
TINTA,40220,"IQUINE ESM DIALINE AB 0,1125L PRETO UND","DIALINE-ESM SEC RAP PRETO 112,5 ML - COD.ONU 1263 CL.RISCO 3,0 GR.EMB III TINTA CONTENDO SOLVENTE ORGANICO.",7892948012374,32081010,83000000,UN,2026-09-14T14:21:55Z,14.5,14.5,03555402000655,PARAGOMINAS HOME CENTER LTDA,PARAGOMINAS ANTARES,ANTARES,MACEIO
TINTA,4706,TINTA PAINTCOLOR 400ML U.G.PRETO FOSCO NOVA,,7899674036407,32082011,83000000,UN,2026-09-08T15:53:57Z,15.0,14.52,63206216000128,COMERCIO DE PARAFUSOS LTDA,CASA DOS PARAFUSOS,Santa Lúcia,MACEIO
TINTA,11270,TINTA SPRAY U GER 400ML CZMD MUNDIAL,SPRAY CINZA MEDIO MUNDIAL 400ML,7898907527361,32082019,83000000,SP,2026-09-14T12:24:30Z,17.9,14.56,11653178000158,DIMAS TORQUATO DOS SANTOS - ME,CASA DA CONSTRUCAO,CLIMA BOM,MACEIO
TINTA,20164,TINTA SPRAY VERDE 340ML/190G,,0,32082011,83000000,UN,2026-09-10T17:47:06Z,14.7,14.7,29576815000103,SALGUEIRO & MOURA LTDA,PARAMOTO,TABULEIRO DO MARTINS,MACEIO
TINTA,145,THINER 500ML STARLUX,THINNER DILUENTE 500ML STARLUX,7898482120131,38140090,83000000,UN,2026-09-11T12:07:50Z,15.0,14.846666666666666,04652212000104,SEVERINO BATISTA DE ARRUDA - ME,MADEIREIRA SAO SEVERINO,TAB. DOS MARTINS,MACEIO
TINTA,014787,TINTA SPRAY USO GERAL PRETO FOSCO 350 ML- NORDESTIN*,,74468050815,32091010,83000000,UND,2026-09-16T14:22:05Z,18.0,14.9,12024911000138,I. SILVA SANTOS CONSTRUCOES,VAL CONSTRUCOES,CIDADE UNIVERSITARIA,MACEIO
TINTA,0004484,TINTA SPRAY PT FO 350ML U.GERA - TEKBOND,,7890000044844,32082019,83000000,UN,2026-09-12T15:31:27Z,14.9,14.9,24330904000143,OLIVEIRA CONSTRUCOES LTDA - ME,OLIVEIRA CONSTRUCOES,CRUZ DAS ALMAS,MACEIO
TINTA,7891153062181,TINTA P TECIDO 120M,,0,32091010,83000000,UN,2026-09-12T13:11:50Z,16.6,14.91,06021149000133,PAPEL CENTRAL LTDA - ME,,CENTRO,MACEIO
TINTA,405490-1,TINTA AZUL CLARO 250ML CHEMICOLOR,,7899674039804,32082011,83000000,PC,2026-09-12T17:21:48Z,14.99,14.99,79379491018201,HAVAN S.A.,,JARDIM PETROPOLIS,MACEIO
TINTA,405488-1,TINTA VERDE ESCURO 250ML CHEMICOLOR,,7899674039910,32082019,83000000,PC,2026-09-08T14:27:51Z,14.99,14.99,79379491018201,HAVAN S.A.,,JARDIM PETROPOLIS,MACEIO
TINTA,405486-1,TINTA VERMELHO 250ML CHEMICOLOR,,7899674039927,32082019,83000000,PC,2026-09-11T17:38:27Z,14.99,14.99,79379491018201,HAVAN S.A.,,JARDIM PETROPOLIS,MACEIO
TINTA,405485-1,TINTA CINZA CLARO 250ML CHEMICOLOR,,7899674035721,32082011,83000000,PC,2026-09-15T00:04:23Z,14.99,14.99,79379491018201,HAVAN S.A.,,JARDIM PETROPOLIS,MACEIO
TINTA,76051,"TINTA ESM BR 0,112L DIALINE SEC AM IQUIN","DIALINE-ESM SEC RAP AMARELO 112,5ML -COD.ONU:1263 CL.RISCO3,0 GR.EMBIII TINTA CONTENDO SOLVENTE ORGANICO.",7892948012381,32081010,83000000,LT,2026-09-13T14:03:17Z,14.99,14.99,00279531000670,TUPAN CONSTRUCOES LTDA,,JARDIM PETROPOLIS,MACEIO
TINTA,76049,"TINTA ESM BR 0,112L DIALINE SEC PT IQUIN LT0001LT","DIALINE-ESM SEC RAP PRETO 112,5 ML - COD.ONU 1263 CL.RISCO 3,0 GR.EMB III TINTA CONTENDO SOLVENTE ORGANICO.",7892948012374,32081010,83000000,LT,2026-09-08T19:04:04Z,14.99,14.99,00279531000670,TUPAN CONSTRUCOES LTDA,,JARDIM PETROPOLIS,MACEIO
TINTA,76044,"TINTA ESM BR 0,112L DIALINE SEC VM IQUIN","DIALINE-ESM SEC RAP VERMELHO112,5 ML -> COD.ONU: 1263 CL.RISCO: 3,0 GR.EMB: III TINTA CONTENDO SOLVE",7892948012367,32081010,83000000,LT,2026-09-13T14:03:17Z,14.99,14.99,00279531000670,TUPAN CONSTRUCOES LTDA,,JARDIM PETROPOLIS,MACEIO
TINTA,74754,"TINTA ESM BR 0,112L DIALINE SEC BR/NV I LT0001LT","DIALINE-ESM SEC RAP BCO NEVE 112,5ML -> COD.ONU: 1263 CL.RISCO: 3,0 GR.EMB: III TINTA CONTENDO SOLVENTE ORGANICO.",7892948012398,32081010,83000000,LT,2026-09-15T16:20:51Z,14.99,14.99,00279531000670,TUPAN CONSTRUCOES LTDA,,JARDIM PETROPOLIS,MACEIO
TINTA,74750,"TINTA ESM BR 0,112L DIALINE SEC TB IQUIN","TINTA ACRIL. ESM RAP MARROM TABACO 112,5ML DIALINE IQUINE",7892948012527,32081010,83000000,LT,2026-09-13T14:03:17Z,14.99,14.99,00279531000670,TUPAN CONSTRUCOES LTDA,,JARDIM PETROPOLIS,MACEIO
TINTA,26049,TINTA SPRAY U.G AZ CLARO 400ML IQUINE,TINTA SPRAY U GER 400ML AZ/CL IQUINE SP0001SP,7899674031600,32082011,83000000,UN,2026-09-16T14:38:09Z,14.99,14.99,70015672000156,ENCONTRO DO SOL HOME CENTER LTDA,ENCONTRO DO SOL HOME CENTER,TABULEIRO DO MARTINS,MACEIO
TINTA,1047,TINTA ESMALTE 132 STAND UNIVERSO ALUMINIO,,17891696013647,32081010,83000000,UN,2026-09-08T21:01:17Z,15.0,15.0,56952576000103,S DE L S SOUZA,JL Construções,Chã da Jaqueira,MACEIO
TINTA,11039,TINTA ESMAL BRILHO PRETO 225ml,,7908027015775,32091010,83000000,PC,2026-09-09T05:51:59Z,15.0,15.0,11653178000158,DIMAS TORQUATO DOS SANTOS - ME,CASA DA CONSTRUCAO,CLIMA BOM,MACEIO
TINTA,0000000002902,TINTA SPRAY UG PRETO BRILHO 400ML PRATIK,,7896480666576,32082011,83000000,UN,2026-09-12T14:25:00Z,15.0,15.0,13234526000188,FLAVIO BASILIO DE ALMEIDA,COMERCIAL BASILIO,CLIMA BOM,MACEIO
TINTA,3128,SPRAY TINTAS LUX U GERAL CZ PRIMER 400ML,,0,32082011,83000000,UN,2026-09-09T15:30:58Z,16.0,15.0,15095388000129,CAIO ANDERSON DA SILVA MATERIAL DE CONSTRUÇÃO,,CENTRO,MACEIO
TINTA,7891153062228,TINTA P TECIDO 120M,,0,32091010,83000000,UN,2026-09-11T15:37:44Z,16.6,15.04,06021149000133,PAPEL CENTRAL LTDA - ME,,CENTRO,MACEIO
TINTA,18332,TINTA SPRAY PAINTCOLOR PRETO BRILHANTE 400ML,,7899674036391,32082011,83000000,UND,2026-09-15T19:36:57Z,17.99,15.29,40927550000175,CENTRAL DOS PARAFUSOS LTDA - ME,,JARAGUA,MACEIO
TINTA,18496,TINTA SPRAY PAINTCOLOR BRANCO FOSCO 400ML,,7899674036315,32082011,83000000,UND,2026-09-10T14:12:37Z,17.99,15.29,40927550000175,CENTRAL DOS PARAFUSOS LTDA - ME,,JARAGUA,MACEIO
TINTA,17305,TINTA CHEMIC U.G. LJA 400ML BASTON,TINTA SPRAY USO G LR 400ML CHEMICOLO 1X400ML CHEMICOLOR,7898436141557,32082011,83000000,UN,2026-09-11T12:11:06Z,19.0,15.333333333333334,02556423000118,BR PARAFUSOS IMPORTADORA COMERCIAL LTDA,BR PARAFUSOS,CLIMA BOM,MACEIO
TINTA,53933,TINTA AEROSSOL LARANJA   2443  TEK BOND,TINTA AEROSSOL LARANJA USO GERAL 350 ML/250G COD 23131006900,7898543381044,32082019,83000000,UN,2026-09-15T13:29:38Z,17.01,15.395,02556423000118,BR PARAFUSOS IMPORTADORA COMERCIAL LTDA,BR PARAFUSOS,CLIMA BOM,MACEIO
TINTA,48201,TINTA NORDESTIN U.G ALUM. P RODAS 350ML,,0,32082019,83000000,UN,2026-09-15T15:16:19Z,17.1,15.46,02556423000118,BR PARAFUSOS IMPORTADORA COMERCIAL LTDA,BR PARAFUSOS,CLIMA BOM,MACEIO
TINTA,001088,CAL REF. 5 KG - HIDROTINTAS,CAL SUPERCAL 5KG HIDROTINTAS PC C/5KG,7899010479813,25223000,83000000,UN,2026-09-08T17:10:49Z,17.0,15.53,28923975000100,KAROLINY B CARDOSO - ME,COMERCIAL KAROL,JACINTINHO,MACEIO
TINTA,7898436141670,TINTA SPRAY METALICA GRAFITE 400ML CHEMICOLOR,,0,32082011,83000000,UN,2026-09-08T21:40:51Z,43.9,15.55,03656804002428,CARAJAS MATERIAL DE CONSTRUCAO LTDA,CARAJAS CONSTRUCAO,MANGABEIRAS,MACEIO
TINTA,9101,Tinta Spray White Color Preto Brilhante 340ml Orbi,TINTA SPRAY PR BR USO GERAL 340/ML/190 WHITE COLOR,7898314112709,32082011,83000000,UN,2026-09-14T18:15:52Z,15.6,15.6,23236612000183,EJRS DE CASTRO MOTOPECAS LTDA,5 ESTRELAS MOTO PEÇAS,TABULEIRO DO MARTINS,MACEIO
TINTA,3267,TINTA SPRAY 400ML PRETO - CHEMICOLOR,,0,32082011,83000000,UN,2026-09-15T17:20:24Z,16.9,15.71,05251366000157,RONILDO DE OLIVEIRA LIMA  LTDA,COMERCIAL ESPERANCA,CENTRO,MACEIO
TINTA,5408,TINTA SPRAY NORDESTIN PTO BRILHANTE 350ML,,0,32082019,83000000,UN,2026-09-11T17:25:28Z,15.99,15.99,43906461000130,AUROCON CONSTRUCAO LTDA,MIX  DA CONSTRUCAO,BARRO DURO,MACEIO
TINTA,33,Tinta Spray 400ml uso geral verde claro Chemicolor,TINTA SPRAY USO G VD CLARO 400ML CHAMICO 1X400ML CHEMICOLOR,7898436141595,32082011,83000000,UN,2026-09-12T15:59:41Z,16.0,16.0,34532809000186,BOLINHA CONSTRUÇÕES LTDA,BOLINHA CONSTRUCOES,CENTRO,MACEIO
TINTA,10501,TINTA SPRAY 500ML BRANCO BRILHANTE USO G - CHEMICOLOR,,0,32082011,83000000,UN,2026-09-14T14:17:41Z,16.9,16.0,05251366000157,RONILDO DE OLIVEIRA LIMA  LTDA,COMERCIAL ESPERANCA,CENTRO,MACEIO
TINTA,9706,Tinta spray rosa uso geral 400ml Chemicolor /,TINTA SPRAY USO G RS 400ML CHEMICOLOR 1X400ML CHEMICOLOR,7898436141656,32082011,83000000,UN,2026-09-11T11:12:18Z,17.0,16.0,31581137000100,LARISSA MAYARA SAPUCAIA DOS SANTOS,MAYARA CONSTRUCOES,CENTRO,MACEIO
TINTA,213,TINTA SPRAY MONDIAL 400ML,,0,32082019,83000000,UN,2026-09-12T12:20:28Z,16.0,16.0,11437022000130,CASA PRONTA COMERCIO DE MATERIAIS DE CONSTRUCAO LTDA  - ME,CASA PRONTA CONSTRUCOES,SANTOS DUMONT,MACEIO
TINTA,007342,THINNER 500ML - STARLUX*,THINNER DILUENTE 500ML STARLUX,7898482120131,38140090,83000000,UN,2026-09-16T21:26:24Z,16.0,16.0,12024911000138,I. SILVA SANTOS CONSTRUCOES,VAL CONSTRUCOES,CIDADE UNIVERSITARIA,MACEIO
TINTA,1920,TINTA SPRAY U GER 400ML GF CHEMICOLOR,,0,32082011,83000000,SP,2026-09-08T19:43:00Z,16.0,16.0,41226107000130,AZEVEDO CONSTRUCOES LTDA,AZEVEDO CONSTRUCOES,TABULEIRO DO MARTINS,MACEIO
TINTA,3205,TINTA SPRAY USO G BR BRILHANTE 400ML,,0,32082011,83000000,UN,2026-09-16T10:48:12Z,16.0,16.0,41226107000130,AZEVEDO CONSTRUCOES LTDA,AZEVEDO CONSTRUCOES,TABULEIRO DO MARTINS,MACEIO
TINTA,8648,TINTA SPRAY U GER 400ML AL CHEMICOLOR,,0,32082011,83000000,SP,2026-09-10T19:45:38Z,16.0,16.0,41226107000130,AZEVEDO CONSTRUCOES LTDA,AZEVEDO CONSTRUCOES,TABULEIRO DO MARTINS,MACEIO
TINTA,14661,TINTA SPRAY U GER 400ML AL/ROD CHEMICOLO,,0,32082011,83000000,SP,2026-09-13T15:44:31Z,16.0,16.0,41226107000130,AZEVEDO CONSTRUCOES LTDA,AZEVEDO CONSTRUCOES,TABULEIRO DO MARTINS,MACEIO
TINTA,011557,TINTA SPRAY U GER 400ML BR CHEMICOLOR,T SPRAY USO G BR BRILHANTE 400ML CHEMIC 1X400ML CHEMICOLOR,7898436140581,32082011,83000000,UND,2026-09-10T18:11:37Z,18.0,16.0,14810475000158,MICHELLI PATRICIA DE ALBUQUERQUE - ME,MICHELLI CONSTRUCOES,CENTRO,MACEIO
TINTA,0000000004446,TINTA SPARY UG PRETO,,7898314112709,32082011,83000000,UN,2026-09-14T16:20:53Z,16.0,16.0,17142345000182,MARIA APARECIDA DA SILVA BRANCO CONSTRUCOES,,CENTRO,MACEIO
TINTA,0000000004447,TINTA SPARY UG PRETO,,7898314112693,32082011,83000000,UN,2026-09-11T19:10:52Z,16.0,16.0,17142345000182,MARIA APARECIDA DA SILVA BRANCO CONSTRUCOES,,CENTRO,MACEIO
TINTA,2682,SPRAY TINTAS LUX U GERAL BR BRILH 400ML,,0,32082019,83000000,UN,2026-09-10T18:37:13Z,16.0,16.0,15095388000129,CAIO ANDERSON DA SILVA MATERIAL DE CONSTRUÇÃO,,CENTRO,MACEIO
TINTA,5093,SPRAY TEKBOND U.G PRETO BRIL 350ML,"TINTA SPRAY USOGERAL PR BRILHO 350ML - TEKBOND,ONU 1950,AEROSOIS - PIRETROIDES,SUBCLASSE 2.1,(CLASSE",7898543380924,32082019,83000000,UN,2026-09-15T14:42:04Z,16.0,16.0,26172162000109,DONA BELA CONSTRUÇÕES LTDA,DONA BELA,TABULEIRO DO MARTINS,MACEIO
TINTA,5094,SPRAY TEKBOND U.G PRETO FSC 350ML,TINTA AEROSSOL PRETO FOSCO USO GERAL 350 ML/250G REF 23001006900,7898543380917,32082019,83000000,UN,2026-09-12T10:52:11Z,16.0,16.0,26172162000109,DONA BELA CONSTRUÇÕES LTDA,DONA BELA,TABULEIRO DO MARTINS,MACEIO
TINTA,10852,TINTA SPRAY 350ML BRANCO USO G. - TEK BOND,,0,32082019,83000000,UN,2026-09-13T12:46:08Z,16.9,16.1,05251366000157,RONILDO DE OLIVEIRA LIMA  LTDA,COMERCIAL ESPERANCA,CENTRO,MACEIO
TINTA,6077,TINTA SPRAY 400ML CINZA ESCURO - CHEMICOLOR,,0,32082011,83000000,UN,2026-09-13T12:46:08Z,16.9,16.1,05251366000157,RONILDO DE OLIVEIRA LIMA  LTDA,COMERCIAL ESPERANCA,CENTRO,MACEIO
TINTA,0074468050907,TINTA SPRAY USO GERA,,0,32082019,83000000,UN,2026-09-09T19:11:03Z,17.95,16.15,06021149000133,PAPEL CENTRAL LTDA - ME,,CENTRO,MACEIO
TINTA,18331,TINTA SPRAY PAINTCOLOR BRANCO BRILHANTE 400ML,,7899674036308,32082011,83000000,UND,2026-09-12T13:29:20Z,17.99,16.19,40927550000175,CENTRAL DOS PARAFUSOS LTDA - ME,,JARAGUA,MACEIO
TINTA,18333,TINTA SPRAY PAINTCOLOR PRETO FOSCO 400ML,,7899674036407,32082011,83000000,UND,2026-09-11T17:24:06Z,17.99,16.19,40927550000175,CENTRAL DOS PARAFUSOS LTDA - ME,,JARAGUA,MACEIO
TINTA,CFOP5405,MAZA ESMALTE SINTETICO VERDE FOLHA 225ML,TINTA ESM SINT 225ML VD FOLHA 1X225MLMAZA,7898289935075,32081010,83000000,UN,2026-09-15T18:58:09Z,20.0,16.19,39679671000166,FABIO REGUEIRA COSTA BARBOSA LTDA,RAMOS CONSTRUCOES,CENTRO,MACEIO
TINTA,1108,"TINTA ESM BR RAP LT0,225L DELANIL BR NEV",,0,32081010,83000000,UN,2026-09-10T16:52:12Z,16.35,16.35,14563410000155,WELLINGTON PESSOA FERREIRA EPP,FERREIRA CONSTRUCOES,FEITOSA,MACEIO
TINTA,7891153062204,TINTA P TECIDO 120M,,0,32091010,83000000,UN,2026-09-11T11:51:28Z,16.6,16.6,06021149000133,PAPEL CENTRAL LTDA - ME,,CENTRO,MACEIO
TINTA,013992,TINTA SPRAY USO GERAL PRETO BRILHANTE 350 ML- NORDESTIN*,,74468050808,32091010,83000000,UND,2026-09-14T16:27:59Z,18.0,16.7,12024911000138,I. SILVA SANTOS CONSTRUCOES,VAL CONSTRUCOES,CIDADE UNIVERSITARIA,MACEIO
TINTA,015030,TINTA SPRAY USO GERAL CINZA CLARO 350 ML- NORDESTIN*,,74468050945,32091010,83000000,UND,2026-09-15T16:34:29Z,18.0,16.75,12024911000138,I. SILVA SANTOS CONSTRUCOES,VAL CONSTRUCOES,CIDADE UNIVERSITARIA,MACEIO
TINTA,D220480,TINTA AEROSSOL PRETO BRILHANTE USO,"TINTA SPRAY USOGERAL PR BRILHO 350ML - TEKBOND,ONU 1950,AEROSOIS - PIRETROIDES,SUBCLASSE 2.1,(CLASSE",7898543380924,32082019,83000000,PC,2026-09-10T11:27:51Z,16.8,16.8,92660406006583,FRIGELAR COMERCIO E INDUSTRIA LTDA,,GRUTA DE LOURDES,MACEIO
TINTA,D220485,TINTA AEROSSOL ALUMINIO USO GERAL,"TINTA SPRAY USOGERAL ALUMINIO 350ML - TEKBOND,ONU 1950,AEROSOIS - PIRETROIDES,SUBCLASSE 2.1,(CLASSE",7898543380948,32082019,83000000,PC,2026-09-09T20:36:10Z,16.8,16.8,92660406006583,FRIGELAR COMERCIO E INDUSTRIA LTDA,,GRUTA DE LOURDES,MACEIO
TINTA,D220484,TINTA AEROSSOL BRACO FOSCO USO GER,TINTA AEROSSOL BRANCO FOSCO USO GERAL 350 ML/250G REF 23101006900,7898543381013,32082019,83000000,PC,2026-09-11T16:29:24Z,16.8,16.8,92660406006583,FRIGELAR COMERCIO E INDUSTRIA LTDA,,GRUTA DE LOURDES,MACEIO
TINTA,2131,TINTA SPRAY 350ML BRANCO BRILHANTE U.G - NORDESTIN,,74468050822,32082019,83000000,UN,2026-09-08T14:02:49Z,16.9,16.85,63206216000128,COMERCIO DE PARAFUSOS LTDA,CASA DOS PARAFUSOS,Santa Lúcia,MACEIO
TINTA,4326,TINTA SPRAY 400ML CINZA CLARO - CHEMICOLOR,,0,32082011,83000000,UN,2026-09-14T20:04:39Z,16.9,16.9,05251366000157,RONILDO DE OLIVEIRA LIMA  LTDA,COMERCIAL ESPERANCA,CENTRO,MACEIO
TINTA,1040,TINTA SPRAY 400ML PRETO FOSCO - CHEMICOLOR,,0,32082011,83000000,UN,2026-09-14T11:32:35Z,16.9,16.9,05251366000157,RONILDO DE OLIVEIRA LIMA  LTDA,COMERCIAL ESPERANCA,CENTRO,MACEIO
TINTA,CFOP5102,SPRAY 350ML ALTA TEMPERATURA ALUMINIO TEKBOND,TINTA AEROSSOL ALUMINIO ALTA TEMPERATURA 350ML/250G COD 23261006900,7898543381174,32082019,83000000,UN,2026-09-15T19:38:13Z,25.0,16.9,39679671000166,FABIO REGUEIRA COSTA BARBOSA LTDA,RAMOS CONSTRUCOES,CENTRO,MACEIO
TINTA,7896011705514,TINTA OLEO METALICA,,0,32091010,83000000,UN,2026-09-10T15:43:12Z,16.9,16.9,06021149000133,PAPEL CENTRAL LTDA - ME,,CENTRO,MACEIO
TINTA,4553,TINTA SPRAY 400ML VERDE CLARO - CHEMICOLOR,,0,32082011,83000000,UN,2026-09-08T19:14:23Z,16.9,16.9,05251366000157,RONILDO DE OLIVEIRA LIMA  LTDA,COMERCIAL ESPERANCA,CENTRO,MACEIO
TINTA,12279,TINTA SPRAY USOGERAL PR FOSCO 350ML - KALA,TINTA SPRAY USOGERAL PR FOSCO 350ML - KALA,7899009002121,32082019,83000000,UN,2026-09-10T14:23:16Z,19.9,16.913333333333334,69999340000174,COLMED LTDA -  EPP,COLMED,JATIUCA,MACEIO
TINTA,2126,THINNER 5000/6000 900ML FARBEN,THINNER 5000. ONU 1263 QUANT.LTDA MATERIAL RELACIONADO COM TINTA,7899381687244,38140090,83000000,UN,2026-09-12T14:26:52Z,17.0,16.94,22454634000157,COMERCIAL DE TINTAS DA JATIUCA LTDA,M&C TINTAS,JATIUCA,MACEIO
TINTA,794,TINTA SPRAY 350ML BRANCO BRILHANTE,,0,32082019,83000000,UN,2026-09-15T19:47:59Z,17.0,17.0,04105305000119,M. A. C. DE LIMA ARTIGOS INDUSTRIAIS,CERAMA,TABULEIRO NOVO,MACEIO
TINTA,247,"ARACOR TINTA INT ECON  3,0L BR NEVE 60",,7890000054270,32091010,83000000,GL,2026-09-15T19:17:33Z,17.0,17.0,01095586000188,MACRON MATERIAL DE CONSTRUCAO LTDA - ME,MACRON,POCO,MACEIO
TINTA,003489,TINTA SPRAY PRETO FOSCO 400 ML CHESIQUIMICA,"ZARCAO ZARCOFER METAIS FERROSOS CZ 3,6L 1X3,6L IQUINE",7892948001149,32081010,83000000,PÇ,2026-09-09T17:44:55Z,17.0,17.0,01450431000112,PROTFER COMERCIAL LTDA,PROTFER,POCO,MACEIO
TINTA,9598,Tinta Spray 400ml uso geral verde claro Chemicolor /,TINTA SPRAY USO G VD CLARO 400ML CHAMICO 1X400ML CHEMICOLOR,7898436141595,32082011,83000000,UN,2026-09-16T15:51:50Z,17.0,17.0,31581137000100,LARISSA MAYARA SAPUCAIA DOS SANTOS,MAYARA CONSTRUCOES,CENTRO,MACEIO
TINTA,9615,Tinta Spray Uso Geral 400ml Azul escuro Chemicolor /,T SPRAY USO G AZ ESCURO 400ML CHEMICO 1X400ML CHEMICOLOR,7898436141618,32081010,83000000,UN,2026-09-12T13:51:51Z,17.0,17.0,31581137000100,LARISSA MAYARA SAPUCAIA DOS SANTOS,MAYARA CONSTRUCOES,CENTRO,MACEIO
TINTA,2325,TINTA SPRAY BRANCO BRILHO 350ML COLORE/TEK,TINTA AEROSSOL BRANCO BRILHANTE USO GERAL 350 ML/250G REF 23021006900,7898543380931,32082019,83000000,UN,2026-09-15T13:33:44Z,17.0,17.0,10228231000100,LMV MÁQUINAS E SERVIÇOS LTDA,MAQCENTER,PETROPOLIS,MACEIO
TINTA,2126,THINNER 5000/6000 900ML FARBEN,THINNER 5000. ONU 1263 QUANT.LTDA MATERIAL RELACIONADO COM TINTA,7899381687244,38140090,83000000,UN,2026-09-15T19:10:14Z,17.0,17.0,21908653000143,COMERCIAL DE TINTAS DO PRADO LTDA,M&C TINTAS,PRADO,MACEIO
TINTA,733,TINTA SPRAY 350ML PT BRILH U.G - NORDESTIN,,0,32082019,83000000,UN,2026-09-15T11:36:25Z,18.0,17.0,55532304000191,TOP TINTAS LTDA,TOP TINTAS,Prado,MACEIO
TINTA,3114,TINTA SPRAY CHEMICOLOR PTO BRILH USO GERAL 400ML - REF 0680092,,0,32082011,83000000,CX6,2026-09-10T17:21:19Z,17.0,17.0,26750106000104,RONALDO DE OLIVEIRA LIMA,RONALDO CONSTRUCOES,CENTRO,MACEIO
TINTA,0074468050808,TINTA SPRAY 350G PRETO NORDESTIN,,0,32082019,83000000,UN,2026-09-16T14:34:04Z,18.9,17.01,00837552000159,JOSE CARLOS DOS SANTOS CONSTRUCAO LTDA,GG CASA & CONSTRUCAO,CLIMA BOM,MACEIO
TINTA,0074468050815,TINTA SPRAY 350ML PRETO FOSCO NORDESTIN,,0,32082019,83000000,UN,2026-09-14T14:02:59Z,18.9,17.01,00837552000159,JOSE CARLOS DOS SANTOS CONSTRUCAO LTDA,GG CASA & CONSTRUCAO,CLIMA BOM,MACEIO
TINTA,0074468050846,TINTA SPRAY 350ML BR FOSCO NORDESTIN,,0,32082019,83000000,UN,2026-09-14T19:22:05Z,18.9,17.01,00837552000159,JOSE CARLOS DOS SANTOS CONSTRUCAO LTDA,GG CASA & CONSTRUCAO,CLIMA BOM,MACEIO
TINTA,0074468050952,TINTA SPRAY 350ML CINZA ESCURO NORDESTIN,,0,32082019,83000000,UN,2026-09-09T20:18:45Z,18.9,17.01,00837552000159,JOSE CARLOS DOS SANTOS CONSTRUCAO LTDA,GG CASA & CONSTRUCAO,CLIMA BOM,MACEIO
TINTA,5405,TINTA PRETO FOSCO 34,,7898314112693,32082011,83000000,UN,2026-09-15T20:45:15Z,20.0,17.09,18814457000286,GERALDO MACARIO DOS SANTOS LTDA,ALAN AUTO PECAS,PRADO,MACEIO
TINTA,17308,TINTA CHEMIC U.G. AZ ESCURO 400ML BASTON,T SPRAY USO G AZ ESCURO 400ML CHEMICO 1X400ML CHEMICOLOR,7898436141618,32082011,83000000,UN,2026-09-12T14:14:03Z,19.0,17.11,02556423000118,BR PARAFUSOS IMPORTADORA COMERCIAL LTDA,BR PARAFUSOS,CLIMA BOM,MACEIO
TINTA,25207,TINTA SPRAY BRILHANTE ALUMINIO P/RODAS - 250G,,7899228201404,32089010,83000000,PC,2026-09-09T13:30:43Z,17.15,17.15,07431747000224,COMFERRAL COMERCIO DE FERRAGENS LTDA - ME,,ANTARES,MACEIO
TINTA,17292,TINTA CHEMIC U.G. AZ CLARO 400ML BASTON,T SPRAY USO G AZ CLARO 400ML CHAMICOL 1X400MLCHEMICOLOR,7898436140574,32082011,83000000,UN,2026-09-11T14:52:48Z,21.5,17.2,02556423000118,BR PARAFUSOS IMPORTADORA COMERCIAL LTDA,BR PARAFUSOS,CLIMA BOM,MACEIO
TINTA,17296,TINTA CHEMIC U.G. PT FOS. 400ML BASTON,T SPRAY USO G PT FOSCO 400ML CHEMICOLO 1X400ML CHEMICOLOR,7898436140628,32082011,83000000,UN,2026-09-15T18:57:25Z,19.0,17.22,02556423000118,BR PARAFUSOS IMPORTADORA COMERCIAL LTDA,BR PARAFUSOS,CLIMA BOM,MACEIO
TINTA,32246,SPRAY PRETO BRILHOSO TEKBOND,"TINTA SPRAY USOGERAL PR BRILHO 350ML - TEKBOND,ONU 1950,AEROSOIS - PIRETROIDES,SUBCLASSE 2.1,(CLASSE",7898543380924,32082019,83000000,UN,2026-09-09T13:16:02Z,18.18,17.25,10765251000978,MOTOSHOW DISTRIBUIDORA DE PECAS PARA MOTOS E MOTOCICLETAS LTDA,MOTOSHOW PECAS,CENTRO,MACEIO
TINTA,1741,TINTA SPRAY PR FOSCO USO GERAL 350ML/250G TEKBOND,,0,32082019,83000000,UN,2026-09-15T14:42:03Z,18.6,17.433333333333334,55263918000115,M&S COMERCIO VAREJISTA LTDA,M&S COMERCIO VAREJISTA,Antares,MACEIO
TINTA,16131,TINTA SPRAY PRETO BRILHANTE,"TINTA SPRAY USOGERAL PR BRILHO 350ML - TEKBOND,ONU 1950,AEROSOIS - PIRETROIDES,SUBCLASSE 2.1,(CLASSE",7898543380924,32082011,83000000,UND,2026-09-08T15:17:34Z,25.0,17.5,24352110000180,EDIVANIA B DOS SANTOS AUTO PECAS LTDA,EJUNIOR AUTO PECAS,TABULEIRO DO MARTINS,MACEIO
TINTA,0000000000066,TINTA SPRAY UG 400ML AZUL CLARO CHEMICOLOR,,7898436140574,32082011,83000000,UN,2026-09-11T14:53:58Z,17.5,17.5,13234526000188,FLAVIO BASILIO DE ALMEIDA,COMERCIAL BASILIO,CLIMA BOM,MACEIO
TINTA,0000000000071,TINTA SPRAY UG 400ML PRETO BRILHO CHEMICOLOR,,7898436140611,32082011,83000000,UN,2026-09-14T18:29:22Z,17.5,17.5,13234526000188,FLAVIO BASILIO DE ALMEIDA,COMERCIAL BASILIO,CLIMA BOM,MACEIO
TINTA,32691,TINTA SPRAY VERDE METALICO 350ML 250G TE,TINTA AEROSSOL VERDE METALICO USO GERAL 350ML/250G COD 23331006900,7898543381242,32082019,83000000,UN,2026-09-14T14:35:19Z,34.99,17.5,70015672000156,ENCONTRO DO SOL HOME CENTER LTDA,ENCONTRO DO SOL HOME CENTER,TABULEIRO DO MARTINS,MACEIO
TINTA,2894,TINTA SPRAY KALA PRETO,,0,32082019,83000000,UN,2026-09-15T17:41:30Z,20.0,17.52,08443921000130,LOJA BELO MONTE LTDA,BELO MONTE,PONTA DA TERRA,MACEIO
TINTA,214203,TINTA SPRAY WHITE COLOR ALTA/TEMP ALUM 340ML ORBI,TINTA SPRAY WHITE COLOR ALTA TEMPERATURA 340ML ALUMINIO+,7898314113317,32082011,83000000,UN,2026-09-14T18:36:25Z,17.52,17.52,23236612000183,EJRS DE CASTRO MOTOPECAS LTDA,5 ESTRELAS MOTO PEÇAS,TABULEIRO DO MARTINS,MACEIO
TINTA,1737,TINTA SPRAY VERDE USO GERAL 350ML/250G TEKBOND,,0,32082019,83000000,UN,2026-09-12T12:49:03Z,18.6,17.54,55263918000115,M&S COMERCIO VAREJISTA LTDA,M&S COMERCIO VAREJISTA,Antares,MACEIO
TINTA,17294,TINTA CHEMIC U.G. PT BRILH. 400ML BASTON,T SPRAY USO G PT BRILHANTE 400ML CHEMICO 1X400ML CHEMICOLOR,7898436140611,32082011,83000000,UN,2026-09-12T15:00:45Z,19.0,17.59,02556423000118,BR PARAFUSOS IMPORTADORA COMERCIAL LTDA,BR PARAFUSOS,CLIMA BOM,MACEIO
TINTA,10366,SPRAY CHEMICOLOR USO GERAL VERMELHO 400ML,TINTA SPRAY USO G VM 400ML CHEMICOLOR 1X400ML CHEMICOLOR,7898436140642,32082011,83000000,UN,2026-09-16T12:39:05Z,17.6,17.6,12270435000720,L. JARDIM & CIA LTDA,CASA JARDIM,BARRO DURO,MACEIO
TINTA,10355,SPRAY CHEMICOLOR USO GERAL CINZA ESCURO 400ML,TINTA SPRAY USO GERAL 400ML CINZA ESCURO - CHEMICOLOR,7898436146132,32082011,83000000,UN,2026-09-10T12:04:36Z,22.0,17.6,12270435000992,L. JARDIM & CIA LTDA,Casas Jardim,TABULEIRO DO MARTINS,MACEIO
TINTA,214202,TINTA SPRAY WHITE COLOR ALTA/TEMP PRETO 340ML ORBI,ORBI TINTA - PRETO FOSCO ALTA TEMPERATURA (ORBI QUIMICA),7898314113300,32082011,83000000,UN,2026-09-15T12:12:22Z,17.62,17.62,23236612000183,EJRS DE CASTRO MOTOPECAS LTDA,5 ESTRELAS MOTO PEÇAS,TABULEIRO DO MARTINS,MACEIO
TINTA,601,SPRAY BRANCO BRILHANTE - MAZA,TINTA SPRAY AUTOM 300ML BRANCO ACABAMENTO COLORGIN,7891452228196,32089010,83000000,MR,2026-09-11T21:11:43Z,21.3,17.67,11749321000100,M M DA S SANTOS - EPP,UNIVERSO TINTAS,CLIMA BOM,MACEIO
TINTA,6713,TINTA USO G BR 350ML TEK BOND,,7898543380931,32082019,83000000,UN,2026-09-08T17:31:43Z,23.9,17.726666666666667,35249960000174,J F ATAIDE FILHO - ME,J F MATERIAIS DE CONSTRUCAO,TAB DOS MARTINS,MACEIO
TINTA,0004740,MASSA CORRIDA 4KG - TINTAS LUX,,7890000047401,32141020,83000000,UN,2026-09-10T18:56:33Z,17.82,17.82,24330904000143,OLIVEIRA CONSTRUCOES LTDA - ME,OLIVEIRA CONSTRUCOES,CRUZ DAS ALMAS,MACEIO
TINTA,4700,TINTA PAINTCOLOR 400ML A.T.PRETO FOSCO NOVA,,7899674036643,32082011,83000000,UN,2026-09-11T18:05:35Z,18.99,17.835,63206216000128,COMERCIO DE PARAFUSOS LTDA,CASA DOS PARAFUSOS,Santa Lúcia,MACEIO
TINTA,D220483,TINTA AEROSSOL BRANCO BRILHANTE US,TINTA AEROSSOL BRANCO BRILHANTE USO GERAL 350 ML/250G REF 23021006900,7898543380931,32082019,83000000,PC,2026-09-15T16:40:42Z,17.87,17.87,92660406006583,FRIGELAR COMERCIO E INDUSTRIA LTDA,,GRUTA DE LOURDES,MACEIO
TINTA,D220481,TINTA AEROSSOL PRETO FOSCO USO GER,TINTA AEROSSOL PRETO FOSCO USO GERAL 350 ML/250G REF 23001006900,7898543380917,32082019,83000000,PC,2026-09-09T20:36:10Z,17.87,17.87,92660406006583,FRIGELAR COMERCIO E INDUSTRIA LTDA,,GRUTA DE LOURDES,MACEIO
TINTA,11271,TINTA SPRAY U GER 400ML CZ PRIMER MUNDIA,TINTA SPRAY 400ML USO GERAL MUNDIAL PRIME,7898915994360,32082019,83000000,SP,2026-09-09T16:12:22Z,17.9,17.9,11653178000158,DIMAS TORQUATO DOS SANTOS - ME,CASA DA CONSTRUCAO,CLIMA BOM,MACEIO
TINTA,11887,TINTA SPRAY U GER 400ML VERNIZ MUNDIAL,TINTA SPRAY 400ML UG VERNIZ MUNDIAL PRIME,7898907527019,32082019,83000000,SP,2026-09-11T05:05:08Z,17.9,17.9,11653178000158,DIMAS TORQUATO DOS SANTOS - ME,CASA DA CONSTRUCAO,CLIMA BOM,MACEIO
TINTA,9231,TINTA SPRAY U GER 400ML PTFC MUNDIAL,TINTA SPRAY 400ML MUNDIAL PRIME UG PRETO FOSCO,7898907527545,32082019,83000000,SP,2026-09-11T09:46:46Z,17.9,17.9,11653178000158,DIMAS TORQUATO DOS SANTOS - ME,CASA DA CONSTRUCAO,CLIMA BOM,MACEIO
TINTA,9173,TINTA SPRAY U GER 400ML BR MUNDIAL,TINTA SPRAY 400ML MUNDIAL PRIME UG BRANCO,7898907527354,32082019,83000000,SP,2026-09-11T05:05:08Z,17.9,17.9,11653178000158,DIMAS TORQUATO DOS SANTOS - ME,CASA DA CONSTRUCAO,CLIMA BOM,MACEIO
TINTA,7898543380931,TINTA SPRAY BRANCO BRILHANTE 350ML TEKBOND,,0,32082019,83000000,UN,2026-09-16T12:24:29Z,19.9,17.91,00837552000159,JOSE CARLOS DOS SANTOS CONSTRUCAO LTDA,GG CASA & CONSTRUCAO,CLIMA BOM,MACEIO
TINTA,00074468050822,TINTA SPRAY USO GERAL 350ML NORDESTN,,0,32082019,83000000,UN,2026-09-11T20:11:06Z,17.95,17.95,03223147000139,CENTRAL DE PAPEIS LTDA - ME,PAPEL CENTRAL,CENTRO,MACEIO
TINTA,0074468050822,TINTA SPRAY USO GERA,,0,32082019,83000000,UN,2026-09-15T17:41:18Z,17.95,17.95,06021149000133,PAPEL CENTRAL LTDA - ME,,CENTRO,MACEIO
TINTA,00074468050815,TINTA SPRAY USO GERAL 350ML NORDESTN,,0,32082019,83000000,UN,2026-09-14T13:11:04Z,17.95,17.95,03223147000139,CENTRAL DE PAPEIS LTDA - ME,PAPEL CENTRAL,CENTRO,MACEIO
TINTA,0074468050822,TINTA NORDESTIN 350ML BR BRILHANTE PETKOV REF 002.001.001.004,,0,32082019,83000000,UN,2026-09-10T18:10:04Z,17.95,17.95,02488201000296,M A P TENORIO COMERCIO LTDA,FOLIA,CENTRO,MACEIO
TINTA,0074468050846,TINTA NORDESTIN 350ML BR FOSCO PETKOV REF 002.001.001.005,,0,32082019,83000000,UN,2026-09-14T14:06:40Z,17.95,17.95,02488201000296,M A P TENORIO COMERCIO LTDA,FOLIA,CENTRO,MACEIO
TINTA,0074468050884,TINTA NORDESTIN 350ML VERNIZ BRILHANTE PETKOV REF 002.001.001.006,,0,32082019,83000000,UN,2026-09-15T18:01:28Z,17.95,17.95,02488201000296,M A P TENORIO COMERCIO LTDA,FOLIA,CENTRO,MACEIO
TINTA,0074468050815,TINTA NORDESTIN 350ML PRETO FOSCO PETKOV REF 002.001.001.002,,0,32082019,83000000,UN,2026-09-16T14:48:53Z,17.95,17.95,02488201000296,M A P TENORIO COMERCIO LTDA,FOLIA,CENTRO,MACEIO
TINTA,00074468050846,TINTA SPRAY USO GERAL 350ML NORDESTN,,0,32082019,83000000,UN,2026-09-14T13:11:04Z,17.95,17.95,03223147000139,CENTRAL DE PAPEIS LTDA - ME,PAPEL CENTRAL,CENTRO,MACEIO
TINTA,00074468050884,TINTA SPRAY USO GERAL 350ML NORDESTN,,0,32082019,83000000,UN,2026-09-11T13:03:16Z,17.95,17.95,03223147000139,CENTRAL DE PAPEIS LTDA - ME,PAPEL CENTRAL,CENTRO,MACEIO
TINTA,0074468050808,TINTA SPRAY USO GERA,,0,32082019,83000000,UN,2026-09-09T15:56:30Z,17.95,17.95,06021149000133,PAPEL CENTRAL LTDA - ME,,CENTRO,MACEIO
TINTA,7898543381006,TINTA SPRAY SUPER CO,,0,32089010,83000000,UN,2026-09-09T16:31:52Z,17.95,17.95,06021149000133,PAPEL CENTRAL LTDA - ME,,CENTRO,MACEIO
TINTA,7898543380993,TINTA SPRAY SUPER CO,,0,32089010,83000000,UN,2026-09-15T16:27:41Z,17.95,17.95,06021149000133,PAPEL CENTRAL LTDA - ME,,CENTRO,MACEIO
TINTA,0074468050969,TINTA SPRAY USO GERA,,0,32082019,83000000,UN,2026-09-11T13:47:09Z,17.95,17.95,06021149000133,PAPEL CENTRAL LTDA - ME,,CENTRO,MACEIO
TINTA,0074468050884,TINTA SPRAY USO GERA,,0,32082019,83000000,UN,2026-09-15T16:43:49Z,17.95,17.95,06021149000133,PAPEL CENTRAL LTDA - ME,,CENTRO,MACEIO
TINTA,0074468050846,TINTA SPRAY USO GERA,,0,32082019,83000000,UN,2026-09-15T20:15:51Z,17.95,17.95,06021149000133,PAPEL CENTRAL LTDA - ME,,CENTRO,MACEIO
TINTA,0074468050815,TINTA SPRAY USO GERA,,0,32082019,83000000,UN,2026-09-11T18:41:25Z,17.95,17.95,06021149000133,PAPEL CENTRAL LTDA - ME,,CENTRO,MACEIO
TINTA,4115,TINTA NORDESTIN 350ML/250G U.G.BRANCO FOSCO,,0,32082019,83000000,UN,2026-09-11T16:47:38Z,17.99,17.99,37213269000166,PADILHA E RODRIGUES CONSTRUÇÕES LTDA,CONSTRU FORT,CENTRO,MACEIO
TINTA,1350,TINTA SPRAY TEKBOND PTO BRIL 350ML OK,"TINTA SPRAY USOGERAL PR BRILHO 350ML - TEKBOND,ONU 1950,AEROSOIS - PIRETROIDES,SUBCLASSE 2.1,(CLASSE",7898543380924,32082019,83000000,UN,2026-09-10T20:20:53Z,17.99,17.99,43906461000130,AUROCON CONSTRUCAO LTDA,MIX  DA CONSTRUCAO,BARRO DURO,MACEIO
TINTA,23699,TINTA SPRAY USO G 350ML PT TEK BOND,"TINTA SPRAY USOGERAL PR BRILHO 350ML - TEKBOND,ONU 1950,AEROSOIS - PIRETROIDES,SUBCLASSE 2.1,(CLASSE",7898543380924,32082019,83000000,UN,2026-09-10T19:12:55Z,18.0,18.0,12839528000138,JOSAFA DE CASTRO SANTOS LARANGEIRA - ME,,CIDADE UNIVERSITARIA,MACEIO
TINTA,003445,TINTA AEROSSOL PR FOSCO USO GERAL 350ML TEKBOND,,0,32082019,83000000,UNIDA,2026-09-15T19:11:57Z,18.0,18.0,28676399000144,SM DE BRITO - LTDA,SHOP VINIL,FAROL,MACEIO
TINTA,003819,VERNIZ AEROSSOL BRILHO USO GERAL 350ML TEKBOND,"TINTA SPRAY USOGERAL VERNIZ 350ML - TEKBOND,ONU 1950,AEROSOIS - PIRETROIDES,SUBCLASSE 2.1,(CLASSE 2)",7898543381082,32082019,83000000,UNIDA,2026-09-10T20:38:54Z,18.0,18.0,28676399000144,SM DE BRITO - LTDA,SHOP VINIL,FAROL,MACEIO
TINTA,2920,TINTA ESMALTE 116 STAND BCA UNIVERSO  -  REF R11,,7891696011882,32081010,83000000,CX12,2026-09-09T21:52:30Z,18.0,18.0,56952576000103,S DE L S SOUZA,JL Construções,Chã da Jaqueira,MACEIO
TINTA,0000000003146,PROMOCAO TINTA FOSCA,,0,32091010,83000000,UN,2026-09-15T12:14:02Z,18.0,18.0,06021149000133,PAPEL CENTRAL LTDA - ME,,CENTRO,MACEIO
TINTA,3081,935590 TINTA SPRAY USOGERAL BR BRILHO 350ML,TINTA SPRAY USOGERAL BR BRILHO 350ML - KALA,7899009002145,32082019,83000000,PEC,2026-09-14T13:16:20Z,18.0,18.0,42772381000177,RAMOS BRASIL PERFIL LTDA,PRIME CONSTRUCOES,CIDADE UNIVERSITARIA,MACEIO
TINTA,000041,TINTA SPRAY USO GERAL 400ML PRETO BRILHANTE CHEMICOLOR*,T SPRAY USO G PT BRILHANTE 400ML CHEMICO 1X400ML CHEMICOLOR,7898436140611,32082011,83000000,UN,2026-09-11T14:33:07Z,18.0,18.0,12024911000138,I. SILVA SANTOS CONSTRUCOES,VAL CONSTRUCOES,CIDADE UNIVERSITARIA,MACEIO
TINTA,002808,TINTA SPRAY USO GERAL 400ML VERMELHO CHEMICOLOR*,TINTA SPRAY USO G VM 400ML CHEMICOLOR 1X400ML CHEMICOLOR,7898436140642,32089010,83000000,UN,2026-09-15T16:46:41Z,18.0,18.0,12024911000138,I. SILVA SANTOS CONSTRUCOES,VAL CONSTRUCOES,CIDADE UNIVERSITARIA,MACEIO
TINTA,002813,TINTA SPRAY USO GERAL 400ML MARROM CHEMICOLOR*,TINTA SPRAY USO G 400ML MR CHEMICOLOR 04237,7898436141571,32089010,83000000,UN,2026-09-12T17:43:01Z,18.0,18.0,12024911000138,I. SILVA SANTOS CONSTRUCOES,VAL CONSTRUCOES,CIDADE UNIVERSITARIA,MACEIO
TINTA,002815,TINTA SPRAY USO GERAL 400ML BRANCO BRILHANTE CHEMICOLLOR*,T SPRAY USO G BR BRILHANTE 400ML CHEMIC 1X400ML CHEMICOLOR,7898436140581,32089010,83000000,UN,2026-09-11T14:33:07Z,18.0,18.0,12024911000138,I. SILVA SANTOS CONSTRUCOES,VAL CONSTRUCOES,CIDADE UNIVERSITARIA,MACEIO
TINTA,002826,TINTA SPRAY USO GERAL 400ML PRETO FOSCO CHEMICOLOR*,T SPRAY USO G PT FOSCO 400ML CHEMICOLO 1X400ML CHEMICOLOR,7898436140628,32089010,83000000,UN,2026-09-08T15:42:52Z,18.0,18.0,12024911000138,I. SILVA SANTOS CONSTRUCOES,VAL CONSTRUCOES,CIDADE UNIVERSITARIA,MACEIO
TINTA,005008,TINTA SPRAY CHEMICOLOR VIOLETA CLARO 400ML- USO GERAL,,7898436147832,32081010,83000000,UN,2026-09-15T21:39:39Z,18.0,18.0,12024911000138,I. SILVA SANTOS CONSTRUCOES,VAL CONSTRUCOES,CIDADE UNIVERSITARIA,MACEIO
TINTA,006295,TINTA SPRAY USO GERAL 400ML GRAFITE CHEMICOLOR*,T SPRAY USO G GRAFITE 400ML CHEMICOLOR 1X400ML CHEMICOLOR,7898436140604,32089010,83000000,UN,2026-09-15T16:26:16Z,18.0,18.0,12024911000138,I. SILVA SANTOS CONSTRUCOES,VAL CONSTRUCOES,CIDADE UNIVERSITARIA,MACEIO
TINTA,006300,TINTA SPRAY USO GERAL BRANCO BRIL 350 ML - TEK BOND*,TINTA AEROSSOL BRANCO BRILHANTE USO GERAL 350 ML/250G REF 23021006900,7898543380931,32082019,83000000,UND,2026-09-12T12:03:02Z,18.0,18.0,12024911000138,I. SILVA SANTOS CONSTRUCOES,VAL CONSTRUCOES,CIDADE UNIVERSITARIA,MACEIO
TINTA,007625,TINTA SPRAY USO GERAL 400ML VIOLETA CLARO CHEMICOLOR*,TINTA SPRAY CHEMI COLOR VIOLETA CLARO VIOLET EDITION 400ML,7898436147832,32089010,83000000,UN,2026-09-11T16:27:23Z,18.0,18.0,12024911000138,I. SILVA SANTOS CONSTRUCOES,VAL CONSTRUCOES,CIDADE UNIVERSITARIA,MACEIO
TINTA,011184,TINTA SPRAY ALTA TEMP 250ML PRETO CHEMICOLOR*,,7899674039958,32089010,83000000,UN,2026-09-12T21:17:35Z,18.0,18.0,12024911000138,I. SILVA SANTOS CONSTRUCOES,VAL CONSTRUCOES,CIDADE UNIVERSITARIA,MACEIO
TINTA,013993,TINTA SPRAY USO GERAL VERMELHO 350 ML- NORDESTIN*,,74468050860,32091010,83000000,UND,2026-09-08T15:26:49Z,18.0,18.0,12024911000138,I. SILVA SANTOS CONSTRUCOES,VAL CONSTRUCOES,CIDADE UNIVERSITARIA,MACEIO
TINTA,CFOP5102,SPRAY 350ML BRANCO FOSCO TEKBOND,TINTA AEROSSOL BRANCO FOSCO USO GERAL 350 ML/250G REF 23101006900,7898543381013,32082019,83000000,UN,2026-09-11T13:51:48Z,18.0,18.0,39679671000166,FABIO REGUEIRA COSTA BARBOSA LTDA,RAMOS CONSTRUCOES,CENTRO,MACEIO
TINTA,751,TINTA SPRAY USO G 350ML DOURADO TEK BOND,,0,32082019,83000000,UN,2026-09-09T12:21:13Z,18.0,18.0,41226107000130,AZEVEDO CONSTRUCOES LTDA,AZEVEDO CONSTRUCOES,TABULEIRO DO MARTINS,MACEIO
TINTA,5681,TINTA SPRAY USO G 400ML DOURADO CHEMICOL,,0,32082011,83000000,UN,2026-09-14T10:49:16Z,18.0,18.0,41226107000130,AZEVEDO CONSTRUCOES LTDA,AZEVEDO CONSTRUCOES,TABULEIRO DO MARTINS,MACEIO
TINTA,12619,TINTA SPRAY MET 400ML CR PAINTCOLOR,,0,32082011,83000000,PC,2026-09-11T18:30:37Z,18.0,18.0,41226107000130,AZEVEDO CONSTRUCOES LTDA,AZEVEDO CONSTRUCOES,TABULEIRO DO MARTINS,MACEIO
TINTA,14265,TINTA PAINTCOLOR 400ML METALICA PRATA NOVA,,0,32082011,83000000,UN,2026-09-11T18:30:37Z,18.0,18.0,41226107000130,AZEVEDO CONSTRUCOES LTDA,AZEVEDO CONSTRUCOES,TABULEIRO DO MARTINS,MACEIO
TINTA,011563,TINTA SPRAY U GER 400ML PT/BRI CHEMICOLO,T SPRAY USO G PT BRILHANTE 400ML CHEMICO 1X400ML CHEMICOLOR,7898436140611,32082011,83000000,UND,2026-09-08T11:26:37Z,18.0,18.0,14810475000158,MICHELLI PATRICIA DE ALBUQUERQUE - ME,MICHELLI CONSTRUCOES,CENTRO,MACEIO
TINTA,0000000004441,TINTA SPARY UG ALUMI,,7898314112730,32082011,83000000,UN,2026-09-12T15:01:35Z,18.0,18.0,17142345000182,MARIA APARECIDA DA SILVA BRANCO CONSTRUCOES,,CENTRO,MACEIO
TINTA,1733,TINTA SPRAY VERMELHO USO GERAL 350ML/250G TEKBOND,,0,32082019,83000000,UN,2026-09-14T12:43:46Z,18.6,18.0,55263918000115,M&S COMERCIO VAREJISTA LTDA,M&S COMERCIO VAREJISTA,Antares,MACEIO
TINTA,6735,TINTA SPRAY USO GERAL 350ML BRANCO BRIL - NORDESTIN,,74468050822,32082011,83000000,UN,2026-09-09T13:09:50Z,18.0,18.0,19164559000185,DAKAZA COMERCIO DE MATERIAIS DE CONSTRUCAO LTDA - ME,DAKAZA,TRAPICHE DA BARRA,MACEIO
TINTA,734,TINTA SPRAY 350ML BRANCO BRILHO - NORDESTIN,,74468050822,32082019,83000000,UN,2026-09-15T14:01:45Z,18.0,18.0,47264579000163,47.264.579 DENISE DA SILVA SANTOS,,CIDADE UNIVERSITARIA,MACEIO
TINTA,677036,TINTA SPRAY BRANCA 350ML USO GERAL TEKBOND,,0,32082019,83000000,Peca,2026-09-16T11:57:10Z,18.0,18.0,39787397000149,REFRIGERAÇÃO ROYAL LTDA,,SANTA AMELIA,MACEIO
TINTA,791,TINTA SPRAY 350ML BR FOSCO U.G - NORDESTIN,,0,32082019,83000000,UN,2026-09-15T13:46:49Z,18.0,18.0,55532304000191,TOP TINTAS LTDA,TOP TINTAS,Prado,MACEIO
TINTA,1149,TINTA NORDESTIN 350ML/250G U.G.ALUMINIO,,0,32082019,83000000,UN,2026-09-11T14:56:12Z,18.0,18.0,55532304000191,TOP TINTAS LTDA,TOP TINTAS,Prado,MACEIO
TINTA,920,SPRAY U.G 400ML CHEMICOLOR VERMELHO,TINTA SPRAY USO G VM 400ML CHEMICOLOR 1X400ML CHEMICOLOR,7898436140642,32082011,83000000,UN,2026-09-11T19:55:42Z,18.0,18.0,26172162000109,DONA BELA CONSTRUÇÕES LTDA,DONA BELA,TABULEIRO DO MARTINS,MACEIO
TINTA,3525,SPRAY U.G 400ML CHEMICOLOR MARROM,TINTA SPRAY USO G 400ML MR CHEMICOLOR 04237,7898436141571,32082011,83000000,UN,2026-09-09T15:49:20Z,18.0,18.0,26172162000109,DONA BELA CONSTRUÇÕES LTDA,DONA BELA,TABULEIRO DO MARTINS,MACEIO
TINTA,7898436140567,TINTA SPRAY 400ML CHIMICOLOR AM,TINTA SPRAY USO G AM 400ML CHEMICOLOR 1X400ML CHEMICOLOR,7898436140567,32081010,83000000,UN,2026-09-08T20:27:41Z,20.5,18.18,47907752000102,COSTA ANDRADE MATERIAL DE CONSTRUÇÃO E VARIEDADES LTDA,COSTA ANDRADE MATERIAL DE CONSTRUCAO E VARIEDADES,BENEDITO BENTES,MACEIO
TINTA,17315,TINTA CHEMIC U.G. CZ CLARO 400ML BASTON,TINTA SPRAY CHEMICOLOR USO GERAL CINZA CLARO (EMB. CONTEM 1UN. DE 400ML),7898436146125,32082011,83000000,UN,2026-09-15T11:43:26Z,21.5,18.275862068965516,02556423000118,BR PARAFUSOS IMPORTADORA COMERCIAL LTDA,BR PARAFUSOS,CLIMA BOM,MACEIO
TINTA,2849,THINNER MULTIUSO 900ML - FARBEN,THINNER 5000. ONU 1263 QUANT.LTDA MATERIAL RELACIONADO COM TINTA,7899381687244,38140090,83000000,MR,2026-09-11T19:18:05Z,22.0,18.3,11749321000100,M M DA S SANTOS - EPP,UNIVERSO TINTAS,CLIMA BOM,MACEIO
TINTA,17303,TINTA CHEMIC U.G. BR FOS. 400ML BASTON,T SPRAY USO G BR FOSCO 400ML CHEMICOLO 1X400ML CHEMICOLOR,7898436141540,32082011,83000000,UN,2026-09-11T16:27:53Z,19.0,18.3,02556423000118,BR PARAFUSOS IMPORTADORA COMERCIAL LTDA,BR PARAFUSOS,CLIMA BOM,MACEIO
TINTA,823914,TINTA SPRAY U GER 400ML AM CHEMICOLOR,TINTA SPRAY USO G AM 400ML CHEMICOLOR 1X400ML CHEMICOLOR,7898436140567,32082011,83000000,SP,2026-09-09T16:26:48Z,20.0,18.406666666666666,04652212000104,SEVERINO BATISTA DE ARRUDA - ME,MADEIREIRA SAO SEVERINO,TAB. DOS MARTINS,MACEIO
TINTA,823913,TINTA SPRAY U GER 400ML AZES CHEMICOLOR,T SPRAY USO G AZ ESCURO 400ML CHEMICO 1X400ML CHEMICOLOR,7898436141618,32082011,83000000,SP,2026-09-09T16:26:48Z,20.0,18.406666666666666,04652212000104,SEVERINO BATISTA DE ARRUDA - ME,MADEIREIRA SAO SEVERINO,TAB. DOS MARTINS,MACEIO
TINTA,824056,TINTA SPRAY U GER 400ML PTFC CHEMICOLOR,TINTA SPRAY 400ML MUNDIAL PRIME UG PRETO FOSCO,7898907527545,32082019,83000000,SP,2026-09-09T16:26:48Z,20.0,18.4075,04652212000104,SEVERINO BATISTA DE ARRUDA - ME,MADEIREIRA SAO SEVERINO,TAB. DOS MARTINS,MACEIO
TINTA,824062,TINTA SPRAY U GER 400ML AL CHEMICOLOR,T SPRAY USO G ALUMINIO 400ML CHEMICOLOR 1X400ML CHEMICOLOR,7898436140550,32082011,83000000,SP,2026-09-09T16:26:48Z,20.0,18.407777777777778,04652212000104,SEVERINO BATISTA DE ARRUDA - ME,MADEIREIRA SAO SEVERINO,TAB. DOS MARTINS,MACEIO
TINTA,824584,TINTA SPRAY U GER 400ML VT/CL CHEMICOLOR,TINTA SPRAY CHEMI COLOR VIOLETA CLARO VIOLET EDITION 400ML,7898436147832,32082011,83000000,SP,2026-09-09T16:26:48Z,20.0,18.408,04652212000104,SEVERINO BATISTA DE ARRUDA - ME,MADEIREIRA SAO SEVERINO,TAB. DOS MARTINS,MACEIO
TINTA,823915,TINTA SPRAY U GER 400ML PTBRI CHEMICOLOR,TINTA SPRAY 400ML MUNDIAL PRIME UG PRETO BRILHANTE,7898907527538,32082019,83000000,SP,2026-09-09T16:26:48Z,20.0,18.408333333333335,04652212000104,SEVERINO BATISTA DE ARRUDA - ME,MADEIREIRA SAO SEVERINO,TAB. DOS MARTINS,MACEIO
TINTA,823714,TINTA SPRAY U GER 400ML VM CHEMICOLOR,TINTA SPRAY USO G VM 400ML CHEMICOLOR 1X400ML CHEMICOLOR,7898436140642,32082019,83000000,SP,2026-09-09T16:26:48Z,20.0,18.41,04652212000104,SEVERINO BATISTA DE ARRUDA - ME,MADEIREIRA SAO SEVERINO,TAB. DOS MARTINS,MACEIO
TINTA,824580,TINTA SPRAY U GER 400ML FD CZ CHEMICOLOR,TINTA SPRAY CHEMICOLLOR 400ML FUNDO PREPARADOR GERAL CINZA,7898436140680,32082019,83000000,SP,2026-09-09T16:26:48Z,20.0,18.41,04652212000104,SEVERINO BATISTA DE ARRUDA - ME,MADEIREIRA SAO SEVERINO,TAB. DOS MARTINS,MACEIO
TINTA,000359,TINTA SPRAY PRETO FOSCO CHEMICOLO,T SPRAY USO G PT FOSCO 400ML CHEMICOLO 1X400ML CHEMICOLOR,7898436140628,32082011,83000000,UN,2026-09-11T16:23:40Z,20.0,18.46,12832317000173,ANTONIO SOARES MACHADO -  ME,ELETRO SOARES,LEVADA,MACEIO
TINTA,7891153079035,TINTA ACRILICA BRILH,,0,32091010,83000000,UN,2026-09-08T15:45:58Z,18.55,18.55,06021149000133,PAPEL CENTRAL LTDA - ME,,CENTRO,MACEIO
TINTA,55806,TINTA NORDESTIN 350ML VD CLARO - 41.49,,0,32082019,83000000,UN,2026-09-13T12:40:54Z,18.59,18.59,12303616000200,S. VIEIRA DA SILVA LTDA,CASA VIEIRA,CRUZ DAS ALMAS,MACEIO
TINTA,55504,TINTA NORDESTIN 350ML BR FOSCO - 41.49,,0,32082019,83000000,UN,2026-09-15T16:03:58Z,18.59,18.59,12303616000463,S. VIEIRA DA SILVA LTDA,CASA VIEIRA,FAROL,MACEIO
TINTA,55471,TINTA NORDESTIN 350ML BR BRILHANTE - 41.49,,0,32082019,83000000,UN,2026-09-13T14:08:39Z,18.59,18.59,12303616000463,S. VIEIRA DA SILVA LTDA,CASA VIEIRA,FAROL,MACEIO
TINTA,55345,TINTA NORDESTIN 350ML PT FOSCO - 41.49,,0,32082019,83000000,UN,2026-09-16T13:05:36Z,18.59,18.59,12303616000463,S. VIEIRA DA SILVA LTDA,CASA VIEIRA,FAROL,MACEIO
TINTA,54371,TINTA NORDESTIN 350ML PT BRILHANTE - 41.49,,0,32082019,83000000,UN,2026-09-13T14:06:37Z,18.59,18.59,12303616000463,S. VIEIRA DA SILVA LTDA,CASA VIEIRA,FAROL,MACEIO
TINTA,55649,TINTA NORDESTIN 350ML CZ CLARO - 41.49,,0,32082019,83000000,UN,2026-09-13T21:22:23Z,18.59,18.59,12303616000625,S. VIEIRA DA SILVA LTDA,CASA VIEIRA,CIDADE UNIVERSITARIA,MACEIO
TINTA,1732,TINTA SPRAY ALUMINIO USO GERAL 350ML/250G TEKBOND,,0,32082019,83000000,UN,2026-09-15T14:28:05Z,18.6,18.6,55263918000115,M&S COMERCIO VAREJISTA LTDA,M&S COMERCIO VAREJISTA,Antares,MACEIO
TINTA,40154,"IQUINE ESM DIALINE FOSCO 0,1125L PRETO UN",TINTA IQUINE DIALINE ESMALTE SINTETICO 112ML PRETO FOSCO,7892948012480,32091010,83000000,UN,2026-09-16T13:19:36Z,18.62,18.62,03555402000140,PARAGOMINAS HOME CENTER LTDA,PARAGOMINAS HOME CENTER,SANTOS DUMONT,MACEIO
TINTA,40154,"IQUINE ESM DIALINE FOSCO 0,1125L PRETO UND",TINTA IQUINE DIALINE ESMALTE SINTETICO 112ML PRETO FOSCO,7892948012480,32091010,83000000,UN,2026-09-10T17:49:25Z,18.62,18.62,03555402000655,PARAGOMINAS HOME CENTER LTDA,PARAGOMINAS ANTARES,ANTARES,MACEIO
TINTA,2304,TINTA SPRAY 350ML PT BRILH NORDESTIN,,7890000023047,32082019,83000000,UN,2026-09-12T11:06:55Z,21.0,18.72,14083187000149,LUIZ RAMOS DE VASCONCELOS,,BENEDITO BENTES,MACEIO
TINTA,7850,TINTA SPRAY 400ML DOURADO - CHEMICOLOR,,0,32082011,83000000,PT,2026-09-11T12:07:01Z,18.9,18.9,05251366000157,RONILDO DE OLIVEIRA LIMA  LTDA,COMERCIAL ESPERANCA,CENTRO,MACEIO
TINTA,7898543380931,*TINTA AEROSSOL BRANCO BRILHANTE USO GERAL 350 ML/250G REF 23021006900,TINTA AEROSSOL BRANCO BRILHANTE USO GERAL 350 ML/250G REF 23021006900,7898543380931,32082019,83000000,UND,2026-09-10T19:51:46Z,18.99,18.99,05671985000362,PAULO HENRIQUE LIRA,PH IMPORTADOS,CENTRO,MACEIO
TINTA,7898543380993,TINTA AEROSOL AZUL 350ML/250G,,0,32082019,83000000,UN,2026-09-12T12:02:54Z,18.99,18.99,10885069000101,MACEIO AVIAMENTO LTDA - EPP,MACEIO AVIAMENTO,CENTRO,MACEIO
TINTA,14648,THINNER 5000 #  # ONU 1263 MATERIAL RELACIONADO COM TINTAS 3 II,THINNER 5000. ONU 1263 QUANT.LTDA MATERIAL RELACIONADO COM TINTA,7899381687244,38140090,83000000,UN,2026-09-12T14:39:09Z,19.99,18.99,66362871000163,COMÉRCIO DAS TINTAS LTDA,CENTRAL DAS TINTAS,Tabuleiro do Martins,MACEIO
TINTA,7898907527538,SPRAY PRETO BRILHO 400ML TEKBOND,TINTA SPRAY 400ML MUNDIAL PRIME UG PRETO BRILHANTE,7898907527538,32082019,83000000,UN,2026-09-09T16:46:27Z,19.0,19.0,27408427000180,K. K. MATERIAL DE CONSTRUCAO LTDA - ME,BARATEIRO CONSTRUCAO,BARRO DURO,MACEIO
TINTA,10354,SPRAY CHEMICOLOR USO GERAL CINZA CLARO 400ML,TINTA SPRAY CHEMICOLOR USO GERAL CINZA CLARO (EMB. CONTEM 1UN. DE 400ML),7898436146125,32082011,83000000,UN,2026-09-15T17:15:45Z,19.0,19.0,12270435001026,L. JARDIM & CIA LTDA,Casas Jardim,FAROL,MACEIO
TINTA,2615,TINTA SPRAY BR 350ML U.GERAL - TEKBOND,,0,32082019,83000000,UN,2026-09-15T15:59:22Z,19.0,19.0,10264955000100,JESIVAN FERREIRA DE LIMA - ME,AQUI TEM MAIS,VERGEL DO LAGO,MACEIO
TINTA,498,TINTA SPRAY USO G 350ML BR TEK BOND,,0,32082019,83000000,UN,2026-09-12T14:51:16Z,19.0,19.0,10264955000100,JESIVAN FERREIRA DE LIMA - ME,AQUI TEM MAIS,VERGEL DO LAGO,MACEIO
TINTA,18329,TINTA SPRAY PAINTCOLOR ALTA TEMPERATURA PRETO FOSCO 400ML,,7899674036643,32082011,83000000,UND,2026-09-10T17:00:29Z,22.3,19.18,40927550000175,CENTRAL DOS PARAFUSOS LTDA - ME,,JARAGUA,MACEIO
TINTA,10349,SPRAY CHEMICOLOR USO GERAL ALUMINIO PARA RODAS 400ML,TINTA SPRAY CHEMICOLOR U.G.ALUMINIO P/RODAS 400ML - BASTON,7898436142714,32082011,83000000,UN,2026-09-14T15:34:08Z,19.2,19.2,12270435000720,L. JARDIM & CIA LTDA,CASA JARDIM,BARRO DURO,MACEIO
TINTA,10369,SPRAY CHEMICOLOR VERNIZ USO GERAL INCOLOR BRILHANTE 400ML,TINTA SPRAY USO G VERNIZ 400ML CHEMICOLO UN C/400ML,7898436140703,32082011,83000000,UN,2026-09-10T19:59:12Z,19.2,19.2,12270435000720,L. JARDIM & CIA LTDA,CASA JARDIM,BARRO DURO,MACEIO
TINTA,01380,ESMALTE PREMIUM CORALIT ULTRA RESISTENCIA BRANCO BRILHANTE 225ML CORAL,"TINTA ESM BR 0,225L CORALIT BR CORAL LT0001LT",7891019201754,32089010,83000000,UND,2026-09-15T19:46:23Z,24.0,19.2,12270435000135,L. JARDIM & CIA LTDA,Casas Jardim,CENTRO,MACEIO
TINTA,01413,ESMALTE PREMIUM CORALIT ULTRA RESISTENCIA AZUL DEL RY BRILHANTE 225ML CORAL,"TINTA ESM BR 0,225L CORALIT AZ/DR CORAL LT0001LT",7891019202195,32089010,83000000,UND,2026-09-11T13:52:34Z,24.0,19.28,12270435000801,L. JARDIM & CIA LTDA,Casas Jardim,PAJUCARA,MACEIO
TINTA,CFOP5405,TINTA ACRILICA SOFT 3L BRANCO GELO MEGAO,,7898701773902,32091010,83000000,GL,2026-09-14T18:01:39Z,30.0,19.61,39679671000166,FABIO REGUEIRA COSTA BARBOSA LTDA,RAMOS CONSTRUCOES,CENTRO,MACEIO
TINTA,17307,TINTA CHEMIC U.G. MARROM 400ML BASTON,TINTA SPRAY USO G 400ML MR CHEMICOLOR 04237,7898436141571,32082011,83000000,UN,2026-09-09T17:10:27Z,21.5,19.65,02556423000118,BR PARAFUSOS IMPORTADORA COMERCIAL LTDA,BR PARAFUSOS,CLIMA BOM,MACEIO
TINTA,7891153078656,TINTA ACRILICA BRILH,,0,32091010,83000000,UN,2026-09-15T13:24:03Z,19.7,19.7,06021149000133,PAPEL CENTRAL LTDA - ME,,CENTRO,MACEIO
TINTA,31,TINTA SPRAY USO G 400ML AZ ESCURO CHEMIC,,0,32082011,83000000,UN,2026-09-10T20:59:04Z,20.0,19.714285714285715,13712926000151,M F DE BARROS,CONSTRUCOES BARROS,CLIMA BOM,MACEIO
TINTA,10363,SPRAY CHEMICOLOR USO GERAL VERDE ESCURO 400ML,TINTA SPRAY USO GERAL 400ML VERDE ESCURO - CHEMICOLOR,7898436140635,32082011,83000000,UN,2026-09-12T15:06:09Z,22.0,19.786666666666665,12270435000135,L. JARDIM & CIA LTDA,Casas Jardim,CENTRO,MACEIO
TINTA,10359,SPRAY CHEMICOLOR USO GERAL MARROM 400ML,TINTA SPRAY USO G 400ML MR CHEMICOLOR 04237,7898436141571,32082011,83000000,UN,2026-09-10T15:15:08Z,22.0,19.79,12270435000135,L. JARDIM & CIA LTDA,Casas Jardim,CENTRO,MACEIO
TINTA,10354,SPRAY CHEMICOLOR USO GERAL CINZA CLARO 400ML,TINTA SPRAY CHEMICOLOR USO GERAL CINZA CLARO (EMB. CONTEM 1UN. DE 400ML),7898436146125,32082011,83000000,UN,2026-09-11T18:05:19Z,22.0,19.8,12270435000640,L. JARDIM & CIA LTDA,Casas Jardim,JATIUCA,MACEIO
TINTA,10354,SPRAY CHEMICOLOR USO GERAL CINZA CLARO 400ML,TINTA SPRAY CHEMICOLOR USO GERAL CINZA CLARO (EMB. CONTEM 1UN. DE 400ML),7898436146125,32082011,83000000,UN,2026-09-11T13:44:44Z,19.8,19.8,12270435000720,L. JARDIM & CIA LTDA,CASA JARDIM,BARRO DURO,MACEIO
TINTA,10355,SPRAY CHEMICOLOR USO GERAL CINZA ESCURO 400ML,TINTA SPRAY USO GERAL 400ML CINZA ESCURO - CHEMICOLOR,7898436146132,32082011,83000000,UN,2026-09-11T14:58:14Z,22.0,19.8,12270435000720,L. JARDIM & CIA LTDA,CASA JARDIM,BARRO DURO,MACEIO
TINTA,10361,SPRAY CHEMICOLOR USO GERAL VERDE CLARO 400ML,TINTA SPRAY USO G VD CLARO 400ML CHAMICO 1X400ML CHEMICOLOR,7898436141595,32082011,83000000,UN,2026-09-08T17:17:41Z,22.0,19.8,12270435000720,L. JARDIM & CIA LTDA,CASA JARDIM,BARRO DURO,MACEIO
TINTA,10363,SPRAY CHEMICOLOR USO GERAL VERDE ESCURO 400ML,TINTA SPRAY USO GERAL 400ML VERDE ESCURO - CHEMICOLOR,7898436140635,32082011,83000000,UN,2026-09-09T18:44:06Z,19.8,19.8,12270435000720,L. JARDIM & CIA LTDA,CASA JARDIM,BARRO DURO,MACEIO
TINTA,10366,SPRAY CHEMICOLOR USO GERAL VERMELHO 400ML,TINTA SPRAY USO G VM 400ML CHEMICOLOR 1X400ML CHEMICOLOR,7898436140642,32082011,83000000,UN,2026-09-14T12:34:32Z,19.8,19.8,12270435001026,L. JARDIM & CIA LTDA,Casas Jardim,FAROL,MACEIO
TINTA,10366,SPRAY CHEMICOLOR USO GERAL VERMELHO 400ML,TINTA SPRAY USO G VM 400ML CHEMICOLOR 1X400ML CHEMICOLOR,7898436140642,32082011,83000000,UN,2026-09-15T13:12:37Z,22.0,19.8,12270435000135,L. JARDIM & CIA LTDA,Casas Jardim,CENTRO,MACEIO
TINTA,10356,SPRAY CHEMICOLOR USO GERAL AMARELO 400ML,TINTA SPRAY USO G AM 400ML CHEMICOLOR 1X400ML CHEMICOLOR,7898436140567,32082011,83000000,UN,2026-09-14T12:34:32Z,19.8,19.8,12270435001026,L. JARDIM & CIA LTDA,Casas Jardim,FAROL,MACEIO
TINTA,10359,SPRAY CHEMICOLOR USO GERAL MARROM 400ML,TINTA SPRAY USO G 400ML MR CHEMICOLOR 04237,7898436141571,32082011,83000000,UN,2026-09-14T18:43:28Z,22.0,19.8,12270435001026,L. JARDIM & CIA LTDA,Casas Jardim,FAROL,MACEIO
TINTA,10366,SPRAY CHEMICOLOR USO GERAL VERMELHO 400ML,TINTA SPRAY USO G VM 400ML CHEMICOLOR 1X400ML CHEMICOLOR,7898436140642,32082011,83000000,UN,2026-09-12T13:25:38Z,22.0,19.8,12270435000640,L. JARDIM & CIA LTDA,Casas Jardim,JATIUCA,MACEIO
TINTA,07898543380917,TINTA SPRAY PTO FOSCO TEKBOND,TINTA AEROSSOL PRETO FOSCO USO GERAL 350 ML/250G REF 23001006900,7898543380917,32082019,83000000,UN,2026-09-15T19:17:56Z,23.0,19.872,38430818000117,PARAFUZETA MATERIAIS DE CONSTRUCOES E MULTICOISAS LTDA,PARAFUZETA MULTICOISAS,JATIUCA,MACEIO
TINTA,7898543380931,TINTA SPRAY BRANCO BRILHANTE TEK BOND,TINTA AEROSSOL BRANCO BRILHANTE USO GERAL 350 ML/250G REF 23021006900,7898543380931,32082019,83000000,un,2026-09-09T13:08:40Z,21.0,19.88,24163873000183,CAMILA S DA L NASCIMENTO,,FEITOSA,MACEIO
TINTA,32093,TINTA AER AZ CL USO GERAL 350ML - 1X350ML,TINTA AEROSSOL AZUL CLARO USO GERAL 350 ML/250G REF 23071006900,7898543380986,32082019,83000000,UN,2026-09-09T13:25:15Z,19.9,19.9,49511063000100,LOJAS FELICIA LTDA,LOJAS FELICIA,Centro,MACEIO
TINTA,32311,TINTA AER BR BRILHANTE USO GERAL 350ML - 1X350ML,TINTA AEROSSOL BRANCO BRILHANTE USO GERAL 350 ML/250G REF 23021006900,7898543380931,32082019,83000000,UN,2026-09-15T14:27:30Z,19.9,19.9,49511063000100,LOJAS FELICIA LTDA,LOJAS FELICIA,Centro,MACEIO
TINTA,32349,TINTA AER MR USO GERAL 350ML - 1X350ML,TINTA SUPER COLOR MARROM USO GERAL SPRAY TEK BOND REF: 28517,7898543381112,32082019,83000000,UN,2026-09-15T14:27:30Z,19.9,19.9,49511063000100,LOJAS FELICIA LTDA,LOJAS FELICIA,Centro,MACEIO
TINTA,32371,TINTA AER PT FOSCO USO GERAL 350ML - 1X350ML,TINTA AEROSSOL PRETO FOSCO USO GERAL 350 ML/250G REF 23001006900,7898543380917,32082019,83000000,UN,2026-09-08T14:46:27Z,19.9,19.9,49511063000100,LOJAS FELICIA LTDA,LOJAS FELICIA,Centro,MACEIO
TINTA,32418,TINTA AER VD USO GERAL 350ML - 1X350ML,TINTA AEROSSOL VERDE USO GERAL 350 ML/250G REF 23161006900,7898543381075,32082019,83000000,UN,2026-09-14T16:11:43Z,19.9,19.9,49511063000100,LOJAS FELICIA LTDA,LOJAS FELICIA,Centro,MACEIO
TINTA,32423,TINTA AER VM USO GERAL 350ML - 1X350ML,TINTA AEROSSOL VERMELHO USO GERAL 350 ML/250G REF 23041006900,7898543380955,32082019,83000000,UN,2026-09-12T15:40:35Z,19.9,19.9,49511063000100,LOJAS FELICIA LTDA,LOJAS FELICIA,Centro,MACEIO
TINTA,32311,TINTA AER BR BRILHANTE USO GERAL 350ML - 1X350ML,TINTA AEROSSOL BRANCO BRILHANTE USO GERAL 350 ML/250G REF 23021006900,7898543380931,32082019,83000000,UN,2026-09-12T20:12:47Z,19.9,19.9,01888146000340,COMERCIAL DE EMBALAGENS DESCARTAVEIS E FESTAS LTDA - EPP,,JATIUCA,MACEIO
TINTA,32312,TINTA AER BR FOSCO USO GERAL 350ML - 1X350ML,TINTA AEROSSOL BRANCO FOSCO USO GERAL 350 ML/250G REF 23101006900,7898543381013,32082019,83000000,UN,2026-09-12T13:20:21Z,19.9,19.9,01888146000340,COMERCIAL DE EMBALAGENS DESCARTAVEIS E FESTAS LTDA - EPP,,JATIUCA,MACEIO
TINTA,32371,TINTA AER PT FOSCO USO GERAL 350ML - 1X350ML,TINTA AEROSSOL PRETO FOSCO USO GERAL 350 ML/250G REF 23001006900,7898543380917,32082019,83000000,UN,2026-09-14T19:36:08Z,19.9,19.9,01888146000340,COMERCIAL DE EMBALAGENS DESCARTAVEIS E FESTAS LTDA - EPP,,JATIUCA,MACEIO
TINTA,32307,TINTA AER BEGE USO GERAL 350ML - 1X350ML,TINTA SUPER COLOR BEGE USO GERAL SPRAY TEK BOND,7898543381099,32082019,83000000,UN,2026-09-14T22:08:54Z,19.9,19.9,01888146000420,COMERCIAL DE EMBALAGENS DESCARTAVEIS E FESTAS LTDA - EPP,FELICIA,ANTARES,MACEIO
TINTA,32311,TINTA AER BR BRILHANTE USO GERAL 350ML - 1X350ML,TINTA AEROSSOL BRANCO BRILHANTE USO GERAL 350 ML/250G REF 23021006900,7898543380931,32082019,83000000,UN,2026-09-15T16:27:52Z,19.9,19.9,01888146000420,COMERCIAL DE EMBALAGENS DESCARTAVEIS E FESTAS LTDA - EPP,FELICIA,ANTARES,MACEIO
TINTA,32312,TINTA AER BR FOSCO USO GERAL 350ML - 1X350ML,TINTA AEROSSOL BRANCO FOSCO USO GERAL 350 ML/250G REF 23101006900,7898543381013,32082019,83000000,UN,2026-09-15T15:32:20Z,19.9,19.9,01888146000420,COMERCIAL DE EMBALAGENS DESCARTAVEIS E FESTAS LTDA - EPP,FELICIA,ANTARES,MACEIO
TINTA,32349,TINTA AER MR USO GERAL 350ML - 1X350ML,TINTA SUPER COLOR MARROM USO GERAL SPRAY TEK BOND REF: 28517,7898543381112,32082019,83000000,UN,2026-09-14T22:08:54Z,19.9,19.9,01888146000420,COMERCIAL DE EMBALAGENS DESCARTAVEIS E FESTAS LTDA - EPP,FELICIA,ANTARES,MACEIO
TINTA,32362,TINTA AER PT BRILHANTE USO GERAL 350ML - 1X350ML,"TINTA SPRAY USOGERAL PR BRILHO 350ML - TEKBOND,ONU 1950,AEROSOIS - PIRETROIDES,SUBCLASSE 2.1,(CLASSE",7898543380924,32082019,83000000,UN,2026-09-16T19:43:57Z,19.9,19.9,01888146000420,COMERCIAL DE EMBALAGENS DESCARTAVEIS E FESTAS LTDA - EPP,FELICIA,ANTARES,MACEIO
TINTA,32371,TINTA AER PT FOSCO USO GERAL 350ML - 1X350ML,TINTA AEROSSOL PRETO FOSCO USO GERAL 350 ML/250G REF 23001006900,7898543380917,32082019,83000000,UN,2026-09-12T18:08:20Z,19.9,19.9,01888146000420,COMERCIAL DE EMBALAGENS DESCARTAVEIS E FESTAS LTDA - EPP,FELICIA,ANTARES,MACEIO
TINTA,32050,TINTA AER ALUMINIO USO GERAL 350ML - 1X350ML,"TINTA SPRAY USOGERAL ALUMINIO 350ML - TEKBOND,ONU 1950,AEROSOIS - PIRETROIDES,SUBCLASSE 2.1,(CLASSE",7898543380948,32082019,83000000,UN,2026-09-15T21:15:21Z,19.9,19.9,49511063000282,LOJAS FELICIA LTDA,LOJAS FELICIA,JACINTINHO,MACEIO
TINTA,32311,TINTA AER BR BRILHANTE USO GERAL 350ML - 1X350ML,TINTA AEROSSOL BRANCO BRILHANTE USO GERAL 350 ML/250G REF 23021006900,7898543380931,32082019,83000000,UN,2026-09-09T20:32:04Z,19.9,19.9,49511063000282,LOJAS FELICIA LTDA,LOJAS FELICIA,JACINTINHO,MACEIO
TINTA,32312,TINTA AER BR FOSCO USO GERAL 350ML - 1X350ML,TINTA AEROSSOL BRANCO FOSCO USO GERAL 350 ML/250G REF 23101006900,7898543381013,32082019,83000000,UN,2026-09-15T11:14:38Z,19.9,19.9,49511063000282,LOJAS FELICIA LTDA,LOJAS FELICIA,JACINTINHO,MACEIO
TINTA,32362,TINTA AER PT BRILHANTE USO GERAL 350ML - 1X350ML,"TINTA SPRAY USOGERAL PR BRILHO 350ML - TEKBOND,ONU 1950,AEROSOIS - PIRETROIDES,SUBCLASSE 2.1,(CLASSE",7898543380924,32082019,83000000,UN,2026-09-11T14:09:33Z,19.9,19.9,49511063000282,LOJAS FELICIA LTDA,LOJAS FELICIA,JACINTINHO,MACEIO
TINTA,32371,TINTA AER PT FOSCO USO GERAL 350ML - 1X350ML,TINTA AEROSSOL PRETO FOSCO USO GERAL 350 ML/250G REF 23001006900,7898543380917,32082019,83000000,UN,2026-09-16T18:40:13Z,19.9,19.9,49511063000282,LOJAS FELICIA LTDA,LOJAS FELICIA,JACINTINHO,MACEIO
TINTA,32418,TINTA AER VD USO GERAL 350ML - 1X350ML,TINTA AEROSSOL VERDE USO GERAL 350 ML/250G REF 23161006900,7898543381075,32082019,83000000,UN,2026-09-16T14:30:14Z,19.9,19.9,49511063000282,LOJAS FELICIA LTDA,LOJAS FELICIA,JACINTINHO,MACEIO
TINTA,7898543380924,TINTA SPRAY PRETO BRILHANTE 350ML TEKBOND,,0,32082019,83000000,UN,2026-09-14T20:56:17Z,19.9,19.9,00837552000159,JOSE CARLOS DOS SANTOS CONSTRUCAO LTDA,GG CASA & CONSTRUCAO,CLIMA BOM,MACEIO
TINTA,32050,TINTA AER ALUMINIO USO GERAL 350ML - 1X350ML,"TINTA SPRAY USOGERAL ALUMINIO 350ML - TEKBOND,ONU 1950,AEROSOIS - PIRETROIDES,SUBCLASSE 2.1,(CLASSE",7898543380948,32082019,83000000,UN,2026-09-10T17:18:36Z,19.9,19.9,01888146000188,COMERCIAL DE EMBALAGENS DESCARTAVEIS E FESTAS LTDA - EPP,FELICIA,JATIUCA,MACEIO
TINTA,32093,TINTA AER AZ CL USO GERAL 350ML - 1X350ML,TINTA AEROSSOL AZUL CLARO USO GERAL 350 ML/250G REF 23071006900,7898543380986,32082019,83000000,UN,2026-09-08T16:56:56Z,19.9,19.9,01888146000188,COMERCIAL DE EMBALAGENS DESCARTAVEIS E FESTAS LTDA - EPP,FELICIA,JATIUCA,MACEIO
TINTA,32301,TINTA AER AZ USO GERAL 350ML - 1X350ML,TINTA AEROSSOL AZUL BRIL USO GERAL 350ML/250G COD 23081006900,7898543380993,32082019,83000000,UN,2026-09-08T20:19:09Z,19.9,19.9,01888146000188,COMERCIAL DE EMBALAGENS DESCARTAVEIS E FESTAS LTDA - EPP,FELICIA,JATIUCA,MACEIO
TINTA,32312,TINTA AER BR FOSCO USO GERAL 350ML - 1X350ML,TINTA AEROSSOL BRANCO FOSCO USO GERAL 350 ML/250G REF 23101006900,7898543381013,32082019,83000000,UN,2026-09-15T15:35:18Z,19.9,19.9,01888146000188,COMERCIAL DE EMBALAGENS DESCARTAVEIS E FESTAS LTDA - EPP,FELICIA,JATIUCA,MACEIO
TINTA,32322,TINTA AER GELO USO GERAL 350ML - 1X350ML,TINTA SPRAY USO G 350ML BR GELO TEK BOND NAO CADASTRAVEL,7898543381020,32082019,83000000,UN,2026-09-08T20:27:45Z,19.9,19.9,01888146000188,COMERCIAL DE EMBALAGENS DESCARTAVEIS E FESTAS LTDA - EPP,FELICIA,JATIUCA,MACEIO
TINTA,32348,TINTA AER LJ USO GERAL 350ML - 1X350ML,TINTA AEROSSOL LARANJA USO GERAL 350 ML/250G COD 23131006900,7898543381044,32082019,83000000,UN,2026-09-12T20:19:30Z,19.9,19.9,01888146000188,COMERCIAL DE EMBALAGENS DESCARTAVEIS E FESTAS LTDA - EPP,FELICIA,JATIUCA,MACEIO
TINTA,32349,TINTA AER MR USO GERAL 350ML - 1X350ML,TINTA SUPER COLOR MARROM USO GERAL SPRAY TEK BOND REF: 28517,7898543381112,32082019,83000000,UN,2026-09-15T13:23:11Z,19.9,19.9,01888146000188,COMERCIAL DE EMBALAGENS DESCARTAVEIS E FESTAS LTDA - EPP,FELICIA,JATIUCA,MACEIO
TINTA,32362,TINTA AER PT BRILHANTE USO GERAL 350ML - 1X350ML,"TINTA SPRAY USOGERAL PR BRILHO 350ML - TEKBOND,ONU 1950,AEROSOIS - PIRETROIDES,SUBCLASSE 2.1,(CLASSE",7898543380924,32082019,83000000,UN,2026-09-11T19:34:29Z,19.9,19.9,01888146000188,COMERCIAL DE EMBALAGENS DESCARTAVEIS E FESTAS LTDA - EPP,FELICIA,JATIUCA,MACEIO
TINTA,32371,TINTA AER PT FOSCO USO GERAL 350ML - 1X350ML,TINTA AEROSSOL PRETO FOSCO USO GERAL 350 ML/250G REF 23001006900,7898543380917,32082019,83000000,UN,2026-09-16T17:56:01Z,19.9,19.9,01888146000188,COMERCIAL DE EMBALAGENS DESCARTAVEIS E FESTAS LTDA - EPP,FELICIA,JATIUCA,MACEIO
TINTA,32408,TINTA AER RS USO GERAL 350ML - 1X350ML,SPRAY SUPER COLOR ROSA 350 ML/250G TEKBOND REF: 23141006900,7898543381051,32082019,83000000,UN,2026-09-09T16:47:37Z,19.9,19.9,01888146000188,COMERCIAL DE EMBALAGENS DESCARTAVEIS E FESTAS LTDA - EPP,FELICIA,JATIUCA,MACEIO
TINTA,32418,TINTA AER VD USO GERAL 350ML - 1X350ML,TINTA AEROSSOL VERDE USO GERAL 350 ML/250G REF 23161006900,7898543381075,32082019,83000000,UN,2026-09-10T19:58:22Z,19.9,19.9,01888146000188,COMERCIAL DE EMBALAGENS DESCARTAVEIS E FESTAS LTDA - EPP,FELICIA,JATIUCA,MACEIO
TINTA,32423,TINTA AER VM USO GERAL 350ML - 1X350ML,TINTA AEROSSOL VERMELHO USO GERAL 350 ML/250G REF 23041006900,7898543380955,32082019,83000000,UN,2026-09-10T13:03:46Z,19.9,19.9,01888146000188,COMERCIAL DE EMBALAGENS DESCARTAVEIS E FESTAS LTDA - EPP,FELICIA,JATIUCA,MACEIO
TINTA,7898543381044,TINTA AEROSOL SUPER COLOR LARANJA 350M TEK BOND REF 23131006900,,0,32082019,83000000,UN,2026-09-14T17:10:33Z,19.95,19.95,02488201000296,M A P TENORIO COMERCIO LTDA,FOLIA,CENTRO,MACEIO
TINTA,6353,TINTA SPRAY USOGERAL BR BRILHO 350ML - TEKBOND,,17898543380938,32082019,83000000,PC,2026-09-15T19:25:26Z,21.0,19.95,04342949000120,ACESSORIOS MINEIRAO PECAS E SERVICOS LTDA,,CIDADE UNIVERSITARIA,MACEIO
TINTA,0000000052738,TINTA SPRAY TEKBOND VERMELHO 350ML,,7898543380955,32082011,83000000,UN,2026-09-16T12:11:33Z,19.99,19.99,51997114000199,SUPERMERCADO BOA VISTA LTDA,,Clima Bom,MACEIO
TINTA,0000000054293,TINTA SPRAY TEKBOND ALTA TEMP PRETO 350ML,,7898543381167,32082011,83000000,UN,2026-09-11T16:02:16Z,19.99,19.99,51997114000199,SUPERMERCADO BOA VISTA LTDA,,Clima Bom,MACEIO
TINTA,0000000041921,TINTA SPRAY TEKBOND BRANCO BRILHANTE 350ML,,7898543380931,32082011,83000000,UN,2026-09-11T11:55:27Z,19.99,19.99,51997114000199,SUPERMERCADO BOA VISTA LTDA,,Clima Bom,MACEIO
TINTA,23346,TINTA SPRAY ALTA TEMP.BR FOSCO 400ML IQU,TINTA SPRAY ALT TEMP 350ML BR/FC IQUINE SP0001SP,7899674031877,32082011,83000000,UN,2026-09-10T13:32:24Z,19.99,19.99,70015672000156,ENCONTRO DO SOL HOME CENTER LTDA,ENCONTRO DO SOL HOME CENTER,TABULEIRO DO MARTINS,MACEIO
TINTA,31054,REMOVEDOR DE TINTAS SPRAY 340ML 220G ORB,REMOVEDOR DE TINTAS SPRAY 340ML/220G ORBI QUIMICA REF.12606,7898314119135,38140090,83000000,UN,2026-09-14T14:44:59Z,19.99,19.99,70015672000156,ENCONTRO DO SOL HOME CENTER LTDA,ENCONTRO DO SOL HOME CENTER,TABULEIRO DO MARTINS,MACEIO
TINTA,53259,TINTA SPRAY PT BRILHANTE 340ML ORBI QUIM,TINTA SPRAY PR BR USO GERAL 340/ML/190 WHITE COLOR,7898314112709,32082011,83000000,UN,2026-09-16T19:41:46Z,19.99,19.99,70015672000156,ENCONTRO DO SOL HOME CENTER LTDA,ENCONTRO DO SOL HOME CENTER,TABULEIRO DO MARTINS,MACEIO
TINTA,53260,TINTA SPRAY BR BRILHANTE 340ML ORBI QUIM,TINTA SPRAY USO GERAL BRANCO BRILH 340ML/220G ORBI SERIE: 6693,7898314112716,32082011,83000000,UN,2026-09-15T18:30:26Z,19.99,19.99,70015672000156,ENCONTRO DO SOL HOME CENTER LTDA,ENCONTRO DO SOL HOME CENTER,TABULEIRO DO MARTINS,MACEIO
TINTA,58424,TINTA SPRAY U.G.340ML ALUMINIO ORBI QUIM,TINTA PRETO FOSCO 340ML 220G TINTA ALUMINIO COD 6695,7898314112730,32082011,83000000,UN,2026-09-10T20:43:18Z,19.99,19.99,70015672000156,ENCONTRO DO SOL HOME CENTER LTDA,ENCONTRO DO SOL HOME CENTER,TABULEIRO DO MARTINS,MACEIO
TINTA,58425,TINTA SPRAY U.G.340ML AMARELO ORBI QUIMI,TINTA SPRAY AMARELO WHITE COLOR 340ML/220G+,7898314112747,32082011,83000000,UN,2026-09-14T18:20:31Z,19.99,19.99,70015672000156,ENCONTRO DO SOL HOME CENTER LTDA,ENCONTRO DO SOL HOME CENTER,TABULEIRO DO MARTINS,MACEIO
TINTA,130737,TINTA CHEMICOLOR BCO BRILH 400ML,T SPRAY USO G BR BRILHANTE 400ML CHEMIC 1X400ML CHEMICOLOR,7898436140581,32082011,83000000,UN,2026-09-08T18:06:05Z,19.99,19.99,30871046000147,SHOW DE PRECOS COMERCIO DE ALIMENTOS LTDA,SHOW DE PRECOS,ANTARES,MACEIO
TINTA,313648,TINTA SPRAY U GER 400ML AL IQUINE,,7908886505479,32082011,83000000,SP,2026-09-13T11:07:01Z,19.99,19.99,00279531000670,TUPAN CONSTRUCOES LTDA,,JARDIM PETROPOLIS,MACEIO
TINTA,313649,TINTA SPRAY U GER 400ML AM IQUINE SP0001SP,,7908886505486,32082011,83000000,SP,2026-09-11T15:56:29Z,19.99,19.99,00279531000670,TUPAN CONSTRUCOES LTDA,,JARDIM PETROPOLIS,MACEIO
TINTA,313650,TINTA SPRAY U GER 400ML AZ/CL IQUINE SP0001SP,,7908886505493,32082011,83000000,SP,2026-09-11T15:56:29Z,19.99,19.99,00279531000670,TUPAN CONSTRUCOES LTDA,,JARDIM PETROPOLIS,MACEIO
TINTA,313652,TINTA SPRAY U GER 400ML BR IQUINE SP0001SP,,7908886505516,32082011,83000000,SP,2026-09-14T17:00:10Z,19.99,19.99,00279531000670,TUPAN CONSTRUCOES LTDA,,JARDIM PETROPOLIS,MACEIO
TINTA,313653,TINTA SPRAY U GER 400ML BRFC IQUINE,,7908886505523,32082011,83000000,SP,2026-09-13T17:54:41Z,19.99,19.99,00279531000670,TUPAN CONSTRUCOES LTDA,,JARDIM PETROPOLIS,MACEIO
TINTA,313654,TINTA SPRAY U GER 400ML CZ/CL IQUINE SP0001SP,,7908886505530,32082011,83000000,SP,2026-09-15T21:37:55Z,19.99,19.99,00279531000670,TUPAN CONSTRUCOES LTDA,,JARDIM PETROPOLIS,MACEIO
TINTA,313658,TINTA SPRAY U GER 400ML PT IQUINE SP0001SP,,7908886505578,32082011,83000000,SP,2026-09-15T14:36:53Z,19.99,19.99,00279531000670,TUPAN CONSTRUCOES LTDA,,JARDIM PETROPOLIS,MACEIO
TINTA,313659,TINTA SPRAY U GER 400ML PT/FC IQUINE SP0001SP,,7908886505585,32082011,83000000,SP,2026-09-11T17:25:53Z,19.99,19.99,00279531000670,TUPAN CONSTRUCOES LTDA,,JARDIM PETROPOLIS,MACEIO
TINTA,490644,Tinta Spray Tek Bond,TINTA AEROSSOL PRETO FOSCO USO GERAL 350 ML/250G REF 23001006900,7898543380917,32082019,83000000,UN,2026-09-16T18:54:14Z,19.99,19.99,46185347000157,SUPERMERCADO PONTO CERTO GRACILIANO LTDA,SUPERMERCADO PONTO CERTO,CIDADE UNIVERSITARIA,MACEIO
TINTA,313660,TINTA SPRAY U GER 400ML SB PT IQUINE SP0001SP,,7908886505592,32082011,83000000,SP,2026-09-14T11:46:36Z,19.99,19.99,00279531000670,TUPAN CONSTRUCOES LTDA,,JARDIM PETROPOLIS,MACEIO
TINTA,490636,Tinta Spray Tek Bond,"TINTA SPRAY USOGERAL PR BRILHO 350ML - TEKBOND,ONU 1950,AEROSOIS - PIRETROIDES,SUBCLASSE 2.1,(CLASSE",7898543380924,32082019,83000000,UN,2026-09-09T22:21:26Z,19.99,19.99,46185347000157,SUPERMERCADO PONTO CERTO GRACILIANO LTDA,SUPERMERCADO PONTO CERTO,CIDADE UNIVERSITARIA,MACEIO
TINTA,10365,SPRAY CHEMICOLOR USO GERAL VIOLETA CLARO 400ML,TINTA SPRAY CHEMI COLOR VIOLETA CLARO VIOLET EDITION 400ML,7898436147832,32082011,83000000,UN,2026-09-10T18:16:35Z,22.0,20.0,12270435000801,L. JARDIM & CIA LTDA,Casas Jardim,PAJUCARA,MACEIO
TINTA,10369,SPRAY CHEMICOLOR VERNIZ USO GERAL INCOLOR BRILHANTE 400ML,TINTA SPRAY USO G VERNIZ 400ML CHEMICOLO UN C/400ML,7898436140703,32082011,83000000,UN,2026-09-11T14:28:29Z,24.0,20.0,12270435000801,L. JARDIM & CIA LTDA,Casas Jardim,PAJUCARA,MACEIO
TINTA,328,TINTA SPRAY ORBISPRAY BRANCO BRILHANTE 340ML\220G - ORBI,,0,32082011,83000000,UN,2026-09-08T13:32:51Z,20.0,20.0,09309774000173,ELIANA GONCALVES BARROS - ME,BARROS CONSTRUCOES,T DOS MARTINS,MACEIO
TINTA,000264,TINTA SPRAY VERDE CLARO CHEMICOLO,TINTA SPRAY USO G VD CLARO 400ML CHAMICO 1X400ML CHEMICOLOR,7898436141595,32082011,83000000,UN,2026-09-16T11:25:11Z,20.0,20.0,12832317000173,ANTONIO SOARES MACHADO -  ME,ELETRO SOARES,LEVADA,MACEIO
TINTA,000358,TINTA SPRAY AZUL ESCURO CHEMICOLO,T SPRAY USO G AZ ESCURO 400ML CHEMICO 1X400ML CHEMICOLOR,7898436141618,32082011,83000000,UN,2026-09-13T11:44:42Z,20.0,20.0,12832317000173,ANTONIO SOARES MACHADO -  ME,ELETRO SOARES,LEVADA,MACEIO
TINTA,000360,TINTA SPRAY BRANCO BRILHANTE CHEMICOLO,T SPRAY USO G BR BRILHANTE 400ML CHEMIC 1X400ML CHEMICOLOR,7898436140581,32082011,83000000,UN,2026-09-13T12:26:05Z,20.0,20.0,12832317000173,ANTONIO SOARES MACHADO -  ME,ELETRO SOARES,LEVADA,MACEIO
TINTA,000361,TINTA SPRAY PRETO BRILHANTE CHEMICOLO,T SPRAY USO G PT BRILHANTE 400ML CHEMICO 1X400ML CHEMICOLOR,7898436140611,32082011,83000000,UN,2026-09-16T11:25:11Z,20.0,20.0,12832317000173,ANTONIO SOARES MACHADO -  ME,ELETRO SOARES,LEVADA,MACEIO
TINTA,14726,ESMALTE SINTETICO AZ CELESTE 900ML DIALI,"DIALINE SECA RAP AZUL CELESTE 900ML - COD.ONU 1263 CL.RISCO 3,0 GR.EMB III TINTA CONTENDO SOLVENTE ORGANICO.",7892948007608,32081010,83000000,UN,2026-09-16T12:42:26Z,39.99,20.0,70015672000156,ENCONTRO DO SOL HOME CENTER LTDA,ENCONTRO DO SOL HOME CENTER,TABULEIRO DO MARTINS,MACEIO
TINTA,31756,TINTA SPRAY PRETO FOSCO 340ML/220G,TINTA SPRAY PR FO USO GERAL 340ML/190G WHITE COLOR,7898314112693,32082011,83000000,UN,2026-09-11T18:15:22Z,22.22,20.0,01730681000106,COMPLEMENTO AUTO PECAS LTDA - EPP,COMPLEMENTO AUTO PECAS,TABULEIRO DO MARTINS,MACEIO
TINTA,003444,TINTA AEROSSOL PR BRILH USO GERAL 350ML TEKBOND,"TINTA SPRAY USOGERAL PR BRILHO 350ML - TEKBOND,ONU 1950,AEROSOIS - PIRETROIDES,SUBCLASSE 2.1,(CLASSE",7898543380924,32082019,83000000,UNIDA,2026-09-12T12:59:45Z,20.0,20.0,28676399000144,SM DE BRITO - LTDA,SHOP VINIL,FAROL,MACEIO
TINTA,13388,TINTA SPRAY PRATA MET TEKBOND,,0,32082019,83000000,UND,2026-09-11T20:40:37Z,29.9,20.0,28880303000165,MACEIO MADEIRAS,,PINHEIRO,MACEIO
TINTA,2457,TINTA ACRILICA INT 5L CONCRETO,,0,32091010,83000000,BB,2026-09-11T17:09:43Z,20.0,20.0,29217117000103,COMERCIAL MIRELI,COMERCIAL MIRELI,CIDADE UNIVERSITARIA,MACEIO
TINTA,8122,TINTA SPRAY U GER 400ML PTBRI PAINTCOLO,,7899674036391,32082011,83000000,PC,2026-09-10T21:16:16Z,20.0,20.0,56952576000103,S DE L S SOUZA,JL Construções,Chã da Jaqueira,MACEIO
TINTA,003915,TINTA SPRAY TEKBOND 350 PRETO FOSCO COD. 23698,TINTA AEROSSOL PRETO FOSCO USO GERAL 350 ML/250G REF 23001006900,7898543380917,32082011,83000000,UND,2026-09-10T15:10:53Z,25.0,20.0,05453613000106,CORREIA E CIPRIANO LTDA  -  ME,SERCOM FRIO,TAB DOS MARTINS,MACEIO
TINTA,5153,TINTA SPRAY USO G 350ML VM NORDESTIN,,0,32082019,83000000,UN,2026-09-14T21:09:36Z,20.0,20.0,05087080000188,ROSIMEIRE DA SILVA SANTOS - EPP,KOMANDO CONSTRUCOES,CIDADE UNIVESITARIA,MACEIO
TINTA,3338,TINTA SPRAY KALA PT.FOSCO,,0,32082019,83000000,UN,2026-09-15T17:04:44Z,20.0,20.0,08443921000130,LOJA BELO MONTE LTDA,BELO MONTE,PONTA DA TERRA,MACEIO
TINTA,1788,TINTA SPRAY CHEMICOLOR PTO BRILH USO GERAL 400ML  -  REF 0680092,T SPRAY USO G PT BRILHANTE 400ML CHEMICO 1X400ML CHEMICOLOR,7898436140611,32082011,83000000,CX6,2026-09-15T13:26:52Z,20.0,20.0,32011972000178,JOSIVAL VALDEVINO,,BENEDITO BENTES,MACEIO
TINTA,9716,Tinta spray uso geral verniz incolor Chemicolor 400ml /,TINTA SPRAY USO G VERNIZ 400ML CHEMICOLO UN C/400ML,7898436140703,32082011,83000000,UN,2026-09-09T15:59:02Z,20.0,20.0,31581137000100,LARISSA MAYARA SAPUCAIA DOS SANTOS,MAYARA CONSTRUCOES,CENTRO,MACEIO
TINTA,545,SPRAY UG VERMELHO 400ML CHEMICOLOR,TINTA SPRAY USO G VM 400ML CHEMICOLOR 1X400ML CHEMICOLOR,7898436140642,32082011,83000000,UN,2026-09-16T13:13:53Z,20.0,20.0,65565568000103,ANNE C A DE OLIVEIRA,PLASTFERRO CONSTRUÇÕES,Jacintinho,MACEIO
TINTA,6211,TINTA SPRAY 350ML PT BRILH U.G - NORDESTIN,,7890000062114,32082019,83000000,UN,2026-09-12T16:01:47Z,20.0,20.0,35741347000170,D & R MATERIAIS DE CONSTRUCAO LTDA - ME,R & R CONSTRUCOES,RIO NOVO,MACEIO
TINTA,999921526,TINTA SPRAY 400ML MUNDIAL PRIME UG PRETO BRIL.3197,,0,32082019,83000000,UN,2026-09-09T14:40:20Z,22.0,20.0,09436511000125,PONTO DAS FERRAMENTAS LTDA - ME,PONTO DAS FERRAMENTAS,JARDIM PETROPOLIS,MACEIO
TINTA,17679,*TINTA SPRAY PEGUZE BART PTO FOSCO USO GER 300ML  -  REF 51388,,17897208696032,32082011,83000000,UN,2026-09-11T16:49:26Z,20.0,20.0,34519968000140,GALPAO DA CONSTRUCAO LTDA,GALPAO DA CONSTRUCAO,CIDADE UNIVERSITARIA,MACEIO
TINTA,MLB4412659463,Spray Aluminio Uso Geral - Tekbond,"TINTA SPRAY USOGERAL ALUMINIO 350ML - TEKBOND,ONU 1950,AEROSOIS - PIRETROIDES,SUBCLASSE 2.1,(CLASSE",7898543380948,32082019,83000000,UN,2026-09-13T10:37:50Z,20.0,20.0,63160728000109,JOSE CARLOS CORDEIRO DA SILVA,J C CORDEIRO,Jacintinho,MACEIO
TINTA,005363,SPRAY TEKBOND U.GERAL BRANCO FOSCO 350ML,TINTA AEROSSOL BRANCO FOSCO USO GERAL 350 ML/250G REF 23101006900,7898543381013,32082019,83000000,UN,2026-09-09T11:53:48Z,20.0,20.0,37852263000139,L QUEIROZ DE ARAUJO,QUEIROZ CONSTRUCAO,TABULEIRO DO MARTINS,MACEIO
TINTA,002806,TINTA SPRAY USO GERAL 400ML ALUMINIO CHEMICOLOR*,T SPRAY USO G ALUMINIO 400ML CHEMICOLOR 1X400ML CHEMICOLOR,7898436140550,32089010,83000000,UN,2026-09-09T13:31:13Z,20.0,20.0,12024911000138,I. SILVA SANTOS CONSTRUCOES,VAL CONSTRUCOES,CIDADE UNIVERSITARIA,MACEIO
TINTA,002821,TINTA SPRAY USO GERAL 400ML VIOLETA ESCURO CHEMICOLOR*,TINTA SPRAY USO G 400ML VIOLETA ESCUR CH UN C/400ML,7898436147825,32089010,83000000,UN,2026-09-10T20:46:04Z,20.0,20.0,12024911000138,I. SILVA SANTOS CONSTRUCOES,VAL CONSTRUCOES,CIDADE UNIVERSITARIA,MACEIO
TINTA,011128,TINTA SPRAY METALICA 250ML ROSE GOLD CHEMICOLOR*,,7899674039767,32089010,83000000,UN,2026-09-12T21:07:39Z,20.0,20.0,12024911000138,I. SILVA SANTOS CONSTRUCOES,VAL CONSTRUCOES,CIDADE UNIVERSITARIA,MACEIO
TINTA,011133,VERNIZ BRILHANTE 350 ML TEK BOND*,"TINTA SPRAY USOGERAL VERNIZ 350ML - TEKBOND,ONU 1950,AEROSOIS - PIRETROIDES,SUBCLASSE 2.1,(CLASSE 2)",7898543381082,32091010,83000000,UND,2026-09-10T17:21:59Z,20.0,20.0,12024911000138,I. SILVA SANTOS CONSTRUCOES,VAL CONSTRUCOES,CIDADE UNIVERSITARIA,MACEIO
TINTA,1923,TINTA SPRAY U GER 400ML VT/ES CHEMICOLOR,,0,32082011,83000000,SP,2026-09-08T17:35:21Z,20.0,20.0,41226107000130,AZEVEDO CONSTRUCOES LTDA,AZEVEDO CONSTRUCOES,TABULEIRO DO MARTINS,MACEIO
TINTA,2306,TINTA SPRAY 350ML VERMELHO NORDESTIN,,7890000023061,32082019,83000000,UN,2026-09-12T12:27:15Z,20.0,20.0,14083187000149,LUIZ RAMOS DE VASCONCELOS,,BENEDITO BENTES,MACEIO
TINTA,8,TINTA SPRAY 400ML PRETO BRIL - CHEMICOLOR,,0,32082011,83000000,UN,2026-09-11T12:54:25Z,20.0,20.0,19164559000185,DAKAZA COMERCIO DE MATERIAIS DE CONSTRUCAO LTDA - ME,DAKAZA,TRAPICHE DA BARRA,MACEIO
TINTA,580,TINTA SPRAY 400ML U.G PT BRILH CHEMICOLOR,,0,32082011,83000000,UN,2026-09-14T17:26:06Z,20.0,20.0,42524555000182,MARTA DE LIMA CARDOZO,TM CONSTRUCOES,OURO PRETO,MACEIO
TINTA,1256,TINTA SPRAY 400ML U. G. VERM - CHEMICOLO,,0,32082011,83000000,UN,2026-09-16T11:38:59Z,20.0,20.0,42524555000182,MARTA DE LIMA CARDOZO,TM CONSTRUCOES,OURO PRETO,MACEIO
TINTA,1436,TINTA SPRAY 400ML U.G PR BRILHANTE CHEMI,,0,32082011,83000000,UN,2026-09-16T14:27:39Z,20.0,20.0,42524555000182,MARTA DE LIMA CARDOZO,TM CONSTRUCOES,OURO PRETO,MACEIO
TINTA,2248,TINTA SPRAY PT FO 350ML U.GERAL - TEKBOND,,0,32082019,83000000,UN,2026-09-10T16:18:55Z,20.0,20.0,42524555000182,MARTA DE LIMA CARDOZO,TM CONSTRUCOES,OURO PRETO,MACEIO
TINTA,2249,TINTA SPRAY PT 350ML U.GERAL - TEKBOND,,0,32082019,83000000,UN,2026-09-16T14:30:10Z,20.0,20.0,42524555000182,MARTA DE LIMA CARDOZO,TM CONSTRUCOES,OURO PRETO,MACEIO
TINTA,1806,TINTA SPR GER BRANCO BRILHANTE 400ML CX/6 QTD. 1.00 CX,T SPRAY USO G BR BRILHANTE 400ML CHEMIC 1X400ML CHEMICOLOR,7898436140581,32082011,83000000,UN,2026-09-14T20:58:38Z,20.0,20.0,68625360000112,MURALHAS HOME CENTER LIMITADA,MURALHAS HOME CENTER,Benedito Bentes,MACEIO
TINTA,1887,SPRAY ALUMINIO ALTA TEMP. TEKBOND 350ML,TINTA AEROSSOL ALUMINIO ALTA TEMPERATURA 350ML/250G COD 23261006900,7898543381174,32082019,83000000,UN,2026-09-15T21:01:22Z,24.0,20.0,20784981000112,M J FERREIRA FILHA LTDA EPP,UNIVERSO TINTAS,SANTA LUCIA,MACEIO
TINTA,10,TINTA SPRAY USO GERAL PRETO BRILHO 350ML,TINTA SPRAY USOGERAL PRETO BRILHO 350ML - KALA,7899009002114,32082019,83000000,UN,2026-09-16T20:27:22Z,20.0,20.0,47264579000163,47.264.579 DENISE DA SILVA SANTOS,,CIDADE UNIVERSITARIA,MACEIO
TINTA,000627,ESMALTE SINTETICO PRETO 225ML,TINTA ESMALTE BRILHANTE DELANIL PRETO 225MM - IQUINE,7892948025367,32089010,83000000,UND,2026-09-15T18:59:26Z,20.0,20.0,23380502000190,V. L. DA SILVA COMERCIO. - ME,V. LINS MATERIAIS DE CONSTRUCAO.,SANTA LUCIA,MACEIO
TINTA,33,TINTA SPRAY USO G BR 350ML TEK BOND,,0,32082019,83000000,UN,2026-09-11T18:20:32Z,20.0,20.0,22819860000194,MARIA PEREIRA DE LIMA,THAMIRES CONSTRUCAO,FEITOSA,MACEIO
TINTA,395,TINTA SPRAY USO G PT FOSCO 350ML TEK BON,,0,32082019,83000000,UN,2026-09-12T19:03:03Z,20.0,20.0,22819860000194,MARIA PEREIRA DE LIMA,THAMIRES CONSTRUCAO,FEITOSA,MACEIO
TINTA,2552,TINTA SPRAY BR 350ML U.GERAL - TEKBOND,,0,32082019,83000000,UN,2026-09-08T19:34:41Z,20.0,20.0,22819860000194,MARIA PEREIRA DE LIMA,THAMIRES CONSTRUCAO,FEITOSA,MACEIO
TINTA,132,TINTA SPR GERAL 350ML/250G BCO BRILHANTE CX/6 QTD. 5.00 CX,,0,32082019,83000000,UN,2026-09-12T14:00:00Z,20.0,20.0,55532304000191,TOP TINTAS LTDA,TOP TINTAS,Prado,MACEIO
TINTA,875,THINNER 5000 # # ONU 1263 QUANT.LTDA MATERIAL RELACIONADO COM TINTAS 3 II,,0,38140090,83000000,UN,2026-09-15T17:50:12Z,20.0,20.0,55532304000191,TOP TINTAS LTDA,TOP TINTAS,Prado,MACEIO
TINTA,336,TINTA SPRAY ALTA TEMP PT FOS 350ML CHEMI,,0,32082011,83000000,UN,2026-09-12T14:17:51Z,20.0,20.0,26750106000104,RONALDO DE OLIVEIRA LIMA,RONALDO CONSTRUCOES,CENTRO,MACEIO
TINTA,10,TINTA SPRAY PRETO BRILHANTE 350ML U.GERAL - TEKBOND,,0,32082019,83000000,UN,2026-09-08T19:36:43Z,20.0,20.0,27449717000171,F P B DOS SANTOS COMERCIO E SERVIÇOS LTDA,FP PECAS E SERVICOS,SERRARIA,MACEIO
TINTA,1050,TINTA SPRAY PRETO FOSCO 350ML U.G - NORDESTIN,,0,32082019,83000000,UN,2026-09-14T14:02:56Z,20.0,20.0,27449717000171,F P B DOS SANTOS COMERCIO E SERVIÇOS LTDA,FP PECAS E SERVICOS,SERRARIA,MACEIO
TINTA,01380,ESMALTE PREMIUM CORALIT ULTRA RESISTENCIA BRANCO BRILHANTE 225ML CORAL,"TINTA ESM BR 0,225L CORALIT BR CORAL LT0001LT",7891019201754,32089010,83000000,UND,2026-09-15T14:15:19Z,20.4,20.1,12270435000992,L. JARDIM & CIA LTDA,Casas Jardim,TABULEIRO DO MARTINS,MACEIO
TINTA,01382,ESMALTE PREMIUM CORALIT ULTRA RESISTENCIA PRETO BRILHANTE 225ML CORAL,"TINTA ESM BR 0,225L CORALIT PT CORAL LT0001LT",7891019201877,32089010,83000000,UND,2026-09-15T14:15:19Z,20.4,20.1,12270435000992,L. JARDIM & CIA LTDA,Casas Jardim,TABULEIRO DO MARTINS,MACEIO
TINTA,01398,ESMALTE PREMIUM CORALIT ULTRA RESISTENCIA PRETO FOSCO 225ML CORAL,TINTA CORALIT ULTRA RESIST FO PRETO 225M 1X225ML CORAL,7891019203543,32089010,83000000,UND,2026-09-12T12:58:23Z,24.0,20.37,12270435000640,L. JARDIM & CIA LTDA,Casas Jardim,JATIUCA,MACEIO
TINTA,2796,TINTA SPRAY USO G PRETO FOSCO 400ML CHEMICOLOR,T SPRAY USO G PT FOSCO 400ML CHEMICOLO 1X400ML CHEMICOLOR,7898436140628,32082011,83000000,UN,2026-09-12T16:47:46Z,23.33,20.38,56020708000169,J&F VAREJO DE MATERIAL DE CONSTRUÇÃO LTDA,,Benedito Bentes,MACEIO
TINTA,07898543381013,TINTA SPRAY BCO FOSCO TEKBOND,TINTA AEROSSOL BRANCO FOSCO USO GERAL 350 ML/250G REF 23101006900,7898543381013,32082019,83000000,UN,2026-09-15T13:24:17Z,23.0,20.7,38430818000117,PARAFUZETA MATERIAIS DE CONSTRUCOES E MULTICOISAS LTDA,PARAFUZETA MULTICOISAS,JATIUCA,MACEIO
TINTA,57867,TINTA SPRAY 350ML ALTA TEMPERATURA BR FO,,0,32082019,83000000,UN,2026-09-12T15:40:16Z,23.0,20.7,11050845000108,MIXPEL COMERCIO DE PAPELARIA E INFORMATICA LTDA,MIXPEL INFORMATICA,CENTRO,MACEIO
TINTA,4984,TINTA SPRAY 350ML U/G BR FOSCO - TEKBOND,TINTA AEROSSOL BRANCO FOSCO USO GERAL 350 ML/250G REF 23101006900,7898543381013,32082019,83000000,UNID,2026-09-09T15:03:59Z,20.75,20.75,22395647000100,MULTLUZ CONSTRUCAO LTDA,MULTLUZ,SAO JORGE,MACEIO
TINTA,33717,SPRAY ALUMINIO ALTA TEMPERATURA 350 ML TEKBOND,TINTA AEROSSOL ALUMINIO ALTA TEMPERATURA 350ML/250G COD 23261006900,7898543381174,32082019,83000000,UN,2026-09-10T13:30:48Z,21.96,20.86,12562505000390,DISTRIBUIDORA DE PEÇAS E ACESSORIOS PARA MOTOCICLETAS E MOTONETAS LTDA,MOTO PECAS ROSENDO,SANTOS DUMONT,MACEIO
TINTA,7898543381259,TINTA SPRAY SUPERCOL,,0,32089010,83000000,UN,2026-09-09T19:11:03Z,23.2,20.88,06021149000133,PAPEL CENTRAL LTDA - ME,,CENTRO,MACEIO
TINTA,355958,SPRAY USO G. 400ML CINZA-CL CHEMICOLOR UN,TINTA SPRAY CHEMICOLOR USO GERAL CINZA CLARO (EMB. CONTEM 1UN. DE 400ML),7898436146125,32082011,83000000,LT,2026-09-10T21:13:32Z,20.9,20.9,03555402000140,PARAGOMINAS HOME CENTER LTDA,PARAGOMINAS HOME CENTER,SANTOS DUMONT,MACEIO
TINTA,355182,SPRAY USO G. 400ML AMARELO CHEMICOLOR UN,TINTA SPRAY USO G AM 400ML CHEMICOLOR 1X400ML CHEMICOLOR,7898436140567,32082011,83000000,LT,2026-09-09T20:34:32Z,20.9,20.9,03555402000655,PARAGOMINAS HOME CENTER LTDA,PARAGOMINAS ANTARES,ANTARES,MACEIO
TINTA,355191,SPRAY USO G. 400ML MARROM CHEMICOLOR UND,TINTA SPRAY USO G 400ML MR CHEMICOLOR 04237,7898436141571,32082011,83000000,LT,2026-09-14T20:09:01Z,20.9,20.9,03555402000655,PARAGOMINAS HOME CENTER LTDA,PARAGOMINAS ANTARES,ANTARES,MACEIO
TINTA,7898543388166,TINTA AEROSOL COBRE ROSE METALICO 350ML/250G,,0,32082019,83000000,UN,2026-09-15T18:29:15Z,20.9,20.9,10885069000101,MACEIO AVIAMENTO LTDA - EPP,MACEIO AVIAMENTO,CENTRO,MACEIO
TINTA,355957,SPRAY USO G. 400ML CINZA-ES CHEMICOLOR UN,TINTA SPRAY USO GERAL 400ML CINZA ESCURO - CHEMICOLOR,7898436146132,32082011,83000000,LT,2026-09-15T19:36:40Z,20.9,20.9,03555402000140,PARAGOMINAS HOME CENTER LTDA,PARAGOMINAS HOME CENTER,SANTOS DUMONT,MACEIO
TINTA,355198,SPRAY USO G. 400ML VIOLETA-CL CHEMICOLOR UND,TINTA SPRAY CHEMI COLOR VIOLETA CLARO VIOLET EDITION 400ML,7898436147832,32082011,83000000,LT,2026-09-12T12:19:51Z,20.9,20.9,03555402000140,PARAGOMINAS HOME CENTER LTDA,PARAGOMINAS HOME CENTER,SANTOS DUMONT,MACEIO
TINTA,355197,SPRAY USO G. 400ML VERMELHO CHEMICOLOR UN,TINTA SPRAY USO G VM 400ML CHEMICOLOR 1X400ML CHEMICOLOR,7898436140642,32082011,83000000,LT,2026-09-13T14:22:57Z,20.9,20.9,03555402000140,PARAGOMINAS HOME CENTER LTDA,PARAGOMINAS HOME CENTER,SANTOS DUMONT,MACEIO
TINTA,355180,SPRAY USO G. 400ML ALUM P/RDS CHEMICOLOR UND,TINTA SPRAY CHEMICOLOR U.G.ALUMINIO P/RODAS 400ML - BASTON,7898436142714,32082011,83000000,LT,2026-09-10T22:46:42Z,20.9,20.9,03555402000140,PARAGOMINAS HOME CENTER LTDA,PARAGOMINAS HOME CENTER,SANTOS DUMONT,MACEIO
TINTA,355182,SPRAY USO G. 400ML AMARELO CHEMICOLOR UND,TINTA SPRAY USO G AM 400ML CHEMICOLOR 1X400ML CHEMICOLOR,7898436140567,32082011,83000000,LT,2026-09-13T12:34:42Z,20.9,20.9,03555402000140,PARAGOMINAS HOME CENTER LTDA,PARAGOMINAS HOME CENTER,SANTOS DUMONT,MACEIO
TINTA,355194,SPRAY USO G. 400ML ROSA CHEMICOLOR UND,TINTA SPRAY USO G RS 400ML CHEMICOLOR 1X400ML CHEMICOLOR,7898436141656,32082011,83000000,LT,2026-09-12T12:19:51Z,20.9,20.9,03555402000140,PARAGOMINAS HOME CENTER LTDA,PARAGOMINAS HOME CENTER,SANTOS DUMONT,MACEIO
TINTA,000103144,TINTA SPRAY PRETO FOSCO 400ML LUX,,0,32082011,83000000,UN,2026-09-09T17:56:21Z,22.0,20.9,36075101000179,C J C DE MELO JUNIOR  LTDA,FERNANDES LIMA CONSTRUCOES,PITANGUINHA,MACEIO
TINTA,2732,TINTA AEROSSOL GELO  USO GERAL 350 ML250G,TINTA SPRAY USO G 350ML BR GELO TEK BOND NAO CADASTRAVEL,7898543381020,32082019,83000000,UN,2026-09-15T14:59:28Z,20.99,20.99,66362871000163,COMÉRCIO DAS TINTAS LTDA,CENTRAL DAS TINTAS,Tabuleiro do Martins,MACEIO
TINTA,2742,TINTA AEROSSOL PRETO FOSCO USO GERAL 350 ML250G,TINTA AEROSSOL PRETO FOSCO USO GERAL 350 ML/250G REF 23001006900,7898543380917,32082019,83000000,UN,2026-09-11T13:42:22Z,20.99,20.99,66362871000163,COMÉRCIO DAS TINTAS LTDA,CENTRAL DAS TINTAS,Tabuleiro do Martins,MACEIO
TINTA,3745,TINTA SPRAY TEKBOND PT BRILHANTE GERAL,,0,32082019,83000000,UN,2026-09-16T11:21:22Z,21.0,21.0,28173236000149,ELIZABETE GOMES DA SILVA,SOLNASCENTE MATERIAL DE CONSTRUCAO,CIDADE UNIVERSITARIA,MACEIO
TINTA,7602,TINTA SPRAY USO G 350ML PT FOSCO TEK BON,,0,32082019,83000000,UN,2026-09-10T20:31:33Z,21.0,21.0,28173236000149,ELIZABETE GOMES DA SILVA,SOLNASCENTE MATERIAL DE CONSTRUCAO,CIDADE UNIVERSITARIA,MACEIO
TINTA,32,Tinta Spray 400ml Cromado/ Chemicolor,T SPRAY METALICA CROMADO 400ML CHEMICOLO 1X400ML CHEMICOLOR,7898436140178,32082011,83000000,UN,2026-09-12T15:58:03Z,21.0,21.0,34532809000186,BOLINHA CONSTRUÇÕES LTDA,BOLINHA CONSTRUCOES,CENTRO,MACEIO
TINTA,13718,TINTA SPRAY U GER 400ML PT/BRI CHEMICOLOR,T SPRAY USO G PT BRILHANTE 400ML CHEMICO 1X400ML CHEMICOLOR,7898436140611,32082011,83000000,UN,2026-09-14T19:59:42Z,21.0,21.0,34519968000140,GALPAO DA CONSTRUCAO LTDA,GALPAO DA CONSTRUCAO,CIDADE UNIVERSITARIA,MACEIO
TINTA,13719,TINTA SPRAY U GER 400ML PT/FC CHEMICOLOR,T SPRAY USO G PT FOSCO 400ML CHEMICOLO 1X400ML CHEMICOLOR,7898436140628,32082011,83000000,UN,2026-09-16T12:50:17Z,21.0,21.0,34519968000140,GALPAO DA CONSTRUCAO LTDA,GALPAO DA CONSTRUCAO,CIDADE UNIVERSITARIA,MACEIO
TINTA,14337,TINTA SPRAY MET 400ML PR CHEMICOLOR,TINTA SPRAY METALICA PR 400ML CHEMICOLOR 1X400ML CHEMICOLOR,7898436142639,32082011,83000000,UN,2026-09-09T13:30:34Z,21.0,21.0,34519968000140,GALPAO DA CONSTRUCAO LTDA,GALPAO DA CONSTRUCAO,CIDADE UNIVERSITARIA,MACEIO
TINTA,17374,TINTA SPRAY U GER 400ML VERNIZ PAINTCOLO,,7899674036469,32082019,83000000,UN,2026-09-10T11:12:57Z,21.0,21.0,34519968000140,GALPAO DA CONSTRUCAO LTDA,GALPAO DA CONSTRUCAO,CIDADE UNIVERSITARIA,MACEIO
TINTA,8874,TINTA SPRAY 350ML PT FOSCO U.G - NORDESTIN,,0,32082019,83000000,UN,2026-09-09T18:44:49Z,23.0,21.0,30076510000294,ANA PATRICIA DA SILVA,COMERCIAL ARTHUR,POCO,MACEIO
TINTA,7898543380917,TINTA SPRAY PRETO FOSCO TEK BOND,TINTA AEROSSOL PRETO FOSCO USO GERAL 350 ML/250G REF 23001006900,7898543380917,32082019,83000000,un,2026-09-14T15:52:13Z,21.0,21.0,24163873000183,CAMILA S DA L NASCIMENTO,,FEITOSA,MACEIO
TINTA,CFOP5405,MAZA ESMALTE SINTETICO VERDE FOLHA 900ML,TINTA MAZA 900ML ESMALTE VERDE FOLHA,7898289932555,32081010,83000000,LT,2026-09-08T19:20:57Z,34.0,21.02,39679671000166,FABIO REGUEIRA COSTA BARBOSA LTDA,RAMOS CONSTRUCOES,CENTRO,MACEIO
TINTA,017598,TINTA SPRAY VERDE 340ML/220G ORBISPRAY,TINTA SPRAY VERDE 340ML/220G - ORBISPRAY,7898314112754,32082011,83000000,UN,2026-09-10T18:11:34Z,22.26,21.15,35729326000139,A B C COMERCIO DE FERRAGENS E PARAFUSOS EIRELI ME,O PARAFUSAO,GRUTA DE LOURDES,MACEIO
TINTA,418,TINTA SPRAY USO GERAL  400ML CHEMICOLOR,T SPRAY USO G AZ ESCURO 400ML CHEMICO 1X400ML CHEMICOLOR,7898436141618,32082011,83000000,UN,2026-09-15T17:50:45Z,21.99,21.15,66362871000163,COMÉRCIO DAS TINTAS LTDA,CENTRAL DAS TINTAS,Tabuleiro do Martins,MACEIO
TINTA,1208,TINTA SPRAY PRETO FOSCO 350ML TEKBOND,,0,32082019,83000000,UN,2026-09-09T19:39:36Z,23.4,21.155,30076510000294,ANA PATRICIA DA SILVA,COMERCIAL ARTHUR,POCO,MACEIO
TINTA,20670,TINTA CHEMIC METIC PRATA 400ML BASTON,TINTA SPRAY METALICA PR 400ML CHEMICOLOR 1X400ML CHEMICOLOR,7898436142639,32082011,83000000,UN,2026-09-15T19:13:12Z,23.49,21.16,02556423000118,BR PARAFUSOS IMPORTADORA COMERCIAL LTDA,BR PARAFUSOS,CLIMA BOM,MACEIO
TINTA,824264,TINTA SPRAY METAL 400ML PRATA CHEMICOLOR,TINTA SPRAY METALICA PR 400ML CHEMICOLOR 1X400ML CHEMICOLOR,7898436142639,32082011,83000000,SP,2026-09-09T16:26:48Z,23.0,21.17,04652212000104,SEVERINO BATISTA DE ARRUDA - ME,MADEIREIRA SAO SEVERINO,TAB. DOS MARTINS,MACEIO
TINTA,1999,TINTA SPRAY USO G PT 350ML TEK BOND,,0,32082019,83000000,UN,2026-09-11T21:28:54Z,21.2,21.2,14563410000155,WELLINGTON PESSOA FERREIRA EPP,FERREIRA CONSTRUCOES,FEITOSA,MACEIO
TINTA,2892,TINTA AEROSSOL BRANCO BRILHANTE 350ML CO,TINTA AEROSSOL BRANCO BRILHANTE USO GERAL 350 ML/250G REF 23021006900,7898543380931,32082019,83000000,UN,2026-09-09T14:18:05Z,21.24,21.24,04767762000179,MERCADAO DAS MIUDEZAS E PAPELARIA - EIRELI - EPP,MERCADAO DAS MIUDEZAS,CENTRO,MACEIO
TINTA,000103459,TINTA SPRAY AMARELO 400ML LUX,,7898693159227,32082011,83000000,UN,2026-09-10T16:04:31Z,22.0,21.24,36075101000179,C J C DE MELO JUNIOR  LTDA,FERNANDES LIMA CONSTRUCOES,PITANGUINHA,MACEIO
TINTA,3289,TINTA AEROSSOL AZUL USO GERAL 350 ML 250,TINTA AEROSSOL AZUL BRIL USO GERAL 350ML/250G COD 23081006900,7898543380993,32082019,83000000,UN,2026-09-09T14:18:05Z,21.25,21.25,04767762000179,MERCADAO DAS MIUDEZAS E PAPELARIA - EIRELI - EPP,MERCADAO DAS MIUDEZAS,CENTRO,MACEIO
TINTA,2899,TINTA AEROSSOL VERDE 350ML COD 231610069,TINTA AEROSSOL VERDE USO GERAL 350 ML/250G REF 23161006900,7898543381075,32082019,83000000,UN,2026-09-09T14:18:05Z,21.25,21.25,04767762000179,MERCADAO DAS MIUDEZAS E PAPELARIA - EIRELI - EPP,MERCADAO DAS MIUDEZAS,CENTRO,MACEIO
TINTA,48199,TINTA NORDESTIN METIC PRATA 350ML,,0,32082019,83000000,UN,2026-09-11T12:33:42Z,23.51,21.27,02556423000118,BR PARAFUSOS IMPORTADORA COMERCIAL LTDA,BR PARAFUSOS,CLIMA BOM,MACEIO
TINTA,01387,ESMALTE PREMIUM CORALIT ULTRA RESISTENCIA AZUL FRANCA BRILHANTE 225ML CORAL,"TINTA ESM BR 0,225L CORALIT AZ/FR CORAL LT0001LT",7891019202348,32089010,83000000,UND,2026-09-09T18:36:46Z,24.0,21.29,12270435000720,L. JARDIM & CIA LTDA,CASA JARDIM,BARRO DURO,MACEIO
TINTA,2479,TINTA SPRAY 400ML U.G ALUMINIO P/RODAS CHEMICOLOR,TINTA SPRAY CHEMICOLOR U.G.ALUMINIO P/RODAS 400ML - BASTON,7898436142714,32082011,83000000,PT,2026-09-12T16:47:46Z,24.44,21.33,56020708000169,J&F VAREJO DE MATERIAL DE CONSTRUÇÃO LTDA,,Benedito Bentes,MACEIO
TINTA,01401,ESMALTE PREMIUM CORALIT ULTRA RESISTENCIA VERDE FOLHA BRILHANTE 225ML CORAL,"TINTA ESM BR 0,225L CORALIT VD/FL CORAL LT0001LT",7891019202652,32089010,83000000,UND,2026-09-08T19:01:04Z,24.0,21.39,12270435000640,L. JARDIM & CIA LTDA,Casas Jardim,JATIUCA,MACEIO
TINTA,01382,ESMALTE PREMIUM CORALIT ULTRA RESISTENCIA PRETO BRILHANTE 225ML CORAL,"TINTA ESM BR 0,225L CORALIT PT CORAL LT0001LT",7891019201877,32089010,83000000,UND,2026-09-14T18:15:38Z,24.0,21.41,12270435000640,L. JARDIM & CIA LTDA,Casas Jardim,JATIUCA,MACEIO
TINTA,01389,ESMALTE PREMIUM CORALIT ULTRA RESISTENCIA VERMELHO BRILHANTE 225ML CORAL,"TINTA ESM BR 0,225L CORALIT VM CORAL LT0001LT",7891019202393,32089010,83000000,UND,2026-09-14T18:15:38Z,24.0,21.41,12270435000640,L. JARDIM & CIA LTDA,Casas Jardim,JATIUCA,MACEIO
TINTA,426,THINNER PU 8000 FARBEN 900ML,THINNER PU 8000 ONU 1263 QUANT.LTDA MATERIAL RELACIONADO COM TINTA,7899381687480,38140090,83000000,UN,2026-09-08T12:07:14Z,30.0,21.43,39537421000191,M A TELES LTDA,BRILHO DAS TINTAS,CIDADE UNIVERSITARIA,MACEIO
TINTA,32320,TINTA AER DOURADO USO GERAL 350ML - 1X350ML,"TINTA SPRAY USOGERAL DOURADO 350ML - TEKBOND,ONU 1950,AEROSOIS - PIRETROIDES,SUBCLASSE 2.1,(CLASSE 2",7898543380962,32082019,83000000,UN,2026-09-12T17:11:06Z,21.49,21.49,01888146000420,COMERCIAL DE EMBALAGENS DESCARTAVEIS E FESTAS LTDA - EPP,FELICIA,ANTARES,MACEIO
TINTA,32320,TINTA AER DOURADO USO GERAL 350ML - 1X350ML,"TINTA SPRAY USOGERAL DOURADO 350ML - TEKBOND,ONU 1950,AEROSOIS - PIRETROIDES,SUBCLASSE 2.1,(CLASSE 2",7898543380962,32082019,83000000,UN,2026-09-12T13:38:04Z,21.49,21.49,49511063000100,LOJAS FELICIA LTDA,LOJAS FELICIA,Centro,MACEIO
TINTA,32320,TINTA AER DOURADO USO GERAL 350ML - 1X350ML,"TINTA SPRAY USOGERAL DOURADO 350ML - TEKBOND,ONU 1950,AEROSOIS - PIRETROIDES,SUBCLASSE 2.1,(CLASSE 2",7898543380962,32082019,83000000,UN,2026-09-15T15:54:34Z,21.49,21.49,01888146000188,COMERCIAL DE EMBALAGENS DESCARTAVEIS E FESTAS LTDA - EPP,FELICIA,JATIUCA,MACEIO
TINTA,17297,TINTA CHEMIC A.TEMP ALUM. 350ML BASTON,TINTA SPRAY U. GERAL ALTA TEMPERATURA 350ML ALUMINIO CHEMICOLOR,7898436140826,32082011,83000000,UN,2026-09-11T19:46:29Z,23.49,21.5,02556423000118,BR PARAFUSOS IMPORTADORA COMERCIAL LTDA,BR PARAFUSOS,CLIMA BOM,MACEIO
TINTA,17298,TINTA CHEMIC A.TEMP PT FOS. 350ML BASTON,T SPRAY ALTA TEMP PT FOSCO 350ML CHEMIC 1X350ML CHEMICOLOR,7898436140833,32082011,83000000,UN,2026-09-11T19:46:29Z,23.49,21.5,02556423000118,BR PARAFUSOS IMPORTADORA COMERCIAL LTDA,BR PARAFUSOS,CLIMA BOM,MACEIO
TINTA,01421,ESMALTE PREMIUM CORALIT ULTRA RESISTENCIA PLATINA BRILHANTE 225ML CORAL,"TINTA ESM BR 0,225L CORALIT PLAT CORAL LT0001LT",7891019201983,32089010,83000000,UND,2026-09-14T12:00:42Z,24.0,21.57,12270435000640,L. JARDIM & CIA LTDA,Casas Jardim,JATIUCA,MACEIO
TINTA,01421,ESMALTE PREMIUM CORALIT ULTRA RESISTENCIA PLATINA BRILHANTE 225ML CORAL,"TINTA ESM BR 0,225L CORALIT PLAT CORAL LT0001LT",7891019201983,32089010,83000000,UND,2026-09-12T12:47:40Z,24.0,21.58,12270435001026,L. JARDIM & CIA LTDA,Casas Jardim,FAROL,MACEIO
TINTA,01398,ESMALTE PREMIUM CORALIT ULTRA RESISTENCIA PRETO FOSCO 225ML CORAL,TINTA CORALIT ULTRA RESIST FO PRETO 225M 1X225ML CORAL,7891019203543,32089010,83000000,UND,2026-09-14T19:03:34Z,24.0,21.58,12270435000135,L. JARDIM & CIA LTDA,Casas Jardim,CENTRO,MACEIO
TINTA,01380,ESMALTE PREMIUM CORALIT ULTRA RESISTENCIA BRANCO BRILHANTE 225ML CORAL,"TINTA ESM BR 0,225L CORALIT BR CORAL LT0001LT",7891019201754,32089010,83000000,UND,2026-09-10T19:46:55Z,24.0,21.59,12270435000720,L. JARDIM & CIA LTDA,CASA JARDIM,BARRO DURO,MACEIO
TINTA,10369,SPRAY CHEMICOLOR VERNIZ USO GERAL INCOLOR BRILHANTE 400ML,TINTA SPRAY USO G VERNIZ 400ML CHEMICOLO UN C/400ML,7898436140703,32082011,83000000,UN,2026-09-11T16:33:30Z,21.6,21.59,12270435000640,L. JARDIM & CIA LTDA,Casas Jardim,JATIUCA,MACEIO
TINTA,01382,ESMALTE PREMIUM CORALIT ULTRA RESISTENCIA PRETO BRILHANTE 225ML CORAL,"TINTA ESM BR 0,225L CORALIT PT CORAL LT0001LT",7891019201877,32089010,83000000,UND,2026-09-10T19:46:55Z,24.0,21.59,12270435000720,L. JARDIM & CIA LTDA,CASA JARDIM,BARRO DURO,MACEIO
TINTA,2303,TINTA SPRAY 350ML BR BRILH NORDESTIN,,7890000023030,32082019,83000000,UN,2026-09-16T12:46:24Z,21.6,21.6,14083187000149,LUIZ RAMOS DE VASCONCELOS,,BENEDITO BENTES,MACEIO
TINTA,01382,ESMALTE PREMIUM CORALIT ULTRA RESISTENCIA PRETO BRILHANTE 225ML CORAL,"TINTA ESM BR 0,225L CORALIT PT CORAL LT0001LT",7891019201877,32089010,83000000,UND,2026-09-14T14:27:58Z,24.0,21.6,12270435001026,L. JARDIM & CIA LTDA,Casas Jardim,FAROL,MACEIO
TINTA,01389,ESMALTE PREMIUM CORALIT ULTRA RESISTENCIA VERMELHO BRILHANTE 225ML CORAL,"TINTA ESM BR 0,225L CORALIT VM CORAL LT0001LT",7891019202393,32089010,83000000,UND,2026-09-12T13:20:12Z,24.0,21.6,12270435000135,L. JARDIM & CIA LTDA,Casas Jardim,CENTRO,MACEIO
TINTA,01380,ESMALTE PREMIUM CORALIT ULTRA RESISTENCIA BRANCO BRILHANTE 225ML CORAL,"TINTA ESM BR 0,225L CORALIT BR CORAL LT0001LT",7891019201754,32089010,83000000,UND,2026-09-11T13:01:48Z,24.0,21.6,12270435000640,L. JARDIM & CIA LTDA,Casas Jardim,JATIUCA,MACEIO
TINTA,01415,ESMALTE PREMIUM CORALIT ULTRA RESISTENCIA AMARELO BRILHANTE 225ML CORAL,"TINTA ESM BR 0,225L CORALIT AM CORAL LT0001LT",7891019202553,32089010,83000000,UND,2026-09-14T18:25:00Z,21.6,21.6,12270435000720,L. JARDIM & CIA LTDA,CASA JARDIM,BARRO DURO,MACEIO
TINTA,01398,ESMALTE PREMIUM CORALIT ULTRA RESISTENCIA PRETO FOSCO 225ML CORAL,TINTA CORALIT ULTRA RESIST FO PRETO 225M 1X225ML CORAL,7891019203543,32089010,83000000,UND,2026-09-15T20:10:30Z,24.0,21.6,12270435000992,L. JARDIM & CIA LTDA,Casas Jardim,TABULEIRO DO MARTINS,MACEIO
TINTA,01382,ESMALTE PREMIUM CORALIT ULTRA RESISTENCIA PRETO BRILHANTE 225ML CORAL,"TINTA ESM BR 0,225L CORALIT PT CORAL LT0001LT",7891019201877,32089010,83000000,UND,2026-09-11T13:08:59Z,24.0,21.6,12270435000135,L. JARDIM & CIA LTDA,Casas Jardim,CENTRO,MACEIO
TINTA,10360,SPRAY CHEMICOLOR USO GERAL ROSA 400ML,TINTA SPRAY USO G RS 400ML CHEMICOLOR 1X400ML CHEMICOLOR,7898436141656,32082011,83000000,UN,2026-09-15T13:58:32Z,21.6,21.6,12270435000992,L. JARDIM & CIA LTDA,Casas Jardim,TABULEIRO DO MARTINS,MACEIO
TINTA,01398,ESMALTE PREMIUM CORALIT ULTRA RESISTENCIA PRETO FOSCO 225ML CORAL,TINTA CORALIT ULTRA RESIST FO PRETO 225M 1X225ML CORAL,7891019203543,32089010,83000000,UND,2026-09-14T18:25:00Z,21.6,21.6,12270435000720,L. JARDIM & CIA LTDA,CASA JARDIM,BARRO DURO,MACEIO
TINTA,01401,ESMALTE PREMIUM CORALIT ULTRA RESISTENCIA VERDE FOLHA BRILHANTE 225ML,"TINTA ESM BR 0,225L CORALIT VD/FL CORAL LT0001LT",7891019202652,32089010,83000000,UND,2026-09-11T15:08:00Z,24.0,21.6,12270435000720,L. JARDIM & CIA LTDA,CASA JARDIM,BARRO DURO,MACEIO
TINTA,10360,SPRAY CHEMICOLOR USO GERAL ROSA 400ML,TINTA SPRAY USO G RS 400ML CHEMICOLOR 1X400ML CHEMICOLOR,7898436141656,32082011,83000000,UN,2026-09-08T19:59:13Z,24.0,21.6,12270435000640,L. JARDIM & CIA LTDA,Casas Jardim,JATIUCA,MACEIO
TINTA,01401,ESMALTE PREMIUM CORALIT ULTRA RESISTENCIA VERDE FOLHA BRILHANTE 225ML CORAL,"TINTA ESM BR 0,225L CORALIT VD/FL CORAL LT0001LT",7891019202652,32089010,83000000,UND,2026-09-14T11:29:05Z,24.0,21.62,12270435001026,L. JARDIM & CIA LTDA,Casas Jardim,FAROL,MACEIO
TINTA,004929,TINTA ESM.SINT.214ML ANJO,,0,32081010,83000000,UN,2026-09-16T12:09:06Z,22.0,21.64,35722180000108,G SILVA MATERIAL DE CONSTRUCOES LTDA,G SILVA MATERIAL DE CONSTRUÇÃO E FERRAGEM,JATIUCA,MACEIO
TINTA,2903,SPRAY VERNIZ ACRILICO MAZA 250G,TINTA SPRAY USO G VERNIZ 400ML CHEMICOLO UN C/400ML,7898436140703,32082011,83000000,UN,2026-09-08T17:08:50Z,24.0,21.66,20784981000112,M J FERREIRA FILHA LTDA EPP,UNIVERSO TINTAS,SANTA LUCIA,MACEIO
TINTA,09202,CAL HIDRATADO 10KG SUPER CAL HIDROTINTAS,CAL SUPERCAL 10KG HIDROTINTAS C5 PC C/10KG,7899010479806,25223000,83000000,SC,2026-09-09T13:43:42Z,21.68,21.68,09326760000400,CASA DAS TINTAS LTDA,,BARRO DURO,MACEIO
TINTA,7898915993448,TINTA SPRAY COLORE 400ML,,0,32082019,83000000,UN,2026-09-09T15:37:49Z,21.69,21.69,47132538000113,E DE L DA SILVA LTDA,MIX MERCEARIA,Cidade Universitária,MACEIO
TINTA,4114,TINTA NORDESTIN 350ML/250G U.G.BRANCO BRILHANTE,,0,32082019,83000000,UN,2026-09-11T19:04:31Z,21.7,21.7,37213269000166,PADILHA E RODRIGUES CONSTRUÇÕES LTDA,CONSTRU FORT,CENTRO,MACEIO
TINTA,01380,ESMALTE PREMIUM CORALIT ULTRA RESISTENCIA BRANCO BRILHANTE 225ML CORAL,"TINTA ESM BR 0,225L CORALIT BR CORAL LT0001LT",7891019201754,32089010,83000000,UND,2026-09-15T13:39:24Z,24.0,21.74,12270435000801,L. JARDIM & CIA LTDA,Casas Jardim,PAJUCARA,MACEIO
TINTA,01384,ESMALTE PREMIUM CORALIT ULTRA RESISTENCIA TABACO BRILHANTE 225ML CORAL,"TINTA ESM BR 0,225L CORALIT TB CORAL LT0001LT",7891019203154,32089010,83000000,UND,2026-09-15T13:39:24Z,24.0,21.74,12270435000801,L. JARDIM & CIA LTDA,Casas Jardim,PAJUCARA,MACEIO
TINTA,01389,ESMALTE PREMIUM CORALIT ULTRA RESISTENCIA VERMELHO BRILHANTE 225ML CORAL,"TINTA ESM BR 0,225L CORALIT VM CORAL LT0001LT",7891019202393,32089010,83000000,UND,2026-09-15T13:39:24Z,24.0,21.74,12270435000801,L. JARDIM & CIA LTDA,Casas Jardim,PAJUCARA,MACEIO
TINTA,01398,ESMALTE PREMIUM CORALIT ULTRA RESISTENCIA PRETO FOSCO 225ML CORAL,TINTA CORALIT ULTRA RESIST FO PRETO 225M 1X225ML CORAL,7891019203543,32089010,83000000,UND,2026-09-12T12:42:51Z,24.0,21.76,12270435001026,L. JARDIM & CIA LTDA,Casas Jardim,FAROL,MACEIO
TINTA,07898543380924,TINTA SPRAY PTO BRILHO TEKBOND,"TINTA SPRAY USOGERAL PR BRILHO 350ML - TEKBOND,ONU 1950,AEROSOIS - PIRETROIDES,SUBCLASSE 2.1,(CLASSE",7898543380924,32082019,83000000,UN,2026-09-15T17:25:50Z,23.0,21.85,38430818000117,PARAFUZETA MATERIAIS DE CONSTRUCOES E MULTICOISAS LTDA,PARAFUZETA MULTICOISAS,JATIUCA,MACEIO
TINTA,1354,TINTA SPRAY 350ML (PRETO SEMI BRILHO) - N,,0,32082019,83000000,UN,2026-09-09T18:06:36Z,21.9,21.9,52681878000133,FEDERAL - TINTAS & MATERIAIS ELETRICOS LTDA,CASA 7 CORES - TINTAS E MATERIAIS ELETRICOS,Clima Bom,MACEIO
TINTA,5312,TINTA SPRAY 400ML METALICA COBRE - CHEMICOLOR,,0,32082011,83000000,UN,2026-09-15T11:58:40Z,21.9,21.9,05251366000157,RONILDO DE OLIVEIRA LIMA  LTDA,COMERCIAL ESPERANCA,CENTRO,MACEIO
TINTA,1710,TINTA SPRAY 350ML (CZ CLARO) - NORDESTIN,,0,32082019,83000000,UN,2026-09-08T16:25:07Z,21.9,21.9,52681878000133,FEDERAL - TINTAS & MATERIAIS ELETRICOS LTDA,CASA 7 CORES - TINTAS E MATERIAIS ELETRICOS,Clima Bom,MACEIO
TINTA,01384,ESMALTE PREMIUM CORALIT ULTRA RESISTENCIA TABACO BRILHANTE 225ML CORAL,"TINTA ESM BR 0,225L CORALIT TB CORAL LT0001LT",7891019203154,32089010,83000000,UND,2026-09-11T16:26:15Z,24.0,21.96,12270435000135,L. JARDIM & CIA LTDA,Casas Jardim,CENTRO,MACEIO
TINTA,29511,TINTA SPRAY U.G ALUMINIO 350ML SUPER COL,"TINTA SPRAY USOGERAL ALUMINIO 350ML - TEKBOND,ONU 1950,AEROSOIS - PIRETROIDES,SUBCLASSE 2.1,(CLASSE",7898543380948,32082019,83000000,UN,2026-09-16T11:55:29Z,21.99,21.99,70015672000156,ENCONTRO DO SOL HOME CENTER LTDA,ENCONTRO DO SOL HOME CENTER,TABULEIRO DO MARTINS,MACEIO
TINTA,28205,TINTA SPRAY U. G. AZUL BRILHANTE 350ML T,TINTA AEROSSOL AZUL BRIL USO GERAL 350ML/250G COD 23081006900,7898543380993,32082019,83000000,UN,2026-09-16T14:43:47Z,21.99,21.99,70015672000156,ENCONTRO DO SOL HOME CENTER LTDA,ENCONTRO DO SOL HOME CENTER,TABULEIRO DO MARTINS,MACEIO
TINTA,30633,TINTA SPRAY PLATINA U. G. 350ML TEKBOND,TINTA AEROSOL DOURADO/PLATINA METALICO 250G TEKB,7898543382324,32082019,83000000,UN,2026-09-14T14:14:57Z,21.99,21.99,70015672000156,ENCONTRO DO SOL HOME CENTER LTDA,ENCONTRO DO SOL HOME CENTER,TABULEIRO DO MARTINS,MACEIO
TINTA,289,TINTA SPRAY USO GERAL PRETO FOSCO 400ml CHEMICOLOR,T SPRAY USO G PT FOSCO 400ML CHEMICOLO 1X400ML CHEMICOLOR,7898436140628,32082011,83000000,UN,2026-09-15T11:57:47Z,21.99,21.99,66362871000163,COMÉRCIO DAS TINTAS LTDA,CENTRAL DAS TINTAS,Tabuleiro do Martins,MACEIO
TINTA,258,TINTA SPRAY USO GERAL BRANCO BRILHANTE 400ml CHEMICOLOR,T SPRAY USO G BR BRILHANTE 400ML CHEMIC 1X400ML CHEMICOLOR,7898436140581,32082011,83000000,UN,2026-09-12T13:53:40Z,21.99,21.99,66362871000163,COMÉRCIO DAS TINTAS LTDA,CENTRAL DAS TINTAS,Tabuleiro do Martins,MACEIO
TINTA,53261,TINTA SPRAY ALTA TEMP. ALUM 340ML ORBI Q,TINTA SPRAY WHITE COLOR ALTA TEMPERATURA 340ML ALUMINIO+,7898314113317,32082019,83000000,UN,2026-09-12T19:10:12Z,21.99,21.99,70015672000156,ENCONTRO DO SOL HOME CENTER LTDA,ENCONTRO DO SOL HOME CENTER,TABULEIRO DO MARTINS,MACEIO
TINTA,134392,TINTA SPRAY VONDER PTO BRILH 350ML,,7893946850265,32082019,83000000,UN0001,2026-09-09T13:20:00Z,21.99,21.99,10840716001203,BARROS COMERCIO LTDA,SUPERMERCADO SÃO DOMINGOS,CIDADE UNIVERSITARIA,MACEIO
TINTA,18330,TINTA SPRAY PAINTCOLOR ALTA TEMPERATURA ALUMINIO 400ML,,7899674036629,32082011,83000000,UND,2026-09-08T11:31:21Z,21.99,21.99,40927550000175,CENTRAL DOS PARAFUSOS LTDA - ME,,JARAGUA,MACEIO
TINTA,61386,"TINTA ESM BR 0,225L CORALIT ULT BR CORAL LT0001LT","TINTA ESM BR 0,225L CORALIT BR CORAL LT0001LT",7891019201754,32089010,83000000,LT,2026-09-14T19:10:20Z,21.99,21.99,00279531000670,TUPAN CONSTRUCOES LTDA,,JARDIM PETROPOLIS,MACEIO
TINTA,01382,ESMALTE PREMIUM CORALIT ULTRA RESISTENCIA PRETO BRILHANTE 225ML CORAL,"TINTA ESM BR 0,225L CORALIT PT CORAL LT0001LT",7891019201877,32089010,83000000,UND,2026-09-15T20:05:01Z,24.0,22.0,12270435000801,L. JARDIM & CIA LTDA,Casas Jardim,PAJUCARA,MACEIO
TINTA,778,TINTA SPRAY AZUL 350ML - TEKBOND,,7788,32082019,83000000,UN,2026-09-16T18:10:15Z,22.0,22.0,27105792000115,E GARCIA DE AMORIM,CONSTRUCAO 4 IRMAOS,CIDADE UNIVERSITARIA,MACEIO
TINTA,888,TINTA SPRAY GELO 350ML,,8884,32082019,83000000,UN,2026-09-16T18:10:15Z,22.0,22.0,27105792000115,E GARCIA DE AMORIM,CONSTRUCAO 4 IRMAOS,CIDADE UNIVERSITARIA,MACEIO
TINTA,2397,TINTA SPRAY U GER 400ML PT/BRI MUNDIAL,TINTA SPRAY 400ML MUNDIAL PRIME UG PRETO BRILHANTE,7898907527538,32082019,83000000,SP,2026-09-15T19:24:54Z,22.0,22.0,27105792000115,E GARCIA DE AMORIM,CONSTRUCAO 4 IRMAOS,CIDADE UNIVERSITARIA,MACEIO
TINTA,11572,TINTA SPRAY MET 400ML PR - CHEMICOLOR,,0,32082011,83000000,UN,2026-09-14T13:42:09Z,33.5,22.0,28388381000147,JOSE DO NASCIMENTO EIRELI - ME,IMPERDEKA,JATIUCA,MACEIO
TINTA,1636,Tinta spray chemicolor Branco brilhante,,17898436140588,32082011,83000000,UN,2026-09-10T15:25:18Z,22.0,22.0,57417694000184,GUIGO CONSTRUÇÕES LTDA,GUIGO CONSTRUÇÕES,São Jorge,MACEIO
TINTA,727,TINTA SPRAY TEKBOND BCO BRILH USO GERAL 350ML,TINTA AEROSSOL BRANCO BRILHANTE USO GERAL 350 ML/250G REF 23021006900,7898543380931,32082019,83000000,UN,2026-09-09T21:48:17Z,22.0,22.0,56952576000103,S DE L S SOUZA,JL Construções,Chã da Jaqueira,MACEIO
TINTA,728,TINTA SPRAY TEKBOND PTO BRILH USO GERAL 350ML,"TINTA SPRAY USOGERAL PR BRILHO 350ML - TEKBOND,ONU 1950,AEROSOIS - PIRETROIDES,SUBCLASSE 2.1,(CLASSE",7898543380924,32082019,83000000,UN,2026-09-13T15:50:26Z,22.0,22.0,56952576000103,S DE L S SOUZA,JL Construções,Chã da Jaqueira,MACEIO
TINTA,1246,TINTA SPRAY USO G 350ML BR TEK BOND,TINTA AEROSSOL BRANCO BRILHANTE USO GERAL 350 ML/250G REF 23021006900,7898543380931,32082019,83000000,UN,2026-09-12T20:44:49Z,22.0,22.0,56952576000103,S DE L S SOUZA,JL Construções,Chã da Jaqueira,MACEIO
TINTA,3099,SPRAY TEKBOND U.GERAL PLATINA 350ML,TINTA AEROSOL DOURADO/PLATINA METALICO 250G TEKB,7898543382324,32082019,83000000,UN,2026-09-15T20:21:25Z,22.0,22.0,56952576000103,S DE L S SOUZA,JL Construções,Chã da Jaqueira,MACEIO
TINTA,5588,SPRAY TEKBOND U.GERAL VERDE 350ML,TINTA AEROSSOL VERDE USO GERAL 350 ML/250G REF 23161006900,7898543381075,32082019,83000000,UN,2026-09-16T19:10:37Z,22.0,22.0,56952576000103,S DE L S SOUZA,JL Construções,Chã da Jaqueira,MACEIO
TINTA,221,TINTA SPRAY USO GERAL  400ML CHEMICOLOR,,0,32082011,83000000,UN,2026-09-11T19:52:34Z,22.0,22.0,05087080000188,ROSIMEIRE DA SILVA SANTOS - EPP,KOMANDO CONSTRUCOES,CIDADE UNIVESITARIA,MACEIO
TINTA,221,TINTA SPRAY USO GERAL  400ML CHEMICOLOR,T SPRAY USO G PT BRILHANTE 400ML CHEMICO 1X400ML CHEMICOLOR,7898436140611,32082011,83000000,UN,2026-09-12T11:24:39Z,22.0,22.0,05087080000188,ROSIMEIRE DA SILVA SANTOS - EPP,KOMANDO CONSTRUCOES,CIDADE UNIVESITARIA,MACEIO
TINTA,3658,TINTA SPRAY USO G 400ML PT FOSCO CHEMICO,T SPRAY USO G PT FOSCO 400ML CHEMICOLO 1X400ML CHEMICOLOR,7898436140628,32082011,83000000,UN,2026-09-14T21:01:13Z,22.0,22.0,05087080000188,ROSIMEIRE DA SILVA SANTOS - EPP,KOMANDO CONSTRUCOES,CIDADE UNIVESITARIA,MACEIO
TINTA,3659,TINTA SPRAY USO G 350ML PT FOSCO TEK BON,TINTA AEROSSOL PRETO FOSCO USO GERAL 350 ML/250G REF 23001006900,7898543380917,32082019,83000000,UN,2026-09-15T20:28:36Z,22.0,22.0,05087080000188,ROSIMEIRE DA SILVA SANTOS - EPP,KOMANDO CONSTRUCOES,CIDADE UNIVESITARIA,MACEIO
TINTA,233,TINTA SPRAY ALTA TEMP. 350ML P. FOSCO - CHEMICOLOR,,0,32082011,83000000,UN,2026-09-14T19:40:52Z,23.9,22.0,05251366000157,RONILDO DE OLIVEIRA LIMA  LTDA,COMERCIAL ESPERANCA,CENTRO,MACEIO
TINTA,0000000003044,TINTA SPRAY 350ML VERMELHO TEKBOND,,7898543380955,32082019,83000000,UN,2026-09-14T20:23:44Z,25.3,22.0,24483653000137,JOSE VALDIR BARROS DE OLIVEIRA - ME         EPP,NOME DE FANTASIA - NULA,PETROPOLIS,MACEIO
TINTA,5220,TINTA SPRAY PRATA METALICO 350 - TEKBOND,,7890000052207,32082019,83000000,UN,2026-09-15T21:18:54Z,22.0,22.0,35741347000170,D & R MATERIAIS DE CONSTRUCAO LTDA - ME,R & R CONSTRUCOES,RIO NOVO,MACEIO
TINTA,1051,TEKBOND TINTA SPRAY USO G 350ML AZ TEK BOND,TINTA AEROSSOL AZUL BRIL USO GERAL 350ML/250G COD 23081006900,7898543380993,32082019,83000000,UN,2026-09-10T19:56:57Z,24.35,22.0,40181440000107,SANTOS & SANTOS COMERCIO DE MATERIAIS DE CONSTRUCAO LTDA,DONA NENE CONSTRUCOES,POCO,MACEIO
TINTA,1348,TINTA SPRAY ALTA TEMP 350ML PT FOSC TEK,,0,32082019,83000000,UN,2026-09-12T19:58:10Z,22.0,22.0,41226107000130,AZEVEDO CONSTRUCOES LTDA,AZEVEDO CONSTRUCOES,TABULEIRO DO MARTINS,MACEIO
TINTA,10791,TINTA SPRAY MET 400ML AZ CHEMICOLOR,,0,32082011,83000000,SP,2026-09-16T14:05:53Z,22.0,22.0,41226107000130,AZEVEDO CONSTRUCOES LTDA,AZEVEDO CONSTRUCOES,TABULEIRO DO MARTINS,MACEIO
TINTA,11956,TINTA SPRAY MET 400ML OU CHEMICOLOR,,0,32082011,83000000,SP,2026-09-12T20:03:40Z,22.0,22.0,41226107000130,AZEVEDO CONSTRUCOES LTDA,AZEVEDO CONSTRUCOES,TABULEIRO DO MARTINS,MACEIO
TINTA,011583,TINTA SPRAY A.TEMP 350ML PT/FC CHEMICOLO,T SPRAY ALTA TEMP PT FOSCO 350ML CHEMIC 1X350ML CHEMICOLOR,7898436140833,32082011,83000000,UND,2026-09-08T12:36:16Z,28.0,22.0,14810475000158,MICHELLI PATRICIA DE ALBUQUERQUE - ME,MICHELLI CONSTRUCOES,CENTRO,MACEIO
TINTA,011789,TINTA SPRAY A TEMP 350ML BR/FC CHEMICOLO,TINTA SPRAY CHEMICOLOR ALTA TEMP.BRANCO FOSCO 350ML - BASTON,7898436146149,32082011,83000000,UND,2026-09-11T10:06:47Z,25.0,22.0,14810475000158,MICHELLI PATRICIA DE ALBUQUERQUE - ME,MICHELLI CONSTRUCOES,CENTRO,MACEIO
TINTA,0000965,TINTA SPRAY U GER 400ML AM CHEMICOLOR,TINTA SPRAY USO G AM 400ML CHEMICOLOR 1X400ML CHEMICOLOR,7898436140567,32082011,83000000,SP,2026-09-12T16:27:57Z,22.0,22.0,15028598000102,JEOVA BARBOSA DE SIQUEIRA,,BENEDITO BENTES,MACEIO
TINTA,0001068,TINTA SPRAY USO G 500ML ALUM CHEMICO,,7899674044334,32082011,83000000,UN,2026-09-12T15:45:23Z,22.0,22.0,15028598000102,JEOVA BARBOSA DE SIQUEIRA,,BENEDITO BENTES,MACEIO
TINTA,0000000003993,TINTA SPRAY 400ML LUMINOSA ROSA CHOQUE COLOR JET RENNER,,7895860065374,32082011,83000000,UN,2026-09-14T18:29:22Z,22.0,22.0,13234526000188,FLAVIO BASILIO DE ALMEIDA,COMERCIAL BASILIO,CLIMA BOM,MACEIO
TINTA,000490,TINTA SPRAY U GER 400ML PT FOSC CHEMICOLO,T SPRAY USO G PT FOSCO 400ML CHEMICOLO 1X400ML CHEMICOLOR,7898436140628,32082011,83000000,UN,2026-09-15T12:15:27Z,22.0,22.0,18858120000190,GRACILENE CORREIA DA SILVA CANDIDO,HIDROGRAF,SANTA LUCIA,MACEIO
TINTA,001442,TINTA SPRAY U GER 400ML PT/BRI CHEMICOLO,T SPRAY USO G PT BRILHANTE 400ML CHEMICO 1X400ML CHEMICOLOR,7898436140611,32082011,83000000,UN,2026-09-15T14:28:32Z,22.0,22.0,18858120000190,GRACILENE CORREIA DA SILVA CANDIDO,HIDROGRAF,SANTA LUCIA,MACEIO
TINTA,2,TINTA SPR GER PRETO BRILHANTE 400ML UN QTD. 6.00 UN,T SPRAY USO G PT BRILHANTE 400ML CHEMICO 1X400ML CHEMICOLOR,7898436140611,32082011,83000000,UN,2026-09-15T20:45:07Z,22.0,22.0,68625360000112,MURALHAS HOME CENTER LIMITADA,MURALHAS HOME CENTER,Benedito Bentes,MACEIO
TINTA,3,TINTA SPR GER PRETO FOSCO 400ML UN QTD. 6.00 UN,T SPRAY USO G PT FOSCO 400ML CHEMICOLO 1X400ML CHEMICOLOR,7898436140628,32082011,83000000,UN,2026-09-13T14:10:39Z,22.0,22.0,68625360000112,MURALHAS HOME CENTER LIMITADA,MURALHAS HOME CENTER,Benedito Bentes,MACEIO
TINTA,113,TINTA SPR GER PRETO FOSCO 350ML CX/6 QTD. 1.00 CX,,0,32082019,83000000,CX,2026-09-15T20:40:21Z,22.0,22.0,68625360000112,MURALHAS HOME CENTER LIMITADA,MURALHAS HOME CENTER,Benedito Bentes,MACEIO
TINTA,285,TINTA SPRAY USO G PT 350ML TEK BOND,,0,32082019,83000000,UN,2026-09-15T12:46:03Z,22.0,22.0,13967170000191,SAMEPE MATERIAL DE CONSTRUCAO,,JACINTINHO,MACEIO
TINTA,1096,TINTA SPRAY 400ML AZ ESCURO U. - CHEMICOLOR,,0,32082011,83000000,UN,2026-09-14T16:46:36Z,22.0,22.0,55532304000191,TOP TINTAS LTDA,TOP TINTAS,Prado,MACEIO
TINTA,933,SPRAY ALT TEMP 350ML CHEMICOLOR ALUMINIO,TINTA SPRAY U. GERAL ALTA TEMPERATURA 350ML ALUMINIO CHEMICOLOR,7898436140826,32082011,83000000,UN,2026-09-11T13:06:33Z,22.0,22.0,26172162000109,DONA BELA CONSTRUÇÕES LTDA,DONA BELA,TABULEIRO DO MARTINS,MACEIO
TINTA,4238,SPRAY ALT TEMP 350ML CHEMICOLOR BRANCO FSC,TINTA SPRAY CHEMICOLOR ALTA TEMP.BRANCO FOSCO 350ML - BASTON,7898436146149,32082011,83000000,UN,2026-09-10T20:04:14Z,22.0,22.0,26172162000109,DONA BELA CONSTRUÇÕES LTDA,DONA BELA,TABULEIRO DO MARTINS,MACEIO
TINTA,823637,TINTA SPRAY AUTOM 300ML COLORJET CROMADO,,7891310094277,32081010,83000000,SP,2026-09-09T16:26:48Z,24.0,22.09,04652212000104,SEVERINO BATISTA DE ARRUDA - ME,MADEIREIRA SAO SEVERINO,TAB. DOS MARTINS,MACEIO
TINTA,10373,SPRAY CHEMICOLOR METALICA PRATA 400ML,TINTA SPRAY METALICA PR 400ML CHEMICOLOR 1X400ML CHEMICOLOR,7898436142639,32082011,83000000,UN,2026-09-11T13:04:32Z,22.4,22.4,12270435000720,L. JARDIM & CIA LTDA,CASA JARDIM,BARRO DURO,MACEIO
TINTA,10373,SPRAY CHEMICOLOR METALICA PRATA 400ML,TINTA SPRAY METALICA PR 400ML CHEMICOLOR 1X400ML CHEMICOLOR,7898436142639,32082011,83000000,UN,2026-09-15T13:15:29Z,22.4,22.4,12270435000992,L. JARDIM & CIA LTDA,Casas Jardim,TABULEIRO DO MARTINS,MACEIO
TINTA,10382,SPRAY CHEMICOLOR METALICA BRONZE 400ML,TINTA SPRAY METALICA BRONZE 400ML 1X400ML CHEMICOLOR,7898436142615,32082011,83000000,UN,2026-09-15T13:15:29Z,22.4,22.4,12270435000992,L. JARDIM & CIA LTDA,Casas Jardim,TABULEIRO DO MARTINS,MACEIO
TINTA,898519,TINTA SPRAY CHEMICOLOR BRANCO BRILHANTE,T SPRAY USO G BR BRILHANTE 400ML CHEMIC 1X400ML CHEMICOLOR,7898436140581,32082011,83000000,UN,2026-09-15T13:58:47Z,24.0,22.44,28341278000141,FABIO  S  DO NASCIMENTO EIRELI - ME,IMPERJUNIOR,JACINTINHO,MACEIO
TINTA,303426,TINTA SPRAY A TEMP 400ML PT/FC PAINT COLOR,,0,32082011,83000000,UN,2026-09-16T17:01:41Z,22.5,22.5,17887377000107,AMORIM FREITAS CONSTRUÇÃO LTDA,VALMOR MATERIAL DE CONSTRUCAO,JACINTINHO,MACEIO
TINTA,480,TINTA SPRAY CHEMICOLOR BCO BRILHAN USO GERAL 400ML  -  REF 0680095,T SPRAY USO G BR BRILHANTE 400ML CHEMIC 1X400ML CHEMICOLOR,7898436140581,32082011,83000000,UN,2026-09-08T20:34:15Z,22.5,22.5,07848663000100,PROKASA LTDA,PROKASA,CIDADE UNIVERSITARIA,MACEIO
TINTA,4989,TINTA SPRAY 350ML U/G PRETO BRILH - TEKBOND,"TINTA SPRAY USOGERAL PR BRILHO 350ML - TEKBOND,ONU 1950,AEROSOIS - PIRETROIDES,SUBCLASSE 2.1,(CLASSE",7898543380924,32082019,83000000,UNID,2026-09-11T18:02:04Z,23.72,22.53,22395647000100,MULTLUZ CONSTRUCAO LTDA,MULTLUZ,SAO JORGE,MACEIO
TINTA,000880,CAL SUPERCAL 10KG HIDROTINTAS C5,CAL SUPERCAL 10KG HIDROTINTAS C5 PC C/10KG,7899010479806,25223000,83000000,UN,2026-09-12T13:07:38Z,29.0,22.63,28923975000100,KAROLINY B CARDOSO - ME,COMERCIAL KAROL,JACINTINHO,MACEIO
TINTA,2687,SPRAY PRETO FOSCO TEK BOND 350ML,TINTA AEROSSOL PRETO FOSCO USO GERAL 350 ML/250G REF 23001006900,7898543380917,32082019,83000000,UN,2026-09-09T14:38:30Z,24.0,22.78,52798419000134,MARIA J FERREIRA FILHA LTDA,UNIVERSO TINTAS,Antares,MACEIO
TINTA,898528,TINTA SPRAY CHEMICOLOR PRETO FOSCO,T SPRAY USO G PT FOSCO 400ML CHEMICOLO 1X400ML CHEMICOLOR,7898436140628,32082011,83000000,UN,2026-09-09T17:44:26Z,24.0,22.8,28341278000141,FABIO  S  DO NASCIMENTO EIRELI - ME,IMPERJUNIOR,JACINTINHO,MACEIO
TINTA,234,TINTA SPRAY ALTA TEMP. 350ML ALUMINIO - CHEMICOLOR,,0,32082011,83000000,UN,2026-09-15T13:43:41Z,23.9,22.81,05251366000157,RONILDO DE OLIVEIRA LIMA  LTDA,COMERCIAL ESPERANCA,CENTRO,MACEIO
TINTA,448,ESM SINT SR DIALINE 225ML PT IQUINE,"DIALINE-ESM SEC RAP PRETO 225 ML -> COD.ONU: 1263 CL.RISCO: 3,0 GR.EMB: III TINTA CONTENDO SOLVENTE ORGANICO.",7892948012077,32081010,83000000,UN,2026-09-16T11:55:08Z,23.0,22.893333333333334,31777442000172,DELMIRO PRE-MOLDADOS LTDA,DAVI PRE-MOLDADOS,SANTOS DUMONT,MACEIO
TINTA,7898436140581,TINTA SPRAY CHEMICOLOR BRANCO BRILHANTE,T SPRAY USO G BR BRILHANTE 400ML CHEMIC 1X400ML CHEMICOLOR,7898436140581,32082011,83000000,UN,2026-09-12T13:03:18Z,24.0,22.9,28341278000141,FABIO  S  DO NASCIMENTO EIRELI - ME,IMPERJUNIOR,JACINTINHO,MACEIO
TINTA,7898436141595,TINTA SPRAY USO GERAL VD CLARO 400ML CHEMICOLOR,TINTA SPRAY USO G VD CLARO 400ML CHAMICO 1X400ML CHEMICOLOR,7898436141595,32082011,83000000,UN,2026-09-09T23:53:45Z,22.9,22.9,03656804000131,CARAJAS MATERIAL DE CONSTRUCAO LTDA,CARAJAS CONSTRUCAO,TABULEIRO DOS MARTINS,MACEIO
TINTA,3166,TINTA SPRAY PRETO SEMIBRI 400ML CHEMICOLOR,,0,32082011,83000000,UN,2026-09-14T19:51:47Z,22.9,22.9,37471478000100,J C DA ROCHA LIMA PARAFUSOS E FERRAMENTAS,RL PARAFUSOS E FERRAMENTAS,PRADO,MACEIO
TINTA,7898436141595,TINTA SPRAY USO GERAL VD CLARO 400ML CHEMICOLOR,,0,32082011,83000000,UN,2026-09-08T21:40:51Z,22.9,22.9,03656804002428,CARAJAS MATERIAL DE CONSTRUCAO LTDA,CARAJAS CONSTRUCAO,MANGABEIRAS,MACEIO
TINTA,CFOP5405,MAZA ESMALTE SINTETICO BRANCO 900ML,TINTA ESM SINT BR 900ML 1X900ML MAZA,7898289930612,32081010,83000000,LT,2026-09-15T19:38:13Z,34.0,22.98,39679671000166,FABIO REGUEIRA COSTA BARBOSA LTDA,RAMOS CONSTRUCOES,CENTRO,MACEIO
TINTA,313641,TINTA SPRAY ESM 400ML MET PR IQUINE SP0001SP,,7908886505462,32082011,83000000,SP,2026-09-15T19:16:35Z,22.99,22.99,00279531000670,TUPAN CONSTRUCOES LTDA,,JARDIM PETROPOLIS,MACEIO
TINTA,313647,TINTA SPRAY ALT TEMP 400ML PT/FC IQUINE SP0001SP,,7908886505387,32082011,83000000,SP,2026-09-15T21:37:55Z,22.99,22.99,00279531000670,TUPAN CONSTRUCOES LTDA,,JARDIM PETROPOLIS,MACEIO
TINTA,313639,TINTA SPRAY ESM 400ML MET DO IQUINE SP0001SP,,7908886505448,32082011,83000000,SP,2026-09-11T13:36:42Z,22.99,22.99,00279531000670,TUPAN CONSTRUCOES LTDA,,JARDIM PETROPOLIS,MACEIO
TINTA,40179,TINTA SPRAY NORDESTIN AZUL CLARO U.G 350,,74468051058,32082019,83000000,UN,2026-09-08T16:50:30Z,22.99,22.99,49465708000107,S DE S E SILVA JUNIOR  LTDA,,Tabuleiro do Martins,MACEIO
TINTA,180584,TINTA AEROSOL PRETO FOSCO USO GERAL 350ML 250G,,0,32082019,83000000,UN,2026-09-11T19:39:22Z,23.9,23.0,00292156000193,PROREDE COMERCIO E SERVICOS LTDA -  ME,PROREDE,CENTRO,MACEIO
TINTA,000942,TINTA SPRAY VM 350ML U.GERAL - TEKBOND,TINTA AEROSSOL VERMELHO USO GERAL 350 ML/250G REF 23041006900,7898543380955,32082019,83000000,UN,2026-09-15T14:17:58Z,23.0,23.0,55206191000134,MIX MATERIAL DE CONSTRUCOES LTDA,,Cidade Universitária,MACEIO
TINTA,3419,TINTA COLOGIN SPRAY 350ML BRANCO,,0,32082019,83000000,UN,2026-09-15T13:40:50Z,23.0,23.0,02577503000150,COMERCIAL MANGABEIRAS DE MATERIAL DE CONSTR,,MANGABEIRAS,MACEIO
TINTA,5842,TINTA SPRAY 400ML PT FOSCO U.G - CHEMICOLOR,,7890000058421,32082011,83000000,UN,2026-09-16T15:08:33Z,23.0,23.0,35741347000170,D & R MATERIAIS DE CONSTRUCAO LTDA - ME,R & R CONSTRUCOES,RIO NOVO,MACEIO
TINTA,57862,TINTA SPRAY 350ML ALTA TEMPERATURA PR BR,,0,32082019,83000000,UN,2026-09-11T17:57:38Z,23.0,23.0,11050845000108,MIXPEL COMERCIO DE PAPELARIA E INFORMATICA LTDA,MIXPEL INFORMATICA,CENTRO,MACEIO
TINTA,7899674039682,TINTA SPRAY 250ML LUM PINK CHEMICOLOR,,7899674039682,32082011,83000000,UN,2026-09-08T11:51:22Z,23.0,23.0,47907752000102,COSTA ANDRADE MATERIAL DE CONSTRUÇÃO E VARIEDADES LTDA,COSTA ANDRADE MATERIAL DE CONSTRUCAO E VARIEDADES,BENEDITO BENTES,MACEIO
TINTA,447,TINTA SPRAY BRANCO BRILHO 350ML - TEKBOND,TINTA AEROSSOL BRANCO BRILHANTE USO GERAL 350 ML/250G REF 23021006900,7898543380931,32082019,83000000,UN,2026-09-12T19:43:04Z,23.0,23.0,23959130000151,ELINEIDE SANTOS NASCIMENTO - ME,CASA NASCIMENTO,JACINTINHO,MACEIO
TINTA,449,TINTA SPRAY PRETO FOSCO 350ML - TEKBOND,TINTA AEROSSOL PRETO FOSCO USO GERAL 350 ML/250G REF 23001006900,7898543380917,32082019,83000000,KIT,2026-09-14T12:09:29Z,23.0,23.0,23959130000151,ELINEIDE SANTOS NASCIMENTO - ME,CASA NASCIMENTO,JACINTINHO,MACEIO
TINTA,759,TINTA SPRAY VERMELHO 350ML - TEKBOND,TINTA AEROSSOL VERMELHO USO GERAL 350 ML/250G REF 23041006900,7898543380955,32082019,83000000,UN,2026-09-08T20:17:13Z,23.0,23.0,23959130000151,ELINEIDE SANTOS NASCIMENTO - ME,CASA NASCIMENTO,JACINTINHO,MACEIO
TINTA,2361,TINTA SPRAY USOGERAL PRETO BRILHO 350ML - KALA,TINTA SPRAY USOGERAL PRETO BRILHO 350ML - KALA,7899009002114,32082019,83000000,UN,2026-09-11T20:04:19Z,23.0,23.0,23959130000151,ELINEIDE SANTOS NASCIMENTO - ME,CASA NASCIMENTO,JACINTINHO,MACEIO
TINTA,3065,TINTA SPRAY BRANCO FOSCO 350ML - TEKBOND,TINTA AEROSSOL BRANCO FOSCO USO GERAL 350 ML/250G REF 23101006900,7898543381013,32082019,83000000,UN,2026-09-09T18:05:23Z,23.0,23.0,23959130000151,ELINEIDE SANTOS NASCIMENTO - ME,CASA NASCIMENTO,JACINTINHO,MACEIO
TINTA,7173,TINTA SPRAY USOGERAL PRIMER 350ML- KALA,,7899009002312,32082019,83000000,UN,2026-09-16T14:45:51Z,23.0,23.0,23959130000151,ELINEIDE SANTOS NASCIMENTO - ME,CASA NASCIMENTO,JACINTINHO,MACEIO
TINTA,7898543381082,VERNIZ SPRAY TEKBOND,"TINTA SPRAY USOGERAL VERNIZ 350ML - TEKBOND,ONU 1950,AEROSOIS - PIRETROIDES,SUBCLASSE 2.1,(CLASSE 2)",7898543381082,32081010,83000000,UN,2026-09-14T15:00:32Z,24.0,23.0,28341278000141,FABIO  S  DO NASCIMENTO EIRELI - ME,IMPERJUNIOR,JACINTINHO,MACEIO
TINTA,823956,TINTA SPRAY ATEMP 350ML PTFC CHEMICOLOR,T SPRAY ALTA TEMP PT FOSCO 350ML CHEMIC 1X350ML CHEMICOLOR,7898436140833,32082011,83000000,SP,2026-09-09T16:26:48Z,25.0,23.01,04652212000104,SEVERINO BATISTA DE ARRUDA - ME,MADEIREIRA SAO SEVERINO,TAB. DOS MARTINS,MACEIO
TINTA,009367,TINTA SPRAY TEK BOND- PRETO BRILHANTE 350 ML- ALTA TEMP.*,TINTA TEKBON AEROSSOL PRETO ALTA TEMPERATURA PRETO BRILHANTE 350ML,7898543381167,32091010,83000000,UND,2026-09-14T16:27:59Z,25.0,23.2,12024911000138,I. SILVA SANTOS CONSTRUCOES,VAL CONSTRUCOES,CIDADE UNIVERSITARIA,MACEIO
TINTA,7898543381273,TINTA SPRAY SUPERCOL,,0,32089010,83000000,UN,2026-09-12T15:48:32Z,23.2,23.2,06021149000133,PAPEL CENTRAL LTDA - ME,,CENTRO,MACEIO
TINTA,2000,TINTA SPRAY USO G PT FOSCO 350ML TEK BON,,0,32082019,83000000,UN,2026-09-10T20:54:51Z,23.3,23.3,14563410000155,WELLINGTON PESSOA FERREIRA EPP,FERREIRA CONSTRUCOES,FEITOSA,MACEIO
TINTA,18988,TINTA SPRAY USO GERAL BRANCO FOSCO TEKBOND,TINTA AEROSSOL BRANCO FOSCO USO GERAL 350 ML/250G REF 23101006900,7898543381013,32082019,83000000,UND,2026-09-15T18:53:36Z,24.5,23.34,17185102000121,VCL COMERCIO DE MATERIAL DE CONSTRUCAO LTDA -  EPP,VCL COMERCIAL,BARRO DURO,MACEIO
TINTA,18866,TINTA SPRAY USO GERAL PRETO FOSCO TEKBOND,TINTA AEROSSOL PRETO FOSCO USO GERAL 350 ML/250G REF 23001006900,7898543380917,32082019,83000000,UND,2026-09-15T18:53:36Z,24.5,23.34,17185102000121,VCL COMERCIO DE MATERIAL DE CONSTRUCAO LTDA -  EPP,VCL COMERCIAL,BARRO DURO,MACEIO
TINTA,2317,"ACR INTERIOR FOSCO CINZA SAO PAULO 3,0L TINTAX",,0,32091010,83000000,ND,2026-09-08T19:21:11Z,25.0,23.44,18249861000173,J V DA CONCEICAO MACHADO - ME,JESSICA CONSTRUCOES,TABULEIRO DOS MARTINS,MACEIO
TINTA,5646,ORBISPRAY TINTA SPRA,,7898314112709,32082011,83000000,UN,2026-09-14T14:22:23Z,24.0,23.46,11905809000189,C3 COMERCIAL LTDA - EPP,C3 COMERCIAL LTDA,PRADO,MACEIO
TINTA,83702,TINTA AEROSSOL CROMADO MET TEKBOND 350ML - 1X350ML,TINTA AEROSSOL CROMADO METALICO 350ML / 250G COD 232810069000,7898543381198,32082019,83000000,UN,2026-09-08T14:08:04Z,23.59,23.59,09358384000193,ALEPLAST COMERCIO DE PRODUTOS DESCARTAVEIS,ALEPLAST,TABULEIRO DO MARTINS,MACEIO
TINTA,2997,TINTA SPRAY USO G 350ML BR TEK BOND,,0,32082019,83000000,UN,2026-09-11T21:23:52Z,23.6,23.6,14563410000155,WELLINGTON PESSOA FERREIRA EPP,FERREIRA CONSTRUCOES,FEITOSA,MACEIO
TINTA,5703,TINTA SPRAY PT FO 350ML U.GERA - TEKBOND,,0,32082019,83000000,UN,2026-09-11T21:41:37Z,23.6,23.6,14563410000155,WELLINGTON PESSOA FERREIRA EPP,FERREIRA CONSTRUCOES,FEITOSA,MACEIO
TINTA,0002999,ESMALTE DIALINE AZ FRANCA 225ML,"DIALINE SECA RAP AZUL FRANCA 225ML -> COD.ONU: 1263 CL.RISCO: 3,0 GR.EMB: III TINTA CONTENDO SOLVENTE ORGANICO.",7892948012831,32081010,83000000,UN,2026-09-11T20:20:37Z,23.6,23.6,08610072000162,A. E. FERREIRA -  ME,,BENEDITO BENTES,MACEIO
TINTA,17898543380921,TINTA SPRAY PT BRILH 350ML TEKBOND TEKBOND,,0,32082019,83000000,UN,2026-09-09T12:31:08Z,24.99,23.61,56182905000184,VIA COMERCIAL MATERIAIS DE CONSTRUÇÃO LTDA,VIA COMERCIAL,Barro Duro,MACEIO
TINTA,000249,TINTA SPRAY ALTA TEMP. ALUMINIO CHEMICOLO,TINTA SPRAY U. GERAL ALTA TEMPERATURA 350ML ALUMINIO CHEMICOLOR,7898436140826,32082011,83000000,UN,2026-09-12T13:17:37Z,26.0,23.64,12832317000173,ANTONIO SOARES MACHADO -  ME,ELETRO SOARES,LEVADA,MACEIO
TINTA,4992,TINTA SPRAY 350ML U/G PRETO FOSCO - TEKBOND,TINTA AEROSSOL PRETO FOSCO USO GERAL 350 ML/250G REF 23001006900,7898543380917,32082019,83000000,UNID,2026-09-09T15:03:59Z,23.72,23.72,22395647000100,MULTLUZ CONSTRUCAO LTDA,MULTLUZ,SAO JORGE,MACEIO
TINTA,7048,TINTA SPRAY USO GERAL PR BRILHO - KALA,"TINTA SPRAY USOGERAL PR BRILHO 350ML - TEKBOND,ONU 1950,AEROSOIS - PIRETROIDES,SUBCLASSE 2.1,(CLASSE",7898543380924,32082011,83000000,PC,2026-09-15T19:25:26Z,25.0,23.75,04342949000120,ACESSORIOS MINEIRAO PECAS E SERVICOS LTDA,,CIDADE UNIVERSITARIA,MACEIO
TINTA,679,TINTA SPRAY 350ML PT BRILH A.T - NORDESTIN,,0,32082019,83000000,UN,2026-09-08T12:23:01Z,25.0,23.75,55532304000191,TOP TINTAS LTDA,TOP TINTAS,Prado,MACEIO
TINTA,12835,TINTA SPRAY CHEMICOLOR VERNIZ USO GERAL 400ML,TINTA SPRAY USO G VERNIZ 400ML CHEMICOLO UN C/400ML,7898436140703,32082011,83000000,UND,2026-09-08T11:54:39Z,27.6,23.7525,40927550000175,CENTRAL DOS PARAFUSOS LTDA - ME,,JARAGUA,MACEIO
TINTA,10373,SPRAY CHEMICOLOR METALICA PRATA 400ML,TINTA SPRAY METALICA PR 400ML CHEMICOLOR 1X400ML CHEMICOLOR,7898436142639,32082011,83000000,UN,2026-09-14T21:06:06Z,23.8,23.8,12270435000640,L. JARDIM & CIA LTDA,Casas Jardim,JATIUCA,MACEIO
TINTA,355188,FUNDO PREPARADOR SPRAY 400ML CHEMICOLOR UND,TINTA SPRAY CHEMICOLLOR 400ML FUNDO PREPARADOR GERAL CINZA,7898436140680,32082011,83000000,LT,2026-09-15T14:31:48Z,23.9,23.9,03555402000655,PARAGOMINAS HOME CENTER LTDA,PARAGOMINAS ANTARES,ANTARES,MACEIO
TINTA,7899381687244,THINNER 900ML C/12 FARBEN,THINNER 5000. ONU 1263 QUANT.LTDA MATERIAL RELACIONADO COM TINTA,7899381687244,38140090,83000000,UN,2026-09-08T11:51:22Z,23.9,23.9,47907752000102,COSTA ANDRADE MATERIAL DE CONSTRUÇÃO E VARIEDADES LTDA,COSTA ANDRADE MATERIAL DE CONSTRUCAO E VARIEDADES,BENEDITO BENTES,MACEIO
TINTA,11203,TINTA AEROSSOL BRANCO BRILHANTE 350ML,,0,32082019,83000000,UN,2026-09-10T11:06:16Z,23.9,23.9,35375005000183,COMERCIAL LETICIA LTDA - EPP,PROREDE,SERRARIA,MACEIO
TINTA,377843,SPRAY REMOVEDOR DE TINTAS 400ML IQUINE UND,SPRAY REMOVEDOR DE TINTAS 400ML - IQUINE,7899674031914,38140090,83000000,LT,2026-09-08T14:49:19Z,23.9,23.9,03555402000140,PARAGOMINAS HOME CENTER LTDA,PARAGOMINAS HOME CENTER,SANTOS DUMONT,MACEIO
TINTA,2279,TINTA SPRAY 350ML (PRETO BRIL) - TEKBOND,,0,32082019,83000000,KG,2026-09-15T19:54:22Z,23.9,23.9,52681878000133,FEDERAL - TINTAS & MATERIAIS ELETRICOS LTDA,CASA 7 CORES - TINTAS E MATERIAIS ELETRICOS,Clima Bom,MACEIO
TINTA,1738,TINTA SPRAY OURO METALICO 350ML/250G TEKBOND,,0,32082019,83000000,UN,2026-09-09T15:00:50Z,23.93,23.93,55263918000115,M&S COMERCIO VAREJISTA LTDA,M&S COMERCIO VAREJISTA,Antares,MACEIO
TINTA,0074468050853,TINTA SPRAY METALICA,,0,32082019,83000000,UN,2026-09-12T13:47:13Z,23.95,23.95,06021149000133,PAPEL CENTRAL LTDA - ME,,CENTRO,MACEIO
TINTA,0074468050891,TINTA SPRAY METALICA,,0,32082019,83000000,UN,2026-09-11T15:49:58Z,23.95,23.95,06021149000133,PAPEL CENTRAL LTDA - ME,,CENTRO,MACEIO
TINTA,00074468051010,TINTA SPRAY METALICA 350ML NORDESTN,,0,32082019,83000000,UN,2026-09-14T19:22:26Z,23.95,23.95,03223147000139,CENTRAL DE PAPEIS LTDA - ME,PAPEL CENTRAL,CENTRO,MACEIO
TINTA,0074468051010,TINTA NORDESTIN 350ML METAL DOURADA PETKOV REF 002.001.003.003,,0,32082019,83000000,UN,2026-09-09T17:17:46Z,23.95,23.95,02488201000296,M A P TENORIO COMERCIO LTDA,FOLIA,CENTRO,MACEIO
TINTA,0074468051010,TINTA SPRAY METALICA,,0,32082019,83000000,UN,2026-09-14T15:03:59Z,23.95,23.95,06021149000133,PAPEL CENTRAL LTDA - ME,,CENTRO,MACEIO
TINTA,1784307,Tinta Vonder Spray 3,,7893946850241,32082019,83000000,UN,2026-09-16T16:37:44Z,23.99,23.99,08618647000355,SUPERMERCADOS CESTA DE ALIMENTOS LTDA,CESTA DE ALIMENTOS,JACINTINHO,MACEIO
TINTA,1784323,Tinta Vonder Spray 3,,7893946850319,32082019,83000000,UN,2026-09-15T10:14:56Z,23.99,23.99,08618647000355,SUPERMERCADOS CESTA DE ALIMENTOS LTDA,CESTA DE ALIMENTOS,JACINTINHO,MACEIO
TINTA,1784285,Tinta Vonder Spray 3,,7893946850197,32082019,83000000,UN,2026-09-16T01:04:37Z,23.99,23.99,08618647000355,SUPERMERCADOS CESTA DE ALIMENTOS LTDA,CESTA DE ALIMENTOS,JACINTINHO,MACEIO
TINTA,7898436140642,SPRAY VERMELHO 400ML CHEMICOLOR,TINTA SPRAY USO G VM 400ML CHEMICOLOR 1X400ML CHEMICOLOR,7898436140642,32082011,83000000,UN,2026-09-08T14:06:36Z,24.0,24.0,27408427000180,K. K. MATERIAL DE CONSTRUCAO LTDA - ME,BARATEIRO CONSTRUCAO,BARRO DURO,MACEIO
TINTA,9243,ORBISPRAY TINTA SPRA,,7898314112945,32082011,83000000,UN,2026-09-16T15:02:00Z,24.0,24.0,11905809000189,C3 COMERCIAL LTDA - EPP,C3 COMERCIAL LTDA,PRADO,MACEIO
TINTA,294,TINTA SPRAY PRETO FOSCO CHEMICOLOR,,0,32082011,83000000,UN,2026-09-11T13:24:43Z,24.0,24.0,30076510000103,ANA PATRICIA DA SILVA,COMERCIAL ARTHUR,POCO,MACEIO
TINTA,9472,Spray Alta temperatura Branco Fosco 350ml Chemicolor /,TINTA SPRAY CHEMICOLOR ALTA TEMP.BRANCO FOSCO 350ML - BASTON,7898436146149,32082011,83000000,UN,2026-09-16T12:24:24Z,24.0,24.0,31581137000100,LARISSA MAYARA SAPUCAIA DOS SANTOS,MAYARA CONSTRUCOES,CENTRO,MACEIO
TINTA,1818,"TINTA INT. ECONOMICA 3,6L BRANCO NEVE ARACOR 60",,0,32091010,83000000,GL,2026-09-12T14:51:16Z,24.0,24.0,10264955000100,JESIVAN FERREIRA DE LIMA - ME,AQUI TEM MAIS,VERGEL DO LAGO,MACEIO
TINTA,1903,TINTA SPRAY ALTA TEMP 350ML PT FOS CHEMI,,0,32081010,83000000,UN,2026-09-08T10:59:53Z,24.0,24.0,10264955000100,JESIVAN FERREIRA DE LIMA - ME,AQUI TEM MAIS,VERGEL DO LAGO,MACEIO
TINTA,3019,"TINTA INT. ECONOMICA 3,6L BRANCO GELO ARACOR 61",,0,32091010,83000000,GL,2026-09-11T14:46:55Z,24.0,24.0,10264955000100,JESIVAN FERREIRA DE LIMA - ME,AQUI TEM MAIS,VERGEL DO LAGO,MACEIO
TINTA,10771,TINTA SPRAY LUM 400ML VD CHEMICOLOR,,0,32082011,83000000,SP,2026-09-12T16:12:55Z,24.0,24.0,41226107000130,AZEVEDO CONSTRUCOES LTDA,AZEVEDO CONSTRUCOES,TABULEIRO DO MARTINS,MACEIO
TINTA,14,TINTA SPRAY ALTA TEMP 350ML ALUM CHEMICO,,0,32081010,83000000,UN,2026-09-14T14:10:44Z,24.0,24.0,24479546000135,24.479.546 EVERTON TAVARES DA SILVA,,CIDADE UNIVERSITARIA,MACEIO
TINTA,898527,TINTA SPRAY CHEMICOLOR PRETO BRILHANTE,T SPRAY USO G PT BRILHANTE 400ML CHEMICO 1X400ML CHEMICOLOR,7898436140611,32082011,83000000,UN,2026-09-14T17:09:10Z,24.0,24.0,28341278000141,FABIO  S  DO NASCIMENTO EIRELI - ME,IMPERJUNIOR,JACINTINHO,MACEIO
TINTA,7898543380917,TINTA SPRAY TEKBOND PRETO FOSCO,TINTA AEROSSOL PRETO FOSCO USO GERAL 350 ML/250G REF 23001006900,7898543380917,32082019,83000000,UN,2026-09-16T14:23:14Z,24.0,24.0,28341278000141,FABIO  S  DO NASCIMENTO EIRELI - ME,IMPERJUNIOR,JACINTINHO,MACEIO
TINTA,D220488,TINTA AEROSSOL ALUMINIO ALTA TEMPE,TINTA AEROSSOL ALUMINIO ALTA TEMPERATURA 350ML/250G COD 23261006900,7898543381174,32082019,83000000,PC,2026-09-15T12:25:35Z,24.22,24.22,92660406006583,FRIGELAR COMERCIO E INDUSTRIA LTDA,,GRUTA DE LOURDES,MACEIO
TINTA,D220487,TINTA AEROSSOL PRETO ALTA TEMPERAT,TINTA TEKBON AEROSSOL PRETO ALTA TEMPERATURA PRETO BRILHANTE 350ML,7898543381167,32082019,83000000,PC,2026-09-15T12:55:50Z,24.22,24.22,92660406006583,FRIGELAR COMERCIO E INDUSTRIA LTDA,,GRUTA DE LOURDES,MACEIO
TINTA,23046,TEKBOND TINTA SPRAY PRETO BRILHO 350ML U.GERAL- TEKBOND,"TINTA SPRAY USOGERAL PR BRILHO 350ML - TEKBOND,ONU 1950,AEROSOIS - PIRETROIDES,SUBCLASSE 2.1,(CLASSE",7898543380924,32082019,83000000,UN,2026-09-15T11:35:00Z,24.35,24.35,40181440000107,SANTOS & SANTOS COMERCIO DE MATERIAIS DE CONSTRUCAO LTDA,DONA NENE CONSTRUCOES,POCO,MACEIO
TINTA,0203090,TINTA SPRAY CHEMICOLOR 400ML U.G BRANCO FOSCO,T SPRAY USO G BR FOSCO 400ML CHEMICOLO 1X400ML CHEMICOLOR,7898436141540,32082011,83000000,UND,2026-09-12T13:02:37Z,24.79,24.38,05516859000171,SEVENTY COMERCIO LTDA,ARMAZEM DA CONSTRUCAO,JATIUCA,MACEIO
TINTA,18878,TINTA SPRAY USO GERAL BRANCO BRILHANTE TEKBOND,TINTA AEROSSOL BRANCO BRILHANTE USO GERAL 350 ML/250G REF 23021006900,7898543380931,32082019,83000000,UND,2026-09-11T16:22:52Z,24.5,24.5,17185102000121,VCL COMERCIO DE MATERIAL DE CONSTRUCAO LTDA -  EPP,VCL COMERCIAL,BARRO DURO,MACEIO
TINTA,18870,TINTA SPRAY USO GERAL PRETO BRILHANTE TEKBOND,"TINTA SPRAY USOGERAL PR BRILHO 350ML - TEKBOND,ONU 1950,AEROSOIS - PIRETROIDES,SUBCLASSE 2.1,(CLASSE",7898543380924,32082019,83000000,UND,2026-09-14T16:12:01Z,24.5,24.5,17185102000121,VCL COMERCIO DE MATERIAL DE CONSTRUCAO LTDA -  EPP,VCL COMERCIAL,BARRO DURO,MACEIO
TINTA,43164,ESM SINT MAXLIT 750ML BR HIDROTINTAS,,7899010492645,32081010,83000000,UN,2026-09-14T12:52:39Z,35.0,24.59,46907609000140,M S FEITOSA,M S CONSTRUCOES,PONTA GROSSA,MACEIO
TINTA,7898543380955,TINTA SPRAY VERMELHO 350ML USO GERAL - TEKBOND,TINTA AEROSSOL VERMELHO USO GERAL 350 ML/250G REF 23041006900,7898543380955,32082019,83000000,UND,2026-09-15T11:31:52Z,25.9,24.61,35729326000139,A B C COMERCIO DE FERRAGENS E PARAFUSOS EIRELI ME,O PARAFUSAO,GRUTA DE LOURDES,MACEIO
TINTA,7898436140604,TINTA SPRAY USO GERAL GRAFITE 400ML CHEMICOLOR,,0,32082011,83000000,UN,2026-09-13T16:49:57Z,25.9,24.68,03656804000131,CARAJAS MATERIAL DE CONSTRUCAO LTDA,CARAJAS CONSTRUCAO,TABULEIRO DOS MARTINS,MACEIO
TINTA,0006019,"ACR INTERIOR FOSCO AZUL BEBE 3,0L TINTAX",,9000000005327,32091010,83000000,GL,2026-09-08T20:50:54Z,24.74,24.74,24330904000143,OLIVEIRA CONSTRUCOES LTDA - ME,OLIVEIRA CONSTRUCOES,CRUZ DAS ALMAS,MACEIO
TINTA,931319,"TINTA BASE ACR FC 0,8L RENOVA PAR P CORA LT0001LT","TINTA BASE ACR FC LT0,8L RENOVA P CORAL LT0001LT - PINHEIRO DA NORUEGA",7891019915309,32091010,83000000,LT,2026-09-09T14:16:04Z,49.5,24.75,00279531000670,TUPAN CONSTRUCOES LTDA,,JARDIM PETROPOLIS,MACEIO
TINTA,7898436141632,TINTA SPRAY USO GERAL BG 400ML CHEMICOLOR,,0,32082011,83000000,UN,2026-09-16T14:04:20Z,25.9,24.76,03656804002428,CARAJAS MATERIAL DE CONSTRUCAO LTDA,CARAJAS CONSTRUCAO,MANGABEIRAS,MACEIO
TINTA,243,TINTA AEROSSOL BRANCO FOSCO TEK BOND,TINTA AEROSSOL BRANCO FOSCO USO GERAL 350 ML/250G REF 23101006900,7898543381013,32082019,83000000,UN,2026-09-08T15:01:03Z,24.9,24.9,37800122000172,MARTINS E MARTINS COMERCIO DE TECIDOS LTDA,AMAZONAS,SANTA LUCIA,MACEIO
TINTA,80539,TINTA SPRAY ALTA TEMPERATURA NORDESTIN 350ML,,74468050839,32082019,83000000,UND,2026-09-15T15:20:35Z,24.95,24.95,22336585000158,LIVRARIA E PAPELARIA GLOBO EIRELI - EPP,LIVRARIA E PAPELARIA GLOBO,CENTRO,MACEIO
TINTA,898520,TINTA SPRAY U GER 400ML BRFC CHEMICOLOR,T SPRAY USO G BR FOSCO 400ML CHEMICOLO 1X400ML CHEMICOLOR,7898436141540,32082011,83000000,SP,2026-09-13T11:07:01Z,24.99,24.99,00279531000670,TUPAN CONSTRUCOES LTDA,,JARDIM PETROPOLIS,MACEIO
TINTA,898519,TINTA SPRAY U GER 400ML BR CHEMICOLOR SP0001SP,T SPRAY USO G BR BRILHANTE 400ML CHEMIC 1X400ML CHEMICOLOR,7898436140581,32082011,83000000,SP,2026-09-16T20:04:24Z,24.99,24.99,00279531000670,TUPAN CONSTRUCOES LTDA,,JARDIM PETROPOLIS,MACEIO
TINTA,898527,TINTA SPRAY U GER 400ML PTBRI CHEMICOLO,T SPRAY USO G PT BRILHANTE 400ML CHEMICO 1X400ML CHEMICOLOR,7898436140611,32082011,83000000,SP,2026-09-15T21:41:45Z,24.99,24.99,00279531000670,TUPAN CONSTRUCOES LTDA,,JARDIM PETROPOLIS,MACEIO
TINTA,898528,TINTA SPRAY U GER 400ML PT/FC CHEMICOLOR SP0001SP,T SPRAY USO G PT FOSCO 400ML CHEMICOLO 1X400ML CHEMICOLOR,7898436140628,32082011,83000000,SP,2026-09-16T17:11:06Z,24.99,24.99,00279531000670,TUPAN CONSTRUCOES LTDA,,JARDIM PETROPOLIS,MACEIO
TINTA,898535,TINTA SPRAY U GER 400ML VT/ES CHEMICOLOR SP0001SP,TINTA SPRAY USO G 400ML VIOLETA ESCUR CH UN C/400ML,7898436147825,32082011,83000000,SP,2026-09-09T17:28:07Z,24.99,24.99,00279531000670,TUPAN CONSTRUCOES LTDA,,JARDIM PETROPOLIS,MACEIO
TINTA,898517,TINTA SPRAY U GER 400ML AZ/CL CHEMICOLOR SP0001SP,T SPRAY USO G AZ CLARO 400ML CHAMICOL 1X400MLCHEMICOLOR,7898436140574,32082011,83000000,SP,2026-09-08T20:57:48Z,24.99,24.99,00279531000670,TUPAN CONSTRUCOES LTDA,,JARDIM PETROPOLIS,MACEIO
TINTA,61382,"TINTA ESM BR 0,225L CORALIT ULT AZDR CO","TINTA ESM BR 0,225L CORALIT AZ/DR CORAL LT0001LT",7891019202195,32089010,83000000,LT,2026-09-09T17:49:47Z,24.99,24.99,00279531000670,TUPAN CONSTRUCOES LTDA,,JARDIM PETROPOLIS,MACEIO
TINTA,61388,"TINTA ESM BR 0,225L CORALIT ULT VM CORAL","TINTA ESM BR 0,225L CORALIT VM CORAL LT0001LT",7891019202393,32089010,83000000,LT,2026-09-09T17:49:47Z,24.99,24.99,00279531000670,TUPAN CONSTRUCOES LTDA,,JARDIM PETROPOLIS,MACEIO
TINTA,61390,"TINTA ESM BR 0,225L CORALIT ULT AM CORAL","TINTA ESM BR 0,225L CORALIT AM CORAL LT0001LT",7891019202553,32089010,83000000,LT,2026-09-09T17:49:47Z,24.99,24.99,00279531000670,TUPAN CONSTRUCOES LTDA,,JARDIM PETROPOLIS,MACEIO
TINTA,61391,"TINTA ESM BR 0,225L CORALIT ULT VDFOLH","TINTA ESM BR 0,225L CORALIT VD/FL CORAL LT0001LT",7891019202652,32089010,83000000,LT,2026-09-09T17:49:47Z,24.99,24.99,00279531000670,TUPAN CONSTRUCOES LTDA,,JARDIM PETROPOLIS,MACEIO
TINTA,61394,"TINTA ESM BR 0,225L CORALIT ULT MRCQ CO","TINTA ESM BR 0,225L CORALIT MR/CQ CORAL LT0001LT",7891019203208,32089010,83000000,LT,2026-09-09T17:49:47Z,24.99,24.99,00279531000670,TUPAN CONSTRUCOES LTDA,,JARDIM PETROPOLIS,MACEIO
TINTA,898515,TINTA SPRAY U GER 400ML AL/ROD CHEMICOLO SP0001SP,TINTA SPRAY CHEMICOLOR U.G.ALUMINIO P/RODAS 400ML - BASTON,7898436142714,32082011,83000000,SP,2026-09-12T14:08:12Z,24.99,24.99,00279531000670,TUPAN CONSTRUCOES LTDA,,JARDIM PETROPOLIS,MACEIO
TINTA,3290,TINTA AEROSSOL BRANCO FOSCO 350 ML 23101,TINTA AEROSSOL BRANCO FOSCO USO GERAL 350 ML/250G REF 23101006900,7898543381013,32082019,83000000,UN,2026-09-15T13:02:34Z,24.99,24.99,04767762000179,MERCADAO DAS MIUDEZAS E PAPELARIA - EIRELI - EPP,MERCADAO DAS MIUDEZAS,CENTRO,MACEIO
TINTA,30631,TINTA SPRAY AZUL ESCURO U. G. 350ML TEKB,TINTA SUPER COLOR AZUL ESCURO SPRAY TEKBOND REF: 81006,7898543381006,32082019,83000000,UN,2026-09-16T15:18:21Z,24.99,24.99,70015672000156,ENCONTRO DO SOL HOME CENTER LTDA,ENCONTRO DO SOL HOME CENTER,TABULEIRO DO MARTINS,MACEIO
TINTA,392916-1,TINTA PRETO SEMI BRILHO 400ML CHEMICOLOR,TINTA SPRAY U. G. PRETO FOSCO 400ML CHEMICOLOR,7899674002433,32082011,83000000,PC,2026-09-08T16:19:58Z,24.99,24.99,79379491018201,HAVAN S.A.,,JARDIM PETROPOLIS,MACEIO
TINTA,392917-1,TINTA PRETO FOSCO 400ML CHEMICOLOR,T SPRAY USO G PT FOSCO 400ML CHEMICOLO 1X400ML CHEMICOLOR,7898436140628,32082011,83000000,PC,2026-09-16T14:43:41Z,24.99,24.99,79379491018201,HAVAN S.A.,,JARDIM PETROPOLIS,MACEIO
TINTA,392921-1,TINTA BRANCO BRILHANTE 400ML CHEMICOLOR,T SPRAY USO G BR BRILHANTE 400ML CHEMIC 1X400ML CHEMICOLOR,7898436140581,32082011,83000000,PC,2026-09-15T01:22:24Z,24.99,24.99,79379491018201,HAVAN S.A.,,JARDIM PETROPOLIS,MACEIO
TINTA,392924-1,TINTA ALUMINIO PRODAS 400ML CHEMICOLOR,TINTA SPRAY CHEMICOLOR U.G.ALUMINIO P/RODAS 400ML - BASTON,7898436142714,32082011,83000000,PC,2026-09-13T00:47:22Z,24.99,24.99,79379491018201,HAVAN S.A.,,JARDIM PETROPOLIS,MACEIO
TINTA,392931-1,TINTA METALICA CROMADO 400ML CHEMICOLOR,T SPRAY METALICA CROMADO 400ML CHEMICOLO 1X400ML CHEMICOLOR,7898436140178,32082011,83000000,PC,2026-09-13T16:28:38Z,24.99,24.99,79379491018201,HAVAN S.A.,,JARDIM PETROPOLIS,MACEIO
TINTA,393308-1,TINTA U G PRETO BRILHANTE 400ML CHEMICOLOR,T SPRAY USO G PT BRILHANTE 400ML CHEMICO 1X400ML CHEMICOLOR,7898436140611,32082011,83000000,PC,2026-09-11T22:51:13Z,24.99,24.99,79379491018201,HAVAN S.A.,,JARDIM PETROPOLIS,MACEIO
TINTA,411432-1,TINTA AEROSSOL BRANCO FOSCO USO GERAL 350 ML25,TINTA AEROSSOL BRANCO FOSCO USO GERAL 350 ML/250G REF 23101006900,7898543381013,32082019,83000000,PC,2026-09-15T19:29:36Z,24.99,24.99,79379491018201,HAVAN S.A.,,JARDIM PETROPOLIS,MACEIO
TINTA,29472,TINTA SPRAY U.G DOURADO 350ML TEKBOND,"TINTA SPRAY USOGERAL DOURADO 350ML - TEKBOND,ONU 1950,AEROSOIS - PIRETROIDES,SUBCLASSE 2.1,(CLASSE 2",7898543380962,32082019,83000000,UN,2026-09-11T16:39:49Z,24.99,24.99,70015672000156,ENCONTRO DO SOL HOME CENTER LTDA,ENCONTRO DO SOL HOME CENTER,TABULEIRO DO MARTINS,MACEIO
TINTA,28203,TINTA SPRAY U. G. VERDE BRILHANTE 350ML,TINTA AEROSSOL VERDE USO GERAL 350 ML/250G REF 23161006900,7898543381075,32082019,83000000,UN,2026-09-11T17:58:16Z,24.99,24.99,70015672000156,ENCONTRO DO SOL HOME CENTER LTDA,ENCONTRO DO SOL HOME CENTER,TABULEIRO DO MARTINS,MACEIO
TINTA,28202,TINTA.SPRAY.U.G.BRANCO.FOSCO.350ML.TEK,TINTA AEROSSOL BRANCO FOSCO USO GERAL 350 ML/250G REF 23101006900,7898543381013,32082019,83000000,UN,2026-09-14T13:58:32Z,24.99,24.99,70015672000156,ENCONTRO DO SOL HOME CENTER LTDA,ENCONTRO DO SOL HOME CENTER,TABULEIRO DO MARTINS,MACEIO
TINTA,27713,TINTA SPRAY U. G. BRANCO BRILHANTE 350ML,TINTA AEROSSOL BRANCO BRILHANTE USO GERAL 350 ML/250G REF 23021006900,7898543380931,32082019,83000000,UN,2026-09-15T16:15:08Z,24.99,24.99,70015672000156,ENCONTRO DO SOL HOME CENTER LTDA,ENCONTRO DO SOL HOME CENTER,TABULEIRO DO MARTINS,MACEIO
TINTA,898523,TINTA SPRAY U GER 400ML CZ/ES CHEMICOLOR SP0001SP,TINTA SPRAY USO GERAL 400ML CINZA ESCURO - CHEMICOLOR,7898436146132,32082011,83000000,SP,2026-09-13T16:33:21Z,24.99,24.99,00279531000670,TUPAN CONSTRUCOES LTDA,,JARDIM PETROPOLIS,MACEIO
TINTA,10373,SPRAY CHEMICOLOR METALICA PRATA 400ML,TINTA SPRAY METALICA PR 400ML CHEMICOLOR 1X400ML CHEMICOLOR,7898436142639,32082011,83000000,UN,2026-09-10T20:09:02Z,28.0,25.0,12270435000801,L. JARDIM & CIA LTDA,Casas Jardim,PAJUCARA,MACEIO
TINTA,10382,SPRAY CHEMICOLOR METALICA BRONZE 400ML,TINTA SPRAY METALICA BRONZE 400ML 1X400ML CHEMICOLOR,7898436142615,32082011,83000000,UN,2026-09-14T11:59:06Z,28.0,25.0,12270435000801,L. JARDIM & CIA LTDA,Casas Jardim,PAJUCARA,MACEIO
TINTA,7898543380917,SPRAY PRETO FOSCO 350ML TEKBOND,TINTA AEROSSOL PRETO FOSCO USO GERAL 350 ML/250G REF 23001006900,7898543380917,32082019,83000000,UN,2026-09-14T19:14:25Z,25.0,25.0,27408427000180,K. K. MATERIAL DE CONSTRUCAO LTDA - ME,BARATEIRO CONSTRUCAO,BARRO DURO,MACEIO
TINTA,739,TINTA SPR GER PRETO BRILHANTE 400ML CHEMI COLOR,T SPRAY USO G PT BRILHANTE 400ML CHEMICO 1X400ML CHEMICOLOR,7898436140611,32082011,83000000,UN,2026-09-10T17:36:28Z,25.0,25.0,56888799000159,ARTEC REFRIGERACAO LTDA,ARTEC REFRIGERACAO,Santos Dumont,MACEIO
TINTA,000237,TINTA ESM 225ml PRETO IQUINE,"DIALINE-ESM SEC RAP PRETO 225 ML -> COD.ONU: 1263 CL.RISCO: 3,0 GR.EMB: III TINTA CONTENDO SOLVENTE ORGANICO.",7892948012077,32081010,83000000,UN,2026-09-16T14:03:44Z,25.0,25.0,12832317000173,ANTONIO SOARES MACHADO -  ME,ELETRO SOARES,LEVADA,MACEIO
TINTA,001010,TINTA ESM 225ml AMARELO IQUINE,"DIALINE SECA RAP AMARELO 225ML - COD.ONU 1263 CL.RISCO 3,0 GR.EMB III TINTA CONTENDO SOLVENTE ORGANICO.",7892948012053,32081010,83000000,UN,2026-09-12T11:51:57Z,25.0,25.0,12832317000173,ANTONIO SOARES MACHADO -  ME,ELETRO SOARES,LEVADA,MACEIO
TINTA,001571,TINTA ESM 225ml ALUMINIO IQUINE,"DIALINE-ESM SINT ALUMINIO 225 ML -> COD.ONU: 1263 CL.RISCO: 3,0 GR.EMB: III TINTA CONTENDO SOLVENTE ORGANICO.",7892948012596,32081010,83000000,UN,2026-09-16T14:03:44Z,25.0,25.0,12832317000173,ANTONIO SOARES MACHADO -  ME,ELETRO SOARES,LEVADA,MACEIO
TINTA,2619,TINTA DE GARRAFA 5L,,0,32091010,83000000,UN,2026-09-15T21:13:43Z,25.0,25.0,28565348000145,JANETE MARIA DOS SANTOS,NENA CONSTRUCOES,VERGEL DO LAGO,MACEIO
TINTA,5266,TINTA SPRAY TEKBOND ALUMINIO USO GERAL 350ML,"TINTA SPRAY USOGERAL ALUMINIO 350ML - TEKBOND,ONU 1950,AEROSOIS - PIRETROIDES,SUBCLASSE 2.1,(CLASSE",7898543380948,32082019,83000000,UN1,2026-09-12T14:47:45Z,25.0,25.0,01825689000156,ANTONIO N SILVA PECAS - ME,NETTO MOTOS,VILLAGE CAMPESTRE II,MACEIO
TINTA,10368,SPRAY CHEMICOLOR USO GERAL VIOLETA ESCURO 400ML,TINTA SPRAY USO G 400ML VIOLETA ESCUR CH UN C/400ML,7898436147825,32082011,83000000,UN,2026-09-15T17:05:47Z,28.0,25.0,12270435001026,L. JARDIM & CIA LTDA,Casas Jardim,FAROL,MACEIO
TINTA,CFOP5102,TINTA SPRAY USO G 400ML PT BRILHO CHEMIC,T SPRAY USO G PT BRILHANTE 400ML CHEMICO 1X400ML CHEMICOLOR,7898436140611,32082011,83000000,UN,2026-09-10T13:32:11Z,25.0,25.0,34952882000107,EDILEUZA PAULINO GOMES 36887374404,LOJA GOMES,JACINTINHO,MACEIO
TINTA,3055,TINTA SPRAY USO G 400ML PT BRILHO CHEMIC,T SPRAY USO G PT BRILHANTE 400ML CHEMICO 1X400ML CHEMICOLOR,7898436140611,32081010,83000000,UN,2026-09-15T21:16:56Z,25.0,25.0,49850828000128,CONSTRUCAR MATERIAL DE CONSTRUCAO LTDA,,Jacintinho,MACEIO
TINTA,3056,TINTA SPRAY USO G 400ML PT FOSCO CHEMICO,T SPRAY USO G PT FOSCO 400ML CHEMICOLO 1X400ML CHEMICOLOR,7898436140628,32081010,83000000,UN,2026-09-08T20:33:43Z,25.0,25.0,49850828000128,CONSTRUCAR MATERIAL DE CONSTRUCAO LTDA,,Jacintinho,MACEIO
TINTA,3230,TINTA SPRAY USO G 400ML VIOLETA CLARO CHEMICOLOR,TINTA SPRAY CHEMI COLOR VIOLETA CLARO VIOLET EDITION 400ML,7898436147832,32081010,83000000,UN,2026-09-08T20:33:43Z,25.0,25.0,49850828000128,CONSTRUCAR MATERIAL DE CONSTRUCAO LTDA,,Jacintinho,MACEIO
TINTA,6719,TINTA SPRAY USO G 500ML PT FOSCO CHEMICO,,0,32082011,83000000,UN,2026-09-15T20:25:19Z,25.0,25.0,49850828000128,CONSTRUCAR MATERIAL DE CONSTRUCAO LTDA,,Jacintinho,MACEIO
TINTA,876,TINTA SPRAY,,0,32082011,83000000,UN,2026-09-14T19:41:46Z,25.0,25.0,32738604000126,HORIZONTE MATERIAIS DE CONSTRUCAO,HORIZONTE MATERIAIS DE CONSTRUCAO,TABULEIRO DO MARTINS,MACEIO
TINTA,2577,"ACR INTERIOR FOSCO BCO 3,6L TINTAX",,0,32091010,83000000,UN,2026-09-12T16:04:08Z,25.0,25.0,32011972000178,JOSIVAL VALDEVINO,,BENEDITO BENTES,MACEIO
TINTA,7898436140611,TINTA SPRAY PRETO BRILHANTE CHEMICOLOR,T SPRAY USO G PT BRILHANTE 400ML CHEMICO 1X400ML CHEMICOLOR,7898436140611,32082011,83000000,un,2026-09-11T14:53:38Z,25.3,25.0,24163873000183,CAMILA S DA L NASCIMENTO,,FEITOSA,MACEIO
TINTA,7898436140628,TINTA SPRAY PRETO FOSCO CHEMICOLOR,T SPRAY USO G PT FOSCO 400ML CHEMICOLO 1X400ML CHEMICOLOR,7898436140628,32082011,83000000,un,2026-09-16T13:17:20Z,25.3,25.0,24163873000183,CAMILA S DA L NASCIMENTO,,FEITOSA,MACEIO
TINTA,7898436140611,TINTA SPRAY USO GERAL PT BRILHO  400ML CHEMICOLOR,,0,32082011,83000000,UN,2026-09-16T18:22:34Z,25.9,25.0,03656804002428,CARAJAS MATERIAL DE CONSTRUCAO LTDA,CARAJAS CONSTRUCAO,MANGABEIRAS,MACEIO
TINTA,002809,TINTA SPRAY ALTA TEMP 400ML PRETO FOSCO - CHEMICOLOR*,T SPRAY ALTA TEMP PT FOSCO 350ML CHEMIC 1X350ML CHEMICOLOR,7898436140833,32089010,83000000,UN,2026-09-11T18:46:03Z,25.0,25.0,12024911000138,I. SILVA SANTOS CONSTRUCOES,VAL CONSTRUCOES,CIDADE UNIVERSITARIA,MACEIO
TINTA,002817,TINTA SPRAY USO GERAL 400ML ALUMINIO P/ RODAS CHEMICOLOR*,TINTA SPRAY CHEMICOLOR U.G.ALUMINIO P/RODAS 400ML - BASTON,7898436142714,32089010,83000000,UN,2026-09-10T17:21:59Z,25.0,25.0,12024911000138,I. SILVA SANTOS CONSTRUCOES,VAL CONSTRUCOES,CIDADE UNIVERSITARIA,MACEIO
TINTA,002818,TINTA SPRAY USO GERAL 400ML DOURADO CHEMICOLOR*,T SPRAY USO G DOURADO 400ML CHEMICOLOR 1X400ML CHEMICOLOR,7898436140598,32089010,83000000,UN,2026-09-10T13:32:15Z,25.0,25.0,12024911000138,I. SILVA SANTOS CONSTRUCOES,VAL CONSTRUCOES,CIDADE UNIVERSITARIA,MACEIO
TINTA,002832,TINTA SPRAY FUNDO PREP. LUMINOSO BRANCO 400ML CHEMICOLOR*,TINTA SPRAY CHEMICOLOR 400ML FUNDO PREPARADOR LUMINOSA,7898436141984,32089010,83000000,UN,2026-09-11T20:39:25Z,25.0,25.0,12024911000138,I. SILVA SANTOS CONSTRUCOES,VAL CONSTRUCOES,CIDADE UNIVERSITARIA,MACEIO
TINTA,002834,FUNDO PREPARADOR CINZA CHEMICOLLOR 400ML*,TINTA SPRAY CHEMICOLLOR 400ML FUNDO PREPARADOR GERAL CINZA,7898436140680,32089010,83000000,UN,2026-09-15T16:55:36Z,25.0,25.0,12024911000138,I. SILVA SANTOS CONSTRUCOES,VAL CONSTRUCOES,CIDADE UNIVERSITARIA,MACEIO
TINTA,002838,TINTA SPRAY METALICA 400ML PRATA CHEMICOLOR*,TINTA SPRAY METALICA PR 400ML CHEMICOLOR 1X400ML CHEMICOLOR,7898436142639,32089010,83000000,UN,2026-09-10T13:31:02Z,25.0,25.0,12024911000138,I. SILVA SANTOS CONSTRUCOES,VAL CONSTRUCOES,CIDADE UNIVERSITARIA,MACEIO
TINTA,002839,TINTA SPRAY METALICA 400ML CROMADO CHEMICOLLOR*,T SPRAY METALICA CROMADO 400ML CHEMICOLO 1X400ML CHEMICOLOR,7898436140178,32089010,83000000,UN,2026-09-14T13:13:23Z,25.0,25.0,12024911000138,I. SILVA SANTOS CONSTRUCOES,VAL CONSTRUCOES,CIDADE UNIVERSITARIA,MACEIO
TINTA,005722,TINTA SPRAY ALTA TEMP 400ML ALUMINIO FO CHEMICOLOR*,TINTA SPRAY U. GERAL ALTA TEMPERATURA 350ML ALUMINIO CHEMICOLOR,7898436140826,32089010,83000000,UN,2026-09-12T19:01:34Z,25.0,25.0,12024911000138,I. SILVA SANTOS CONSTRUCOES,VAL CONSTRUCOES,CIDADE UNIVERSITARIA,MACEIO
TINTA,006293,TINTA SPRAY METALICA 400ML AZUL CHEMICOLOR*,TINTA SPRAY MET 300ML AZ CHEMICOLOR SP0001SP,7898436140185,32089010,83000000,UN,2026-09-08T15:20:52Z,25.0,25.0,12024911000138,I. SILVA SANTOS CONSTRUCOES,VAL CONSTRUCOES,CIDADE UNIVERSITARIA,MACEIO
TINTA,009099,TINTA SPRAY METALICA 400ML PRETO CHEMICOLOR*,TINTA SPRAY MET PT 400ML CHEMICOLOR UN C/400ML,7898436140215,32089010,83000000,UN,2026-09-10T13:11:50Z,25.0,25.0,12024911000138,I. SILVA SANTOS CONSTRUCOES,VAL CONSTRUCOES,CIDADE UNIVERSITARIA,MACEIO
TINTA,9000000005334,Tinta acril interior branco 3l,,9000000005334,32091010,83000000,UN,2026-09-11T19:21:31Z,25.0,25.0,14693321000123,ELIUDE LINS DA ROCHA SILVA,NOSSA CASA,TABULEIRO DO MARTINS,MACEIO
TINTA,2260,"ACR INTERIOR FOSCO AMARELO ENERGIA 3,0L TINTAX",,0,32091010,83000000,ND,2026-09-12T13:11:44Z,25.0,25.0,18249861000173,J V DA CONCEICAO MACHADO - ME,JESSICA CONSTRUCOES,TABULEIRO DOS MARTINS,MACEIO
TINTA,002920,TINTA SPRAY U GER 500ML PT/BRI CHEMICOLO,,7899674044341,32082011,83000000,UN,2026-09-08T14:48:05Z,25.0,25.0,18858120000190,GRACILENE CORREIA DA SILVA CANDIDO,HIDROGRAF,SANTA LUCIA,MACEIO
TINTA,003004,TINTA SPRAY U GER 500ML PT/FC CHEMICOLOR,,7899674044358,32082011,83000000,UN,2026-09-14T20:34:38Z,25.0,25.0,18858120000190,GRACILENE CORREIA DA SILVA CANDIDO,HIDROGRAF,SANTA LUCIA,MACEIO
TINTA,32511,TINTA SPRAY PRETO ALTA TEMPERATURA 340ML,ORBI TINTA - PRETO FOSCO ALTA TEMPERATURA (ORBI QUIMICA),7898314113300,32082019,83000000,UN,2026-09-14T18:39:54Z,25.0,25.0,27012132000270,COMPLEMENTAR AUTO PECAS LTDA,AUTOCAR ACESSORIOS,CIDADE UNIVERSITARIA,MACEIO
TINTA,000100352,TINTA SPRAY PRETO FOSCO ALTA T. 400ML LUX,,7898693159029,32082011,83000000,UN,2026-09-12T14:28:18Z,28.0,25.0,36075101000179,C J C DE MELO JUNIOR  LTDA,FERNANDES LIMA CONSTRUCOES,PITANGUINHA,MACEIO
TINTA,683,TINTA SPRAY 350ML PT FOSCO A.T - NORDESTIN,,0,32082019,83000000,UN,2026-09-09T12:43:32Z,25.0,25.0,55532304000191,TOP TINTAS LTDA,TOP TINTAS,Prado,MACEIO
TINTA,000754,TINTA SPRAY USO G 350ML VM NORDESTIN,,74468050860,32082019,83000000,UN,2026-09-15T18:19:23Z,25.0,25.0,26723814000148,DANIEL S DA SILVA - ME,G. F. MATERIAL DE CONSTRUCAO,TABULEIRO DO MARTINS,MACEIO
TINTA,10374,SPRAY CHEMICOLOR METALICA PRETO 400ML,TINTA SPRAY MET PT 400ML CHEMICOLOR UN C/400ML,7898436140215,32082011,83000000,UN,2026-09-08T19:59:13Z,28.0,25.2,12270435000640,L. JARDIM & CIA LTDA,Casas Jardim,JATIUCA,MACEIO
TINTA,10382,SPRAY CHEMICOLOR METALICA BRONZE 400ML,TINTA SPRAY METALICA BRONZE 400ML 1X400ML CHEMICOLOR,7898436142615,32082011,83000000,UN,2026-09-08T16:23:27Z,25.2,25.2,12270435000640,L. JARDIM & CIA LTDA,Casas Jardim,JATIUCA,MACEIO
TINTA,10368,SPRAY CHEMICOLOR USO GERAL VIOLETA ESCURO 400ML,TINTA SPRAY USO G 400ML VIOLETA ESCUR CH UN C/400ML,7898436147825,32082011,83000000,UN,2026-09-08T15:35:27Z,25.2,25.2,12270435000992,L. JARDIM & CIA LTDA,Casas Jardim,TABULEIRO DO MARTINS,MACEIO
TINTA,13632,TINTA SPRAY CHEMICOLOR FUNDO PREPARACAO CINZA 400ML,TINTA SPRAY CHEMICOLLOR 400ML FUNDO PREPARADOR GERAL CINZA,7898436140680,32082011,83000000,UND,2026-09-11T12:32:07Z,28.0,25.2,40927550000175,CENTRAL DOS PARAFUSOS LTDA - ME,,JARAGUA,MACEIO
TINTA,7891153000602,TINTA FOSCA P ARTESA,,0,32091010,83000000,UN,2026-09-11T15:37:44Z,27.9,25.285,06021149000133,PAPEL CENTRAL LTDA - ME,,CENTRO,MACEIO
TINTA,7898940716067,TINTA SPRAY U.G. PRETO BRILHANTE 350ML WB COMPONENTES,,0,32082019,83000000,PC,2026-09-08T14:28:30Z,25.84,25.45,06012511000100,EDMUNDO PECAS SERVICOS E ACESSORIOS PARA VEICULOS LTDA - ME,BRAGA AUTO PECAS,TABULEIRO DO MARTINS,MACEIO
TINTA,32355,TINTA AER PTA METALICO 350ML - 1X350ML,TINTA AEROSSOL PRATA METALICO USO GERAL 350ML/250G COD 23361006900,7898543381273,32082019,83000000,UN,2026-09-10T17:41:30Z,25.49,25.49,49511063000100,LOJAS FELICIA LTDA,LOJAS FELICIA,Centro,MACEIO
TINTA,32375,TINTA AER PT METALICO 350ML - 1X350ML,TINTA AEROSSOL PRETO METALICO 350ML/250G COD 23321006900,7898543381235,32082019,83000000,UN,2026-09-15T20:50:13Z,25.49,25.49,49511063000100,LOJAS FELICIA LTDA,LOJAS FELICIA,Centro,MACEIO
TINTA,55858,TINTA NORDESTIN 350ML METALICA DR - 41.49,,0,32082019,83000000,UN,2026-09-10T16:36:28Z,25.49,25.49,12303616000110,S. VIEIRA DA SILVA LTDA,CASA VIEIRA,CENTRO,MACEIO
TINTA,55815,TINTA NORDESTIN 350ML PT BRILHANTE - 41.49,,0,32082019,83000000,UN,2026-09-08T15:53:44Z,25.49,25.49,12303616000463,S. VIEIRA DA SILVA LTDA,CASA VIEIRA,FAROL,MACEIO
TINTA,55853,TINTA NORDESTIN 350ML METALICA CROM - 41.49,,0,32082019,83000000,UN,2026-09-11T17:56:17Z,25.49,25.49,12303616000463,S. VIEIRA DA SILVA LTDA,CASA VIEIRA,FAROL,MACEIO
TINTA,55819,TINTA NORDESTIN 350ML PT FOSCO - 41.49,,0,32082019,83000000,UN,2026-09-13T20:13:21Z,25.49,25.49,12303616000200,S. VIEIRA DA SILVA LTDA,CASA VIEIRA,CRUZ DAS ALMAS,MACEIO
TINTA,55826,TINTA NORDESTIN 350ML BR FOSCO,,0,32082019,83000000,UN,2026-09-10T18:56:09Z,25.49,25.49,12303616000200,S. VIEIRA DA SILVA LTDA,CASA VIEIRA,CRUZ DAS ALMAS,MACEIO
TINTA,55853,TINTA NORDESTIN 350ML METALICA CROM - 41.49,,0,32082019,83000000,UN,2026-09-15T13:19:11Z,25.49,25.49,12303616000200,S. VIEIRA DA SILVA LTDA,CASA VIEIRA,CRUZ DAS ALMAS,MACEIO
TINTA,32352,TINTA AER OURO METALICO 350ML,TINTA AEROSSOL OURO METALICO 350 ML/250G REF 23351006900,7898543381266,32082019,83000000,UN,2026-09-14T20:34:51Z,25.49,25.49,01888146000340,COMERCIAL DE EMBALAGENS DESCARTAVEIS E FESTAS LTDA - EPP,,JATIUCA,MACEIO
TINTA,32421,TINTA AER VM METALICO 350ML - 1X350ML,TINTA AEROSSOL VERMELHO METALICO 350 ML/250G REF 23301006900,7898543381211,32082019,83000000,UN,2026-09-10T16:30:42Z,25.49,25.49,01888146000340,COMERCIAL DE EMBALAGENS DESCARTAVEIS E FESTAS LTDA - EPP,,JATIUCA,MACEIO
TINTA,32316,TINTA AER COBRE METALICO 350ML - 1X350ML,TINTA AEROSSOL COBRE METALICO 350 ML/250G - TEKBON,7898543381228,32082019,83000000,UN,2026-09-12T18:39:50Z,25.49,25.49,01888146000420,COMERCIAL DE EMBALAGENS DESCARTAVEIS E FESTAS LTDA - EPP,FELICIA,ANTARES,MACEIO
TINTA,32352,TINTA AER OURO METALICO 350ML - 1X350ML,TINTA AEROSSOL OURO METALICO 350 ML/250G REF 23351006900,7898543381266,32082019,83000000,UN,2026-09-15T15:15:23Z,25.49,25.49,01888146000420,COMERCIAL DE EMBALAGENS DESCARTAVEIS E FESTAS LTDA - EPP,FELICIA,ANTARES,MACEIO
TINTA,32355,TINTA AER PTA METALICO 350ML - 1X350ML,TINTA AEROSSOL PRATA METALICO USO GERAL 350ML/250G COD 23361006900,7898543381273,32082019,83000000,UN,2026-09-12T18:39:50Z,25.49,25.49,01888146000420,COMERCIAL DE EMBALAGENS DESCARTAVEIS E FESTAS LTDA - EPP,FELICIA,ANTARES,MACEIO
TINTA,32375,TINTA AER PT METALICO 350ML - 1X350ML,TINTA AEROSSOL PRETO METALICO 350ML/250G COD 23321006900,7898543381235,32082019,83000000,UN,2026-09-12T17:11:06Z,25.49,25.49,01888146000420,COMERCIAL DE EMBALAGENS DESCARTAVEIS E FESTAS LTDA - EPP,FELICIA,ANTARES,MACEIO
TINTA,32096,TINTA AER AZ METALICO 350ML - 1X350ML,TINTA AEROSSOL AZUL METALICO 350 ML/250G REF 23271006900,7898543381181,32082019,83000000,UN,2026-09-09T20:56:09Z,25.49,25.49,49511063000282,LOJAS FELICIA LTDA,LOJAS FELICIA,JACINTINHO,MACEIO
TINTA,32375,TINTA AER PT METALICO 350ML - 1X350ML,TINTA AEROSSOL PRETO METALICO 350ML/250G COD 23321006900,7898543381235,32082019,83000000,UN,2026-09-13T15:03:29Z,25.49,25.49,49511063000282,LOJAS FELICIA LTDA,LOJAS FELICIA,JACINTINHO,MACEIO
TINTA,32316,TINTA AER COBRE METALICO 350ML - 1X350ML,TINTA AEROSSOL COBRE METALICO 350 ML/250G - TEKBON,7898543381228,32082019,83000000,UN,2026-09-11T11:55:50Z,25.49,25.49,01888146000188,COMERCIAL DE EMBALAGENS DESCARTAVEIS E FESTAS LTDA - EPP,FELICIA,JATIUCA,MACEIO
TINTA,32352,TINTA AER OURO METALICO 350ML - 1X350ML,TINTA AEROSSOL OURO METALICO 350 ML/250G REF 23351006900,7898543381266,32082019,83000000,UN,2026-09-16T12:12:25Z,25.49,25.49,01888146000188,COMERCIAL DE EMBALAGENS DESCARTAVEIS E FESTAS LTDA - EPP,FELICIA,JATIUCA,MACEIO
TINTA,32375,TINTA AER PT METALICO 350ML - 1X350ML,TINTA AEROSSOL PRETO METALICO 350ML/250G COD 23321006900,7898543381235,32082019,83000000,UN,2026-09-09T19:15:33Z,25.49,25.49,01888146000188,COMERCIAL DE EMBALAGENS DESCARTAVEIS E FESTAS LTDA - EPP,FELICIA,JATIUCA,MACEIO
TINTA,32352,TINTA AER OURO METALICO 350ML - 1X350ML,TINTA AEROSSOL OURO METALICO 350 ML/250G REF 23351006900,7898543381266,32082019,83000000,UN,2026-09-14T18:37:13Z,25.49,25.49,49511063000100,LOJAS FELICIA LTDA,LOJAS FELICIA,Centro,MACEIO
TINTA,10373,SPRAY CHEMICOLOR METALICA PRATA 400ML,TINTA SPRAY METALICA PR 400ML CHEMICOLOR 1X400ML CHEMICOLOR,7898436142639,32082011,83000000,UN,2026-09-11T20:17:23Z,28.0,25.6,12270435000135,L. JARDIM & CIA LTDA,Casas Jardim,CENTRO,MACEIO
TINTA,7898436140550,TINTA SPRAY USO GERAL ALUM 400ML CHEMICOLOR,T SPRAY USO G ALUMINIO 400ML CHEMICOLOR 1X400ML CHEMICOLOR,7898436140550,32082011,83000000,UN,2026-09-13T19:51:42Z,25.9,25.9,03656804000131,CARAJAS MATERIAL DE CONSTRUCAO LTDA,CARAJAS CONSTRUCAO,TABULEIRO DOS MARTINS,MACEIO
TINTA,7898436140567,TINTA SPRAY USO GERAL AM 400ML CHEMICOLOR,,0,32082011,83000000,UN,2026-09-14T12:11:14Z,25.9,25.9,03656804000131,CARAJAS MATERIAL DE CONSTRUCAO LTDA,CARAJAS CONSTRUCAO,TABULEIRO DOS MARTINS,MACEIO
TINTA,7898436140567,TINTA SPRAY USO GERAL AM 400ML CHEMICOLOR,TINTA SPRAY USO G AM 400ML CHEMICOLOR 1X400ML CHEMICOLOR,7898436140567,32082011,83000000,UN,2026-09-13T18:22:14Z,25.9,25.9,03656804000131,CARAJAS MATERIAL DE CONSTRUCAO LTDA,CARAJAS CONSTRUCAO,TABULEIRO DOS MARTINS,MACEIO
TINTA,7898436140598,TINTA SPRAY USO GERAL DOURADO 400ML CHEMICOLOR,,0,32082011,83000000,UN,2026-09-16T19:09:45Z,25.9,25.9,03656804000131,CARAJAS MATERIAL DE CONSTRUCAO LTDA,CARAJAS CONSTRUCAO,TABULEIRO DOS MARTINS,MACEIO
TINTA,7898436140604,TINTA SPRAY USO GERAL GRAFITE 400ML CHEMICOLOR,T SPRAY USO G GRAFITE 400ML CHEMICOLOR 1X400ML CHEMICOLOR,7898436140604,32082011,83000000,UN,2026-09-14T13:31:51Z,25.9,25.9,03656804000131,CARAJAS MATERIAL DE CONSTRUCAO LTDA,CARAJAS CONSTRUCAO,TABULEIRO DOS MARTINS,MACEIO
TINTA,7898436140611,TINTA SPRAY USO GERAL PT BRILHO  400ML CHEMICOLOR,,0,32082011,83000000,UN,2026-09-16T18:23:29Z,25.9,25.9,03656804000131,CARAJAS MATERIAL DE CONSTRUCAO LTDA,CARAJAS CONSTRUCAO,TABULEIRO DOS MARTINS,MACEIO
TINTA,7898436140611,TINTA SPRAY USO GERAL PT BRILHO  400ML CHEMICOLOR,T SPRAY USO G PT BRILHANTE 400ML CHEMICO 1X400ML CHEMICOLOR,7898436140611,32082011,83000000,UN,2026-09-14T21:36:21Z,25.9,25.9,03656804000131,CARAJAS MATERIAL DE CONSTRUCAO LTDA,CARAJAS CONSTRUCAO,TABULEIRO DOS MARTINS,MACEIO
TINTA,7898436140628,TINTA SPRAY USO GERAL PT FOSCO 400ML CHEMICOLOR,,0,32082011,83000000,UN,2026-09-16T13:12:09Z,25.9,25.9,03656804000131,CARAJAS MATERIAL DE CONSTRUCAO LTDA,CARAJAS CONSTRUCAO,TABULEIRO DOS MARTINS,MACEIO
TINTA,7898436140628,TINTA SPRAY USO GERAL PT FOSCO 400ML CHEMICOLOR,T SPRAY USO G PT FOSCO 400ML CHEMICOLO 1X400ML CHEMICOLOR,7898436140628,32082011,83000000,UN,2026-09-16T19:45:29Z,25.9,25.9,03656804000131,CARAJAS MATERIAL DE CONSTRUCAO LTDA,CARAJAS CONSTRUCAO,TABULEIRO DOS MARTINS,MACEIO
TINTA,7898436140635,TINTA SPRAY USO GERAL VD ESCURO 400ML CHEMICOLOR,,0,32082011,83000000,UN,2026-09-12T12:14:06Z,25.9,25.9,03656804000131,CARAJAS MATERIAL DE CONSTRUCAO LTDA,CARAJAS CONSTRUCAO,TABULEIRO DOS MARTINS,MACEIO
TINTA,7898436140642,TINTA SPRAY USO GERAL VM 400ML CHEMICOLOR,,0,32082011,83000000,UN,2026-09-16T13:30:33Z,25.9,25.9,03656804000131,CARAJAS MATERIAL DE CONSTRUCAO LTDA,CARAJAS CONSTRUCAO,TABULEIRO DOS MARTINS,MACEIO
TINTA,7898436141540,TINTA SPRAY USO GERAL BR FOSCO 400ML CHEMICOLOR,,0,32082011,83000000,UN,2026-09-16T19:11:21Z,25.9,25.9,03656804000131,CARAJAS MATERIAL DE CONSTRUCAO LTDA,CARAJAS CONSTRUCAO,TABULEIRO DOS MARTINS,MACEIO
TINTA,7898436141557,TINTA SPRAY USO GERAL LJ 400ML CHEMICOLOR,,0,32082011,83000000,UN,2026-09-11T17:08:25Z,25.9,25.9,03656804000131,CARAJAS MATERIAL DE CONSTRUCAO LTDA,CARAJAS CONSTRUCAO,TABULEIRO DOS MARTINS,MACEIO
TINTA,7898436141557,TINTA SPRAY USO GERAL LJ 400ML CHEMICOLOR,TINTA SPRAY USO G LR 400ML CHEMICOLO 1X400ML CHEMICOLOR,7898436141557,32082011,83000000,UN,2026-09-09T19:18:48Z,25.9,25.9,03656804000131,CARAJAS MATERIAL DE CONSTRUCAO LTDA,CARAJAS CONSTRUCAO,TABULEIRO DOS MARTINS,MACEIO
TINTA,7898436141571,TINTA SPRAY USO GERAL MR 400ML CHEMICOLOR,TINTA SPRAY USO G 400ML MR CHEMICOLOR 04237,7898436141571,32082011,83000000,UN,2026-09-14T13:31:51Z,25.9,25.9,03656804000131,CARAJAS MATERIAL DE CONSTRUCAO LTDA,CARAJAS CONSTRUCAO,TABULEIRO DOS MARTINS,MACEIO
TINTA,7898436141618,TINTA SPRAY USO GERAL AZ ESCURO 400ML CHEMICOLOR,,0,32082011,83000000,UN,2026-09-15T21:29:24Z,25.9,25.9,03656804000131,CARAJAS MATERIAL DE CONSTRUCAO LTDA,CARAJAS CONSTRUCAO,TABULEIRO DOS MARTINS,MACEIO
TINTA,7898436141632,TINTA SPRAY USO GERAL BG 400ML CHEMICOLOR,,0,32082011,83000000,UN,2026-09-14T12:11:14Z,25.9,25.9,03656804000131,CARAJAS MATERIAL DE CONSTRUCAO LTDA,CARAJAS CONSTRUCAO,TABULEIRO DOS MARTINS,MACEIO
TINTA,7898436142714,TINTA SPRAY USO GERAL ALU P/RODAS 400ML CHEMICOLOR,,0,32082011,83000000,UN,2026-09-09T16:11:13Z,25.9,25.9,03656804000131,CARAJAS MATERIAL DE CONSTRUCAO LTDA,CARAJAS CONSTRUCAO,TABULEIRO DOS MARTINS,MACEIO
TINTA,7898436146125,TINTA SPRAY USO GERAL CZ CLARO 400ML CHEMICOLOR,,0,32082011,83000000,UN,2026-09-16T13:30:33Z,25.9,25.9,03656804000131,CARAJAS MATERIAL DE CONSTRUCAO LTDA,CARAJAS CONSTRUCAO,TABULEIRO DOS MARTINS,MACEIO
TINTA,7898436146132,TINTA SPRAY USO GERAL CZ ESC 400ML CHEMICOLOR,TINTA SPRAY USO GERAL 400ML CINZA ESCURO - CHEMICOLOR,7898436146132,32082011,83000000,UN,2026-09-11T20:48:50Z,25.9,25.9,03656804000131,CARAJAS MATERIAL DE CONSTRUCAO LTDA,CARAJAS CONSTRUCAO,TABULEIRO DOS MARTINS,MACEIO
TINTA,3003,"4382 TINTA BRANCO GELO INTERNA GL 3,0L",,618341747784,32091010,83000000,UN,2026-09-11T14:01:42Z,25.9,25.9,42772381000177,RAMOS BRASIL PERFIL LTDA,PRIME CONSTRUCOES,CIDADE UNIVERSITARIA,MACEIO
TINTA,3092,"4381 TINTA BRANCO NEVE INTERNA GL 3,0L",,618341747777,32091010,83000000,UN,2026-09-11T14:30:37Z,25.9,25.9,42772381000177,RAMOS BRASIL PERFIL LTDA,PRIME CONSTRUCOES,CIDADE UNIVERSITARIA,MACEIO
TINTA,7898436147832,TINTA SPRAY USO GERAL VIOLETA CLA 400ML CHEMICOLOR,TINTA SPRAY CHEMI COLOR VIOLETA CLARO VIOLET EDITION 400ML,7898436147832,32082011,83000000,UN,2026-09-07T20:36:54Z,25.9,25.9,03656804002428,CARAJAS MATERIAL DE CONSTRUCAO LTDA,CARAJAS CONSTRUCAO,MANGABEIRAS,MACEIO
TINTA,7898436140550,TINTA SPRAY USO GERAL ALUM 400ML CHEMICOLOR,,0,32082011,83000000,UN,2026-09-14T13:33:25Z,25.9,25.9,03656804000131,CARAJAS MATERIAL DE CONSTRUCAO LTDA,CARAJAS CONSTRUCAO,TABULEIRO DOS MARTINS,MACEIO
TINTA,7898436140550,TINTA SPRAY USO GERAL ALUM 400ML CHEMICOLOR,,0,32082011,83000000,UN,2026-09-16T22:16:09Z,25.9,25.9,03656804002428,CARAJAS MATERIAL DE CONSTRUCAO LTDA,CARAJAS CONSTRUCAO,MANGABEIRAS,MACEIO
TINTA,7898436140567,TINTA SPRAY USO GERAL AM 400ML CHEMICOLOR,,0,32082011,83000000,UN,2026-09-09T15:27:48Z,25.9,25.9,03656804002428,CARAJAS MATERIAL DE CONSTRUCAO LTDA,CARAJAS CONSTRUCAO,MANGABEIRAS,MACEIO
TINTA,7898436140581,TINTA SPRAY USO GERAL BR BRILHO 400ML CHEMICOLOR,,0,32082011,83000000,UN,2026-09-14T20:47:21Z,25.9,25.9,03656804002428,CARAJAS MATERIAL DE CONSTRUCAO LTDA,CARAJAS CONSTRUCAO,MANGABEIRAS,MACEIO
TINTA,7898436140598,TINTA SPRAY USO GERAL DOURADO 400ML CHEMICOLOR,,0,32082011,83000000,UN,2026-09-12T22:33:51Z,25.9,25.9,03656804002428,CARAJAS MATERIAL DE CONSTRUCAO LTDA,CARAJAS CONSTRUCAO,MANGABEIRAS,MACEIO
TINTA,7898436140604,TINTA SPRAY USO GERAL GRAFITE 400ML CHEMICOLOR,,0,32082011,83000000,UN,2026-09-11T18:12:48Z,25.9,25.9,03656804002428,CARAJAS MATERIAL DE CONSTRUCAO LTDA,CARAJAS CONSTRUCAO,MANGABEIRAS,MACEIO
TINTA,7898436140628,TINTA SPRAY USO GERAL PT FOSCO 400ML CHEMICOLOR,,0,32082011,83000000,UN,2026-09-16T15:19:48Z,25.9,25.9,03656804002428,CARAJAS MATERIAL DE CONSTRUCAO LTDA,CARAJAS CONSTRUCAO,MANGABEIRAS,MACEIO
TINTA,7898436140628,TINTA SPRAY USO GERAL PT FOSCO 400ML CHEMICOLOR,T SPRAY USO G PT FOSCO 400ML CHEMICOLO 1X400ML CHEMICOLOR,7898436140628,32082011,83000000,UN,2026-09-16T22:31:53Z,25.9,25.9,03656804002428,CARAJAS MATERIAL DE CONSTRUCAO LTDA,CARAJAS CONSTRUCAO,MANGABEIRAS,MACEIO
TINTA,7898436140642,TINTA SPRAY USO GERAL VM 400ML CHEMICOLOR,,0,32082011,83000000,UN,2026-09-15T16:39:11Z,25.9,25.9,03656804002428,CARAJAS MATERIAL DE CONSTRUCAO LTDA,CARAJAS CONSTRUCAO,MANGABEIRAS,MACEIO
TINTA,7898436140642,TINTA SPRAY USO GERAL VM 400ML CHEMICOLOR,TINTA SPRAY USO G VM 400ML CHEMICOLOR 1X400ML CHEMICOLOR,7898436140642,32082011,83000000,UN,2026-09-08T20:01:12Z,25.9,25.9,03656804002428,CARAJAS MATERIAL DE CONSTRUCAO LTDA,CARAJAS CONSTRUCAO,MANGABEIRAS,MACEIO
TINTA,7898436141540,TINTA SPRAY USO GERAL BR FOSCO 400ML CHEMICOLOR,,0,32082011,83000000,UN,2026-09-12T20:38:18Z,25.9,25.9,03656804002428,CARAJAS MATERIAL DE CONSTRUCAO LTDA,CARAJAS CONSTRUCAO,MANGABEIRAS,MACEIO
TINTA,7898436141540,TINTA SPRAY USO GERAL BR FOSCO 400ML CHEMICOLOR,T SPRAY USO G BR FOSCO 400ML CHEMICOLO 1X400ML CHEMICOLOR,7898436141540,32082011,83000000,UN,2026-09-13T21:16:38Z,25.9,25.9,03656804002428,CARAJAS MATERIAL DE CONSTRUCAO LTDA,CARAJAS CONSTRUCAO,MANGABEIRAS,MACEIO
TINTA,7898436141557,TINTA SPRAY USO GERAL LJ 400ML CHEMICOLOR,,0,32082011,83000000,UN,2026-09-08T21:40:51Z,25.9,25.9,03656804002428,CARAJAS MATERIAL DE CONSTRUCAO LTDA,CARAJAS CONSTRUCAO,MANGABEIRAS,MACEIO
TINTA,7898436141571,TINTA SPRAY USO GERAL MR 400ML CHEMICOLOR,TINTA SPRAY USO G 400ML MR CHEMICOLOR 04237,7898436141571,32082011,83000000,UN,2026-09-16T17:47:51Z,25.9,25.9,03656804002428,CARAJAS MATERIAL DE CONSTRUCAO LTDA,CARAJAS CONSTRUCAO,MANGABEIRAS,MACEIO
TINTA,7898436146132,TINTA SPRAY USO GERAL CZ ESC 400ML CHEMICOLOR,,0,32082011,83000000,UN,2026-09-14T19:20:42Z,25.9,25.9,03656804002428,CARAJAS MATERIAL DE CONSTRUCAO LTDA,CARAJAS CONSTRUCAO,MANGABEIRAS,MACEIO
TINTA,32245,SPRAY PRETO BRILHOSO ALTA TEMPERATURA TEKBOND,TINTA TEKBON AEROSSOL PRETO ALTA TEMPERATURA PRETO BRILHANTE 350ML,7898543381167,32082019,83000000,UN,2026-09-11T14:33:46Z,25.98,25.98,10765251000978,MOTOSHOW DISTRIBUIDORA DE PECAS PARA MOTOS E MOTOCICLETAS LTDA,MOTOSHOW PECAS,CENTRO,MACEIO
TINTA,945,TINTA SPRAY PRATA METALICO,,0,32082019,83000000,UN,2026-09-15T13:33:42Z,26.0,26.0,09309774000173,ELIANA GONCALVES BARROS - ME,BARROS CONSTRUCOES,T DOS MARTINS,MACEIO
TINTA,000258,TINTA SPRAY CROMADO CHEMICOLO,T SPRAY METALICA CROMADO 400ML CHEMICOLO 1X400ML CHEMICOLOR,7898436140178,32082011,83000000,UN,2026-09-10T18:22:29Z,26.0,26.0,12832317000173,ANTONIO SOARES MACHADO -  ME,ELETRO SOARES,LEVADA,MACEIO
TINTA,10343,SPRAY CHEMICOLOR ALTA TEMPERATURA BRANCO FOSCO 350ML,TINTA SPRAY CHEMICOLOR ALTA TEMP.BRANCO FOSCO 350ML - BASTON,7898436146149,32082011,83000000,UND,2026-09-08T17:38:15Z,29.0,26.0,12270435001026,L. JARDIM & CIA LTDA,Casas Jardim,FAROL,MACEIO
TINTA,1064,TINTA SPRAY USO G 350ML PT TEK BOND,,0,32082019,83000000,UN,2026-09-15T14:30:50Z,26.0,26.0,57508484000100,57.508.484 JOSILDA DOS SANTOS,COMERCIAL SAO PAULO,Ipioca,MACEIO
TINTA,3527,TINTAX ACR INT BRANCO NEVE 3L,,0,32091010,83000000,UN,2026-09-10T18:09:02Z,26.0,26.0,26172162000109,DONA BELA CONSTRUÇÕES LTDA,DONA BELA,TABULEIRO DO MARTINS,MACEIO
TINTA,7898543381167,TINTA SPRAY PRETO ALTA TEMP. 350ML TEKBOND,,0,32082019,83000000,UN,2026-09-09T19:01:26Z,28.9,26.01,00837552000159,JOSE CARLOS DOS SANTOS CONSTRUCAO LTDA,GG CASA & CONSTRUCAO,CLIMA BOM,MACEIO
TINTA,7891153032047,TINTA FOSCA P ARTESA,,0,32091010,83000000,UN,2026-09-11T15:50:08Z,27.9,26.058,06021149000133,PAPEL CENTRAL LTDA - ME,,CENTRO,MACEIO
TINTA,10343,SPRAY CHEMICOLOR ALTA TEMPERATURA BRANCO FOSCO 350ML,TINTA SPRAY CHEMICOLOR ALTA TEMP.BRANCO FOSCO 350ML - BASTON,7898436146149,32082011,83000000,UND,2026-09-12T13:27:36Z,29.0,26.1,12270435000135,L. JARDIM & CIA LTDA,Casas Jardim,CENTRO,MACEIO
TINTA,11602,"TINTA PISO PREMIUM NOVOPISO PRETO FOSCO POTE 0,9L HYDRONORTH",,7896257582139,32091010,83000000,LT,2026-09-11T12:55:38Z,26.4,26.4,12270435000720,L. JARDIM & CIA LTDA,CASA JARDIM,BARRO DURO,MACEIO
TINTA,000100515,TINTA SPRAY BRANCO FOSCO ALTA T. 400ML LUX,,0,32082011,83000000,UN,2026-09-09T18:03:22Z,26.5,26.5,36075101000179,C J C DE MELO JUNIOR  LTDA,FERNANDES LIMA CONSTRUCOES,PITANGUINHA,MACEIO
TINTA,12097,"TINTA ECOMAX LATEX 3,0 LT BRANCO TOTAL GL QTD. 24.00 GL",,7898480534749,32091010,83000000,GL,2026-09-14T10:24:44Z,30.0,26.57,11653178000158,DIMAS TORQUATO DOS SANTOS - ME,CASA DA CONSTRUCAO,CLIMA BOM,MACEIO
TINTA,7465,TINTA SPRAY ESM. ORBI ALUMINIO 340ML 6695,,0,32082011,83000000,UN,2026-09-11T17:15:09Z,29.95,26.76,02138293000101,J. A. DA SILVA MAT. DE CONSTRUCAO - ME,JH COMERCIAL,PRADO,MACEIO
TINTA,7891323104406,TINTA SPRAY VM METAL 400ML USO GERAL COLORGIN,,0,32082019,83000000,UN,2026-09-14T12:11:14Z,26.9,26.9,03656804000131,CARAJAS MATERIAL DE CONSTRUCAO LTDA,CARAJAS CONSTRUCAO,TABULEIRO DOS MARTINS,MACEIO
TINTA,355164,SPRAY ALTA TEMP 350ML BRANC-F CHEMICOLOR UND,TINTA SPRAY CHEMICOLOR ALTA TEMP.BRANCO FOSCO 350ML - BASTON,7898436146149,32082011,83000000,LT,2026-09-16T14:00:02Z,26.9,26.9,03555402000140,PARAGOMINAS HOME CENTER LTDA,PARAGOMINAS HOME CENTER,SANTOS DUMONT,MACEIO
TINTA,0074468051041,TINTA SPRAY 350ML ALTA TEMP. PRETO BRILHO NORDESTIN,,0,32082019,83000000,UN,2026-09-08T12:24:12Z,29.9,26.91,00837552000159,JOSE CARLOS DOS SANTOS CONSTRUCAO LTDA,GG CASA & CONSTRUCAO,CLIMA BOM,MACEIO
TINTA,35,Tinta Spray 400ml Luminosa Pink Chemicolor,TINTA SPRAY CHEMICOLOR LUMINOSA PINK 400ML - BASTON,7898436141724,32082011,83000000,UN,2026-09-11T13:51:29Z,27.0,27.0,34532809000186,BOLINHA CONSTRUÇÕES LTDA,BOLINHA CONSTRUCOES,CENTRO,MACEIO
TINTA,10279,TINTA SPRAY ALTA TEMP. 350ML PT TEK BOND,TINTA TEKBON AEROSSOL PRETO ALTA TEMPERATURA PRETO BRILHANTE 350ML,7898543381167,32082019,83000000,UN,2026-09-08T19:58:18Z,27.0,27.0,34519968000140,GALPAO DA CONSTRUCAO LTDA,GALPAO DA CONSTRUCAO,CIDADE UNIVERSITARIA,MACEIO
TINTA,985817,"TINTA ESM BR 0,75L SEC RAP AZ/DR CORAL LT0001LT",,7891019920808,32081010,83000000,LT,2026-09-16T12:45:28Z,53.99,27.0,00279531000670,TUPAN CONSTRUCOES LTDA,,JARDIM PETROPOLIS,MACEIO
TINTA,985829,"TINTA ESM BR 0,75L SEC RAP VM/GO CORAL LT0001LT",,7891019920884,32081010,83000000,LT,2026-09-16T12:45:28Z,53.99,27.0,00279531000670,TUPAN CONSTRUCOES LTDA,,JARDIM PETROPOLIS,MACEIO
TINTA,985833,"TINTA ESM BR 0,75L SEC RAP VD/FOLH CORAL LT0001LT",,7891019920921,32081010,83000000,LT,2026-09-13T14:54:32Z,53.99,27.0,00279531000670,TUPAN CONSTRUCOES LTDA,,JARDIM PETROPOLIS,MACEIO
TINTA,18936,TEKBOND TINTA SPRAY USO GERAL DOURADO 350ML,"TINTA SPRAY USOGERAL DOURADO 350ML - TEKBOND,ONU 1950,AEROSOIS - PIRETROIDES,SUBCLASSE 2.1,(CLASSE 2",7898543380962,32082019,83000000,UND,2026-09-10T18:24:27Z,27.0,27.0,17185102000121,VCL COMERCIO DE MATERIAL DE CONSTRUCAO LTDA -  EPP,VCL COMERCIAL,BARRO DURO,MACEIO
TINTA,462,MASSA CORRIDA SC 10KG HIDROTINTAS,MASSA CORRIDA SC 10KG HIDROTINTAS SC C/10KG,7899010485746,32091010,83000000,KG,2026-09-10T16:36:58Z,27.0,27.0,18249861000173,J V DA CONCEICAO MACHADO - ME,JESSICA CONSTRUCOES,TABULEIRO DOS MARTINS,MACEIO
TINTA,1778,"ACR INTERIOR FOSCO BCO 3,6L TINTAX",,0,32091010,83000000,ND,2026-09-12T13:11:10Z,27.0,27.0,18249861000173,J V DA CONCEICAO MACHADO - ME,JESSICA CONSTRUCOES,TABULEIRO DOS MARTINS,MACEIO
TINTA,3815,"TINTA INT ECONOMICA 3,6L BANCO NEVE - ARACOR",,7890000054270,32091010,83000000,UN,2026-09-10T16:57:13Z,27.0,27.0,19164559000185,DAKAZA COMERCIO DE MATERIAIS DE CONSTRUCAO LTDA - ME,DAKAZA,TRAPICHE DA BARRA,MACEIO
TINTA,3295,TINTA SPRAY 350ML MET DOURADA CHEMICOLOR,,0,32082011,83000000,UN,2026-09-14T17:29:21Z,27.0,27.0,42524555000182,MARTA DE LIMA CARDOZO,TM CONSTRUCOES,OURO PRETO,MACEIO
TINTA,6208,TINTA SPRAY MET 350ML PT TEK BOND,,0,32082019,83000000,UN,2026-09-10T17:01:56Z,27.0,27.0,42524555000182,MARTA DE LIMA CARDOZO,TM CONSTRUCOES,OURO PRETO,MACEIO
TINTA,7898436140833,TINTA SPRAY PT FOSCO P/ALTA TEMP 350ML CHEMICOLOR,T SPRAY ALTA TEMP PT FOSCO 350ML CHEMIC 1X350ML CHEMICOLOR,7898436140833,32082011,83000000,UN,2026-09-16T16:54:03Z,33.9,27.12,03656804000131,CARAJAS MATERIAL DE CONSTRUCAO LTDA,CARAJAS CONSTRUCAO,TABULEIRO DOS MARTINS,MACEIO
TINTA,1778,TINTA SPRAY ALTA TEMP.ALUMINIO 350ML - TEKBOND,,0,32082019,83000000,UN,2026-09-12T13:43:24Z,29.84,27.2,05383376000146,M. DE L. CUSTODIO DE CARVALHO LTDA,,ANTARES,MACEIO
TINTA,2898,TINTA AEROSSOL PRATA METALICO 350ML 2336,TINTA AEROSSOL PRATA METALICO USO GERAL 350ML/250G COD 23361006900,7898543381273,32082019,83000000,UN,2026-09-09T14:18:05Z,27.2,27.2,04767762000179,MERCADAO DAS MIUDEZAS E PAPELARIA - EIRELI - EPP,MERCADAO DAS MIUDEZAS,CENTRO,MACEIO
TINTA,7898436146149,SPRAY BRANCO FOSCO ALTA TEMPERATURA CHEMICOLOR,TINTA SPRAY CHEMICOLOR ALTA TEMP.BRANCO FOSCO 350ML - BASTON,7898436146149,32082011,83000000,UN,2026-09-15T13:58:47Z,29.15,27.25,28341278000141,FABIO  S  DO NASCIMENTO EIRELI - ME,IMPERJUNIOR,JACINTINHO,MACEIO
TINTA,4010,#2400100#32082011# TINTA SPRAY 400ML PT BRILHANTE - CHEMICOLOR,,0,32082011,83000000,UN,2026-09-08T13:11:55Z,27.5,27.384285714285713,03611397000146,MARCELO NUNES DE AMORIM - ME,,TAB. DOS MARTINS,MACEIO
TINTA,001869,TINTAX ACR ECONOMICO INT CINZA S PAULO GALAO,,9000000005709,32091010,83000000,UN,2026-09-13T12:03:29Z,29.0,27.47,28923975000100,KAROLINY B CARDOSO - ME,COMERCIAL KAROL,JACINTINHO,MACEIO
TINTA,898499,TINTA SPRAY PRETO FOSCO ALTA TEMPERATURA CHEMICOLOR,T SPRAY ALTA TEMP PT FOSCO 350ML CHEMIC 1X350ML CHEMICOLOR,7898436140833,32082011,83000000,UN,2026-09-08T17:48:44Z,29.15,27.48,28341278000141,FABIO  S  DO NASCIMENTO EIRELI - ME,IMPERJUNIOR,JACINTINHO,MACEIO
TINTA,57463,"TINTA LUXCRIL 3,0L BR.GELO LUX - 03783",,7908147622150,32091010,83000000,GL,2026-09-16T16:15:01Z,64.99,27.5,70015672000156,ENCONTRO DO SOL HOME CENTER LTDA,ENCONTRO DO SOL HOME CENTER,TABULEIRO DO MARTINS,MACEIO
TINTA,48664,"TINTA COLORIR 3,0L MEL ALUX",,7908147621757,32091010,83000000,GL,2026-09-12T20:24:30Z,54.99,27.5,70015672000156,ENCONTRO DO SOL HOME CENTER LTDA,ENCONTRO DO SOL HOME CENTER,TABULEIRO DO MARTINS,MACEIO
TINTA,48776,"TINTA COLORIR 3,0L CZ.SERENO LUX",,7908147621702,32091010,83000000,UN,2026-09-15T11:51:15Z,54.99,27.5,70015672000156,ENCONTRO DO SOL HOME CENTER LTDA,ENCONTRO DO SOL HOME CENTER,TABULEIRO DO MARTINS,MACEIO
TINTA,12327,**TINTA SPRAY CHEMICOLOR AZUL ESCURO 400ML,T SPRAY USO G AZ ESCURO 400ML CHEMICO 1X400ML CHEMICOLOR,7898436141618,32082011,83000000,UND,2026-09-08T11:31:21Z,27.83,27.83,40927550000175,CENTRAL DOS PARAFUSOS LTDA - ME,,JARAGUA,MACEIO
TINTA,4072,TINTA LATEX DURAMAIS BRANCO GELO 3L LUX D OK,,7908147621023,32091010,83000000,UN,2026-09-11T13:07:18Z,27.9,27.9,43906461000130,AUROCON CONSTRUCAO LTDA,MIX  DA CONSTRUCAO,BARRO DURO,MACEIO
TINTA,355176,SPRAY METALICA 400ML PRETO CHEMICOLOR UND,TINTA SPRAY MET PT 400ML CHEMICOLOR UN C/400ML,7898436140215,32082011,83000000,LT,2026-09-09T21:38:39Z,27.9,27.9,03555402000140,PARAGOMINAS HOME CENTER LTDA,PARAGOMINAS HOME CENTER,SANTOS DUMONT,MACEIO
TINTA,7891153032054,TINTA FOSCA P ARTESA,,0,32091010,83000000,UN,2026-09-15T20:35:13Z,27.9,27.9,06021149000133,PAPEL CENTRAL LTDA - ME,,CENTRO,MACEIO
TINTA,1744,TINTA SPRAY DOURADO METALICO 350ML/250G TEKBOND,,0,32082019,83000000,UN,2026-09-15T11:08:14Z,29.39,27.93,55263918000115,M&S COMERCIO VAREJISTA LTDA,M&S COMERCIO VAREJISTA,Antares,MACEIO
TINTA,2177,*TINTA ESMALTE STAND 900ML BCA UNIVERSO,,17891696008308,32081010,83000000,CX,2026-09-09T17:59:23Z,28.0,27.98,18249861000173,J V DA CONCEICAO MACHADO - ME,JESSICA CONSTRUCOES,TABULEIRO DOS MARTINS,MACEIO
TINTA,898524,TINTA SPRAY U GER 400ML DO CHEMICOLOR,T SPRAY USO G DOURADO 400ML CHEMICOLOR 1X400ML CHEMICOLOR,7898436140598,32082011,83000000,SP,2026-09-16T16:35:23Z,27.99,27.99,00279531000670,TUPAN CONSTRUCOES LTDA,,JARDIM PETROPOLIS,MACEIO
TINTA,7036,TINTA SPRAY PT FO 350ML U.GERA - TEKBOND,,0,32082019,83000000,UN,2026-09-09T21:04:52Z,27.99,27.99,27137365000119,PATRICIA C CAVALCANTE - ME,MERCEARIA VEIGA,GRUTA DE LOURDES,MACEIO
TINTA,00818,COLORGIN ARTE URBANA AMARELO LIMAO 400ML 914,TINTA SPRAY AM LIMAO 400ML ARTE URBANA COLORGIN,7891494009142,32082019,83000000,400ML,2026-09-09T17:13:22Z,27.99,27.99,41248067000631,FBS COMERCIO DE TINTAS LTDA,,JATIUCA,MACEIO
TINTA,00840,COLORGIN ARTE URBANA BRANCO 400ML 944,TINTA SPRAY BR 400ML ARTE URBANA COLORGIN,7891494009449,32082019,83000000,400ML,2026-09-09T17:13:22Z,27.99,27.99,41248067000631,FBS COMERCIO DE TINTAS LTDA,,JATIUCA,MACEIO
TINTA,00863,COLORGIN ARTE URBANA MAGENTA 400ML 918,TINTA SPRAY MAGENTA 400ML ARTE URBANA COLORGIN,7891494009180,32082019,83000000,400ML,2026-09-14T17:33:04Z,28.0,28.0,41248067000631,FBS COMERCIO DE TINTAS LTDA,,JATIUCA,MACEIO
TINTA,1306,T SPRAY 400ML A. TEMP BR FOSCO C6 CHEMI,TINTA SPRAY CHEMICOLOR ALTA TEMP.BRANCO FOSCO 350ML - BASTON,7898436146149,32082011,83000000,UN,2026-09-13T15:38:44Z,28.0,28.0,56952576000103,S DE L S SOUZA,JL Construções,Chã da Jaqueira,MACEIO
TINTA,1984,TINTA SPRAY ALTA TEMP 350ML PT TEK BOND,TINTA TEKBON AEROSSOL PRETO ALTA TEMPERATURA PRETO BRILHANTE 350ML,7898543381167,32082019,83000000,UN,2026-09-08T20:42:00Z,28.0,28.0,56952576000103,S DE L S SOUZA,JL Construções,Chã da Jaqueira,MACEIO
TINTA,2578,TINTA DANLAR INTERNA BRANCO GELO 3L DANTEX,,0,32089010,83000000,UN,2026-09-10T20:11:02Z,29.99,28.0,56020708000169,J&F VAREJO DE MATERIAL DE CONSTRUÇÃO LTDA,,Benedito Bentes,MACEIO
TINTA,0008040,"ACR INTERIOR FOSCO BRANCO 3,0L TINTAX",,9000000005334,32091010,83000000,GL,2026-09-09T20:02:23Z,28.0,28.0,08610072000162,A. E. FERREIRA -  ME,,BENEDITO BENTES,MACEIO
TINTA,2131,T SPRAY 400ML MET PRATA C/6 CHEMICOLOR,TINTA SPRAY METALICA PR 400ML CHEMICOLOR 1X400ML CHEMICOLOR,7898436142639,32082011,83000000,UN,2026-09-11T19:20:01Z,28.0,28.0,31777442000172,DELMIRO PRE-MOLDADOS LTDA,DAVI PRE-MOLDADOS,SANTOS DUMONT,MACEIO
TINTA,002828,TINTA SPRAY LUMINOSA 400ML VERDE CHEMICOLOR*,TINTA SPRAY LUMINOSA VD 400ML CHEMICOLOR 1X400ML CHEMICOLOR,7898436141748,32089010,83000000,UN,2026-09-08T15:26:49Z,28.0,28.0,12024911000138,I. SILVA SANTOS CONSTRUCOES,VAL CONSTRUCOES,CIDADE UNIVERSITARIA,MACEIO
TINTA,002831,TINTA SPRAY LUMINOSA 400ML MAGENTA CHEMICOLOR*,T SPRAY LUMINOSA MAGENTA 400ML CHEMICOLO 1X400ML CHEMICOLOR,7898436142196,32089010,83000000,UN,2026-09-10T16:28:45Z,28.0,28.0,12024911000138,I. SILVA SANTOS CONSTRUCOES,VAL CONSTRUCOES,CIDADE UNIVERSITARIA,MACEIO
TINTA,006294,TINTA SPRAY LUMINOSA 400 ML AMARELO CHEMICOLOR*,TINTA SPRAY LUMINOSA AM 400ML CHEMICOLO 1X400ML CHEMICOLOR,7898436141700,32089010,83000000,UN,2026-09-08T15:26:49Z,28.0,28.0,12024911000138,I. SILVA SANTOS CONSTRUCOES,VAL CONSTRUCOES,CIDADE UNIVERSITARIA,MACEIO
TINTA,0000237,TINTA SPRAY 350ML PT FOSCO ALT - CHEMICOLOR,,7890000002370,32082011,83000000,UN,2026-09-12T16:27:57Z,28.0,28.0,15028598000102,JEOVA BARBOSA DE SIQUEIRA,,BENEDITO BENTES,MACEIO
TINTA,5341,TINTAX ACR INTERIOR FOSCO BCO 3 L,,0,32091010,83000000,UN,2026-09-08T20:02:37Z,28.0,28.0,42524555000182,MARTA DE LIMA CARDOZO,TM CONSTRUCOES,OURO PRETO,MACEIO
TINTA,6432,TINTAX ACR INTERIOR FOSCO GELO 3L,,0,32091010,83000000,UN,2026-09-15T20:51:10Z,28.0,28.0,42524555000182,MARTA DE LIMA CARDOZO,TM CONSTRUCOES,OURO PRETO,MACEIO
TINTA,10560,SPRAY ALTA TEMP PRETO FOSCO 350ML TEKBOND,TINTA SPRAY SUPER COLOR PRETO FOSCO ALTA TEMPERATURA 350ML TEKBOND REF: 38234,7898543382348,32082019,83000000,UN,2026-09-12T15:48:16Z,28.0,28.0,22442491000163,MADSON LUAN CORRERIA RAMOS,OURO PRETO MATERIAIS DE CONSTRUCAO,OURO PRETO,MACEIO
TINTA,3357,"ESMALTE VERDE LIMAO 0,75L BELLA TINTAS BELLA",,0,32081010,83000000,UN,2026-09-15T11:34:49Z,28.0,28.0,15095388000129,CAIO ANDERSON DA SILVA MATERIAL DE CONSTRUÇÃO,,CENTRO,MACEIO
TINTA,12643,TINTA ALTA TEMPERATURA PRETO FOSCO 350ML,TINTA SPRAY SUPER COLOR PRETO FOSCO ALTA TEMPERATURA 350ML TEKBOND REF: 38234,7898543382348,32082019,83000000,UN,2026-09-10T20:58:59Z,28.0,28.0,45805420000183,ARRUDA AUTO PECAS E SERVICOS LTDA,ARRUDA AUTO PECAS,Santos Dumont,MACEIO
TINTA,000100352,TINTA SPRAY PRETO FOSCO ALTA T. 400ML LUX,,0,32082011,83000000,UN,2026-09-12T14:51:54Z,28.0,28.0,36075101000179,C J C DE MELO JUNIOR  LTDA,FERNANDES LIMA CONSTRUCOES,PITANGUINHA,MACEIO
TINTA,498,DIALINE - SECA RAPIDO - CINZA MEDIO 225 ML,"DIALINE-ESM SEC RAP CZA MEDIO 225 ML -> COD.ONU: 1263 CL.RISCO: 3,0 GR.EMB: III TINTA CONTENDO SOLVENTE ORGANICO.",7892948012602,32081010,83000000,UN,2026-09-14T14:03:46Z,28.0,28.0,23959130000151,ELINEIDE SANTOS NASCIMENTO - ME,CASA NASCIMENTO,JACINTINHO,MACEIO
TINTA,CFOP5405,TINTA ACRILICA SOFT 3L BRANCO NEVE MEGAO,,7898701773919,32091010,83000000,GL,2026-09-14T18:55:34Z,30.0,28.14,39679671000166,FABIO REGUEIRA COSTA BARBOSA LTDA,RAMOS CONSTRUCOES,CENTRO,MACEIO
TINTA,876,THINNER PU 8000 # # ONU 1263 QUANT.LTDA MATERIAL RELACIONADO COM TINTAS 3 II,,0,38140090,83000000,UN,2026-09-10T18:48:43Z,28.6,28.41,55532304000191,TOP TINTAS LTDA,TOP TINTAS,Prado,MACEIO
TINTA,4714,TINTA ANTI MOFO BRANCO 3L TINTAX OK,,0,32091010,83000000,UN,2026-09-10T12:20:27Z,29.99,28.5,43906461000130,AUROCON CONSTRUCAO LTDA,MIX  DA CONSTRUCAO,BARRO DURO,MACEIO
TINTA,2138,THINNER 8000 PU FARBEN 900ML,THINNER PU 8000 ONU 1263 QUANT.LTDA MATERIAL RELACIONADO COM TINTA,7899381687480,38140090,83000000,UN,2026-09-11T19:54:27Z,30.0,28.714444444444446,22454634000157,COMERCIAL DE TINTAS DA JATIUCA LTDA,M&C TINTAS,JATIUCA,MACEIO
TINTA,07898543382348,TINTA SPRAY PT FO A.TEMP 350ML - TEKBOND,TINTA SPRAY SUPER COLOR PRETO FOSCO ALTA TEMPERATURA 350ML TEKBOND REF: 38234,7898543382348,32082019,83000000,UN,2026-09-14T13:09:43Z,32.0,28.8,38430818000117,PARAFUZETA MATERIAIS DE CONSTRUCOES E MULTICOISAS LTDA,PARAFUZETA MULTICOISAS,JATIUCA,MACEIO
TINTA,285,TINTA SPRAY USO GERAL VIOLETA ESCURO 400ml CHEMICOLOR,TINTA SPRAY USO G 400ML VIOLETA ESCUR CH UN C/400ML,7898436147825,32082011,83000000,UN,2026-09-15T17:50:45Z,29.99,28.85,66362871000163,COMÉRCIO DAS TINTAS LTDA,CENTRAL DAS TINTAS,Tabuleiro do Martins,MACEIO
TINTA,1112,MASSA POLIESTER # # ONU 1263 QUANT.LTDA TINTA 3 II,,0,32149000,83000000,UN,2026-09-11T13:55:01Z,28.9,28.9,55532304000191,TOP TINTAS LTDA,TOP TINTAS,Prado,MACEIO
TINTA,9000000005334,"LATEX 3,0L BRANCO TINTAX",,0,32091010,83000000,UN,2026-09-12T14:51:58Z,31.99,28.95,00837552000159,JOSE CARLOS DOS SANTOS CONSTRUCAO LTDA,GG CASA & CONSTRUCAO,CLIMA BOM,MACEIO
TINTA,991359,"TINTA BASE ACR FC LT0,8L DURAVEL C IQUIN LT0001LT - NEI NEI",,7892948048328,32091010,83000000,LT,2026-09-13T13:31:17Z,28.99,28.99,00279531000670,TUPAN CONSTRUCOES LTDA,,JARDIM PETROPOLIS,MACEIO
TINTA,964489,TINTA SPRAY U GER 400ML RS IQUINE SP0001SP,TINTA SPRAY U GER 400ML RS IQUINE SP0001SP,7899674031563,32082011,83000000,SP,2026-09-16T16:36:09Z,28.99,28.99,00279531000670,TUPAN CONSTRUCOES LTDA,,JARDIM PETROPOLIS,MACEIO
TINTA,296014,"TINTA BASE ACR FC 0,8L MASTER T CORAL LT0001LT",,7891019994014,32091010,83000000,LT,2026-09-09T20:15:33Z,28.99,28.99,00279531000670,TUPAN CONSTRUCOES LTDA,,JARDIM PETROPOLIS,MACEIO
TINTA,1007,TINTA SOLVENTEX ZARCAO 0.90L PRETA,,0,32089010,83000000,PC,2026-09-14T17:09:12Z,29.0,29.0,02037581000161,COMERCIAL DE LAMINADOS E FERROS LTDA EPP,COMERCIAL CARNAUBA,BOM PARTO,MACEIO
TINTA,1249,TINTA SOLVENTEX ZARCAO 0.90L CINZA,,0,32089010,83000000,UND,2026-09-12T13:27:38Z,29.0,29.0,02037581000161,COMERCIAL DE LAMINADOS E FERROS LTDA EPP,COMERCIAL CARNAUBA,BOM PARTO,MACEIO
TINTA,001931,TINTAX ACR ECONOMICO INT CINZA EUROPA GALAO,,0,32091010,83000000,UN,2026-09-13T14:11:02Z,29.0,29.0,28923975000100,KAROLINY B CARDOSO - ME,COMERCIAL KAROL,JACINTINHO,MACEIO
TINTA,761,TINTA SPRAY MET 400ML CHEMICOLOR,T SPRAY METALICA OURO CLAS 400ML CHAMICO 1X400ML CHEMICOLOR,7898436142677,32082011,83000000,UN,2026-09-14T19:46:37Z,29.0,29.0,05087080000188,ROSIMEIRE DA SILVA SANTOS - EPP,KOMANDO CONSTRUCOES,CIDADE UNIVESITARIA,MACEIO
TINTA,5852,TINTA SPRAY 400ML MET CROMADA CHEMICOLOR,T SPRAY METALICA CROMADO 400ML CHEMICOLO 1X400ML CHEMICOLOR,7898436140178,32082011,83000000,UN,2026-09-11T22:07:49Z,29.0,29.0,05087080000188,ROSIMEIRE DA SILVA SANTOS - EPP,KOMANDO CONSTRUCOES,CIDADE UNIVESITARIA,MACEIO
TINTA,5498,TINTA SPRAY MET 350ML PR TEK BOND,,0,32082019,83000000,UN,2026-09-11T21:24:54Z,29.0,29.0,14563410000155,WELLINGTON PESSOA FERREIRA EPP,FERREIRA CONSTRUCOES,FEITOSA,MACEIO
TINTA,008690,TINTA INT ECONOMICA 3L BRANCO NEVE - ARACOR,,12935,32091010,83000000,UN,2026-09-11T20:08:02Z,35.0,29.0,70012570000187,CARMEM LUCIA LINS DE SOUZA - ME,COMERCIAL LINS,PONTA GROSSA,MACEIO
TINTA,2542,TINTA AEROSSOL BRONZE METALICO 350 ML/250G-TEKBOND,TINTA AEROSSOL BRONZE METALICO 350 ML COD 23341006900,7898543381259,32082019,83000000,UN,2026-09-16T13:03:28Z,29.0,29.0,23959130000151,ELINEIDE SANTOS NASCIMENTO - ME,CASA NASCIMENTO,JACINTINHO,MACEIO
TINTA,7898436140826,TINTA SPRAY ALUMINIO ALTA TEMPERATURA CHEMICOLOR,TINTA SPRAY U. GERAL ALTA TEMPERATURA 350ML ALUMINIO CHEMICOLOR,7898436140826,32082011,83000000,UN,2026-09-12T15:25:48Z,29.15,29.04,28341278000141,FABIO  S  DO NASCIMENTO EIRELI - ME,IMPERJUNIOR,JACINTINHO,MACEIO
TINTA,7898436146149,SPRAY BRANCO ALTA TEMP 350ML CHEMICOLOR,TINTA SPRAY CHEMICOLOR ALTA TEMP.BRANCO FOSCO 350ML - BASTON,7898436146149,32082019,83000000,UN,2026-09-10T16:53:12Z,30.0,29.1,27408427000180,K. K. MATERIAL DE CONSTRUCAO LTDA - ME,BARATEIRO CONSTRUCAO,BARRO DURO,MACEIO
TINTA,7896011703565,TINTA DECORFIX BRILH,,0,32091010,83000000,UN,2026-09-15T19:57:59Z,29.5,29.5,06021149000133,PAPEL CENTRAL LTDA - ME,,CENTRO,MACEIO
TINTA,02094,SPRAY CGIN ALTA TEMPERATURA ALUMINIO (5723) 350ML COLORGIN,TINTA SPRAY ALUMINIO ALTA TEMPERATURA 250G 350ML COLORGIN,7891494057235,32089010,83000000,UND,2026-09-08T11:55:23Z,29.5,29.5,12270435000640,L. JARDIM & CIA LTDA,Casas Jardim,JATIUCA,MACEIO
TINTA,7898543382348,TINTA SPRAY 350ML PRETO FOSCO ALTA TEMP. TEK BOND,,0,32082019,83000000,UN,2026-09-16T13:06:14Z,32.9,29.61,00837552000159,JOSE CARLOS DOS SANTOS CONSTRUCAO LTDA,GG CASA & CONSTRUCAO,CLIMA BOM,MACEIO
TINTA,11603,"TINTA PISO PREMIUM NOVOPISO CINZA FOSCO POTE 0,9L HYDRONORTH",,7896257581972,32091010,83000000,LT,2026-09-08T13:56:49Z,29.7,29.7,12270435000720,L. JARDIM & CIA LTDA,CASA JARDIM,BARRO DURO,MACEIO
TINTA,11602,"TINTA PISO PREMIUM NOVOPISO PRETO FOSCO POTE 0,9L HYDRONORTH",,7896257582139,32091010,83000000,LT,2026-09-10T18:51:12Z,29.7,29.7,12270435000640,L. JARDIM & CIA LTDA,Casas Jardim,JATIUCA,MACEIO
TINTA,7891153041957,TINTA P TECIDO 250M,,0,32091010,83000000,UN,2026-09-11T16:24:17Z,29.7,29.7,06021149000133,PAPEL CENTRAL LTDA - ME,,CENTRO,MACEIO
TINTA,7891323104505,TINTA SPRAY BR BRASTEMP 400ML USO GERAL GE COLORGI,TINTA SPRAY BR BRASTEMP 400ML USO GERAL GE COLORGI,7891323104505,32082019,83000000,UN,2026-09-11T23:25:25Z,29.9,29.9,03656804000131,CARAJAS MATERIAL DE CONSTRUCAO LTDA,CARAJAS CONSTRUCAO,TABULEIRO DOS MARTINS,MACEIO
TINTA,7891323104505,TINTA SPRAY BR BRASTEMP 400ML USO GERAL GE COLORGI,,0,32082019,83000000,UN,2026-09-12T15:43:37Z,29.9,29.9,03656804000131,CARAJAS MATERIAL DE CONSTRUCAO LTDA,CARAJAS CONSTRUCAO,TABULEIRO DOS MARTINS,MACEIO
TINTA,7891323104505,TINTA SPRAY BR BRASTEMP 400ML USO GERAL GE COLORGI,,0,32082019,83000000,UN,2026-09-13T16:16:38Z,29.9,29.9,03656804002428,CARAJAS MATERIAL DE CONSTRUCAO LTDA,CARAJAS CONSTRUCAO,MANGABEIRAS,MACEIO
TINTA,7898543388180,TINTA AEROSOL ROSE GOLD METALICO 350ML/250G,,0,32082019,83000000,UN,2026-09-14T18:45:57Z,29.9,29.9,10885069000101,MACEIO AVIAMENTO LTDA - EPP,MACEIO AVIAMENTO,CENTRO,MACEIO
TINTA,365086,HIDROTINTAS BRILHO E COR 3L AM OURO** UN,,7899010488211,32091010,83000000,UN,2026-09-11T20:46:19Z,29.9,29.9,03555402000140,PARAGOMINAS HOME CENTER LTDA,PARAGOMINAS HOME CENTER,SANTOS DUMONT,MACEIO
TINTA,2721,TINTA AEROSSOL AZUL METALICO 350 ML250G,TINTA AEROSSOL AZUL METALICO 350 ML/250G REF 23271006900,7898543381181,32082019,83000000,UN,2026-09-08T16:08:55Z,29.99,29.99,66362871000163,COMÉRCIO DAS TINTAS LTDA,CENTRAL DAS TINTAS,Tabuleiro do Martins,MACEIO
TINTA,14641,PRIMER PU CINZA 5X1 #  # ONU 1263 TINTA 3 II,PRIMER PU CINZA 5X1 S/CAT (513.210) 750ML FARBEN,7899802300158,32149000,83000000,UN,2026-09-10T13:39:27Z,29.99,29.99,66362871000163,COMÉRCIO DAS TINTAS LTDA,CENTRAL DAS TINTAS,Tabuleiro do Martins,MACEIO
TINTA,17381,TINTA PVA FOSCA 250ML VERDE BANDEIRA,TINTA FOSCA PARA ARTESANATO ACRILEX 250ML VERDE,7891153015040,32091010,83000000,UN,2026-09-12T13:52:56Z,29.99,29.99,20013759000116,J. G. DE LIMA SILVA COMÉRCIO,PAPELARIA AQUARELAR BRINQUEDOS E PRESENTES,CIDADE UNIVERSITARIA,MACEIO
TINTA,000232,TINTA LTX 3L VERDE CAMPINA LUX,,7895632369808,32091010,83000000,UN,2026-09-13T12:26:57Z,35.0,30.0,12832317000173,ANTONIO SOARES MACHADO -  ME,ELETRO SOARES,LEVADA,MACEIO
TINTA,002523,"TINTA LTX 3,6L BRANCO NEVE ARACOR",,7890000054270,32091010,83000000,UN,2026-09-11T19:21:31Z,30.0,30.0,12832317000173,ANTONIO SOARES MACHADO -  ME,ELETRO SOARES,LEVADA,MACEIO
TINTA,5713,"ACR INTERIOR FOSCO CINZA SAO PAULO 3,0L TINTAX",,0,32091010,83000000,GL,2026-09-08T20:59:41Z,30.0,30.0,56952576000103,S DE L S SOUZA,JL Construções,Chã da Jaqueira,MACEIO
TINTA,7029,"ACR INTERIOR FOSCO PRETO 3,0L TINTAX",,0,32091010,83000000,UND,2026-09-14T20:52:43Z,30.0,30.0,56952576000103,S DE L S SOUZA,JL Construções,Chã da Jaqueira,MACEIO
TINTA,459,TINTA GL 3L MIL,,0,32091010,83000000,UN,2026-09-16T15:43:18Z,30.0,30.0,11437022000130,CASA PRONTA COMERCIO DE MATERIAIS DE CONSTRUCAO LTDA  - ME,CASA PRONTA CONSTRUCOES,SANTOS DUMONT,MACEIO
TINTA,217,ZARCAO CINZA 900ML -ALPAR-PERNAMBUCO,ZARCAO CINZA PERNAMBUCO TINTAS E SOLVENTES 900ML,7898929326768,32089010,83000000,MR,2026-09-16T13:46:53Z,36.0,30.0,11749321000100,M M DA S SANTOS - EPP,UNIVERSO TINTAS,CLIMA BOM,MACEIO
TINTA,84,ZARCAO QUARTO 09L CINZA ZARCOTEX,ZARCAO TINTA OXIDO METALICO PT FOSCO 0.9ML ZARCOTEX SOLVENTEX,7897723405877,32089010,83000000,UN,2026-09-10T17:50:34Z,32.0,30.0,11737982000115,NOVACO FERRO E ACO DISTRIBUIDORA LTDA,NOVACO,BENEDITO BENTES,MACEIO
TINTA,306,TINTA PRETO HIPERLAR 900ML,,0,32081010,83000000,UN,2026-09-11T14:26:00Z,30.0,30.0,17218109000100,A ANDRADE MATERIAIS DE CONSTRUCOES LTDA,REFAZ CONSTRUCOES,PESCARIA,MACEIO
TINTA,1486,MASSA POLIESTER FARBEN 900G,MASSA POLIESTER. ONU 1263 QUANT.LTDA TINTA 3 II 21.6 KG,7899381661497,32149000,83000000,UN,2026-09-15T19:45:44Z,30.0,30.0,17907055000182,COMERCIAL DE TINTAS DO JACINTINHO LTDA,M&C TINTAS,JACINTINHO,MACEIO
TINTA,3158,TINTAX 3L BRANCO NEVE ACR ECONO GALAO,,9000000005334,32091010,83000000,UND,2026-09-07T22:10:04Z,30.0,30.0,18355133000146,CASA DA CONSTRUÇÃO LTDA,CASA DA CONSTRUCAO,JACINTINHO,MACEIO
TINTA,109,TINTA ESM FREVOLIT 1/4 750ML PRETO UN QTD. 4.00 UN,,7890000001090,32081010,83000000,UN,2026-09-11T21:07:27Z,30.0,30.0,68625360000112,MURALHAS HOME CENTER LIMITADA,MURALHAS HOME CENTER,Benedito Bentes,MACEIO
TINTA,110,TINTA ESM FREVOLIT 1/4 750ML BRANCO NEVE UN QTD. 4.00 UN,,7890000001106,32081010,83000000,UN,2026-09-11T21:06:11Z,30.0,30.0,68625360000112,MURALHAS HOME CENTER LIMITADA,MURALHAS HOME CENTER,Benedito Bentes,MACEIO
TINTA,111,TINTA ESM FREVOLIT 1/4 750ML AZUL DELREY UN QTD. 9.00 UN,,7890000001113,32081010,83000000,UN,2026-09-11T21:04:59Z,30.0,30.0,68625360000112,MURALHAS HOME CENTER LIMITADA,MURALHAS HOME CENTER,Benedito Bentes,MACEIO
TINTA,906,TINTA MANIPULADA PU 14 SHERWIN - WILLIAMS,,0,32089010,83000000,UN,2026-09-14T17:45:22Z,30.0,30.0,66362871000163,COMÉRCIO DAS TINTAS LTDA,CENTRAL DAS TINTAS,Tabuleiro do Martins,MACEIO
TINTA,3127,LAZZUDUR BRANCO CRISTAL LISA 900ML,TINTA POLIESTER LAZZUDUR BRANCO CRISTAL LISA 900ML - SHERWIN,7891452223139,32081010,83000000,UN,2026-09-08T17:17:23Z,30.0,30.0,66362871000163,COMÉRCIO DAS TINTAS LTDA,CENTRAL DAS TINTAS,Tabuleiro do Martins,MACEIO
TINTA,4397,SPRAY 400ML METALICA PRETO CHEMICOLOR,TINTA SPRAY MET PT 400ML CHEMICOLOR UN C/400ML,7898436140215,32082011,83000000,UN,2026-09-12T12:10:41Z,30.0,30.0,22442491000163,MADSON LUAN CORRERIA RAMOS,OURO PRETO MATERIAIS DE CONSTRUCAO,OURO PRETO,MACEIO
TINTA,422,"ACR INTERIOR FOSCO ROSA BEBE 3,0L TINTAX",,0,32091010,83000000,GL,2026-09-09T16:57:03Z,30.0,30.0,55532304000191,TOP TINTAS LTDA,TOP TINTAS,Prado,MACEIO
TINTA,675,"ACR INTERIOR FOSCO BRANCO 3,0L TINTAX",,0,32091010,83000000,GL,2026-09-09T16:57:03Z,30.0,30.0,55532304000191,TOP TINTAS LTDA,TOP TINTAS,Prado,MACEIO
TINTA,9912,"TINTA MIRACOR INT 3,0L BRANCO",,0,32091010,83000000,GL,2026-09-14T19:55:53Z,31.9,30.09,05251366000157,RONILDO DE OLIVEIRA LIMA  LTDA,COMERCIAL ESPERANCA,CENTRO,MACEIO
TINTA,1048,ZARCAO PRETO 900ML - PERNAMBUCO,ZARCAO PRETO PERNAMBUCO TINTAS E SOLVENTES 900ML,7898929326911,32089010,83000000,MR,2026-09-11T21:10:22Z,36.0,30.32,11749321000100,M M DA S SANTOS - EPP,UNIVERSO TINTAS,CLIMA BOM,MACEIO
TINTA,413,"TINTA ACR INTERIOR FOSCO GELO 3,0L TINTAX",,0,32091010,83000000,GL,2026-09-16T18:54:24Z,30.5,30.5,24479546000135,24.479.546 EVERTON TAVARES DA SILVA,,CIDADE UNIVERSITARIA,MACEIO
TINTA,18325,TINTA SPRAY NORDESTIN ALTA TEMPERATURA PRETO FOSCO 350ML,,74468050839,32082019,83000000,UND,2026-09-12T13:08:14Z,34.0,30.6,40927550000175,CENTRAL DOS PARAFUSOS LTDA - ME,,JARAGUA,MACEIO
TINTA,08320,SPRAY AUTOMOTIVO BRANCO ACABAMENTO (906) 300ML LAZZURIL,TINTA SPRAY AUTOM 300ML BRANCO ACABAMENTO COLORGIN,7891452228196,32089010,83000000,UND,2026-09-14T21:06:06Z,30.6,30.6,12270435000640,L. JARDIM & CIA LTDA,Casas Jardim,JATIUCA,MACEIO
TINTA,013676,"TINTA PARA PISO GA 3,6 LTS COR 000025PRE","TINTA PARA PISO - GA 3,6 LTS COR 000025-PRETO",7899173400921,32091010,83000000,LT,2026-09-11T14:37:43Z,40.0,30.77,58284781000173,M P DE ALBUQUERQUE LTDA,MICHELLI CONSTRUÇÕES,Centro,MACEIO
TINTA,32319,TINTA AER DOURADO METALICO 350ML - 1X350ML,TINTA AEROSSOL DOURADO METALICO 350 ML/250G REF 23291006900,7898543381204,32082019,83000000,UN,2026-09-16T15:45:50Z,30.9,30.9,01888146000420,COMERCIAL DE EMBALAGENS DESCARTAVEIS E FESTAS LTDA - EPP,FELICIA,ANTARES,MACEIO
TINTA,32358,TINTA AER PT ALTA TEMP 350ML,TINTA TEKBON AEROSSOL PRETO ALTA TEMPERATURA PRETO BRILHANTE 350ML,7898543381167,32082019,83000000,UN,2026-09-16T14:28:00Z,30.9,30.9,01888146000340,COMERCIAL DE EMBALAGENS DESCARTAVEIS E FESTAS LTDA - EPP,,JATIUCA,MACEIO
TINTA,32046,TINTA AER ALUMINIO ALTA TEMP 350ML - 1X350ML,TINTA AEROSSOL ALUMINIO ALTA TEMPERATURA 350ML/250G COD 23261006900,7898543381174,32082019,83000000,UN,2026-09-14T17:30:04Z,30.9,30.9,01888146000188,COMERCIAL DE EMBALAGENS DESCARTAVEIS E FESTAS LTDA - EPP,FELICIA,JATIUCA,MACEIO
TINTA,32317,TINTA AER CROMADO METALICO 350ML - 1X350ML,TINTA AEROSSOL CROMADO METALICO 350ML / 250G COD 232810069000,7898543381198,32082019,83000000,UN,2026-09-15T15:56:23Z,30.9,30.9,01888146000188,COMERCIAL DE EMBALAGENS DESCARTAVEIS E FESTAS LTDA - EPP,FELICIA,JATIUCA,MACEIO
TINTA,32319,TINTA AER DOURADO METALICO 350ML - 1X350ML,TINTA AEROSSOL DOURADO METALICO 350 ML/250G REF 23291006900,7898543381204,32082019,83000000,UN,2026-09-11T15:49:58Z,30.9,30.9,01888146000188,COMERCIAL DE EMBALAGENS DESCARTAVEIS E FESTAS LTDA - EPP,FELICIA,JATIUCA,MACEIO
TINTA,32046,TINTA AER ALUMINIO ALTA TEMP 350ML - 1X350ML,TINTA AEROSSOL ALUMINIO ALTA TEMPERATURA 350ML/250G COD 23261006900,7898543381174,32082019,83000000,UN,2026-09-12T14:41:00Z,30.9,30.9,01888146000340,COMERCIAL DE EMBALAGENS DESCARTAVEIS E FESTAS LTDA - EPP,,JATIUCA,MACEIO
TINTA,32319,TINTA AER DOURADO METALICO 350ML - 1X350ML,TINTA AEROSSOL DOURADO METALICO 350 ML/250G REF 23291006900,7898543381204,32082019,83000000,UN,2026-09-14T18:37:13Z,30.9,30.9,49511063000100,LOJAS FELICIA LTDA,LOJAS FELICIA,Centro,MACEIO
TINTA,32319,TINTA AER DOURADO METALICO 350ML - 1X350ML,TINTA AEROSSOL DOURADO METALICO 350 ML/250G REF 23291006900,7898543381204,32082019,83000000,UN,2026-09-15T21:00:49Z,30.9,30.9,49511063000282,LOJAS FELICIA LTDA,LOJAS FELICIA,JACINTINHO,MACEIO
TINTA,7898543382348,TINTA SPRAY ALTA TEMP PRETO FOSCO TEK BOND,TINTA SPRAY SUPER COLOR PRETO FOSCO ALTA TEMPERATURA 350ML TEKBOND REF: 38234,7898543382348,32082019,83000000,un,2026-09-15T20:01:50Z,31.0,31.0,24163873000183,CAMILA S DA L NASCIMENTO,,FEITOSA,MACEIO
TINTA,9163,TINTA STARLUX 750ML VERMELHO,,0,32081010,83000000,QT,2026-09-15T14:20:37Z,31.9,31.21,05251366000157,RONILDO DE OLIVEIRA LIMA  LTDA,COMERCIAL ESPERANCA,CENTRO,MACEIO
TINTA,000106152,TINTA INT/ACR FC BR/NEVE TINTAX 3LTS MIRACOR GALAO,,0,32091010,83000000,UN,2026-09-08T16:48:24Z,33.0,31.35,49425068000101,CONSTRUCOES ALDEBARAN LTDA,ALDEBARAN CONSTRUCOES,ANTARES,MACEIO
TINTA,8912,TINTA STARLUX 750ML BRANCO,,0,32081010,83000000,QT,2026-09-11T12:08:14Z,31.9,31.4,05251366000157,RONILDO DE OLIVEIRA LIMA  LTDA,COMERCIAL ESPERANCA,CENTRO,MACEIO
TINTA,2416,TINTA SPRAY ALUM ALT. TEMP. NORDESTIN,,7890000024167,32082019,83000000,UN,2026-09-15T19:40:13Z,31.5,31.5,14083187000149,LUIZ RAMOS DE VASCONCELOS,,BENEDITO BENTES,MACEIO
TINTA,1217,"TINTA AMARELO MANGA 3,6L - MEGAO",,0,32091010,83000000,UN,2026-09-10T20:59:26Z,32.0,31.5,13712926000151,M F DE BARROS,CONSTRUCOES BARROS,CLIMA BOM,MACEIO
TINTA,9342,TINTA STARLUX 750ML CINZA ESCURO,,0,32081010,83000000,QT,2026-09-16T12:40:42Z,31.9,31.9,05251366000157,RONILDO DE OLIVEIRA LIMA  LTDA,COMERCIAL ESPERANCA,CENTRO,MACEIO
TINTA,9344,TINTA STARLUX 750ML MARFIM,,0,32081010,83000000,QT,2026-09-15T14:37:25Z,31.9,31.9,05251366000157,RONILDO DE OLIVEIRA LIMA  LTDA,COMERCIAL ESPERANCA,CENTRO,MACEIO
TINTA,9589,TINTA STARLUX 750ML AZUL MAR,,0,32081010,83000000,QT,2026-09-11T11:49:07Z,31.9,31.9,05251366000157,RONILDO DE OLIVEIRA LIMA  LTDA,COMERCIAL ESPERANCA,CENTRO,MACEIO
TINTA,100725,"ACR INTERIOR FOSCO GELO 3,0L TINTAX",,9000000006102,32091010,83000000,UN,2026-09-12T16:39:56Z,31.9,31.9,07848663000100,PROKASA LTDA,PROKASA,CIDADE UNIVERSITARIA,MACEIO
TINTA,7891323110902,TINTA SPRAY BR 300ML ALTA TEMPERATURA COLORGIN,,0,32089010,83000000,UN,2026-09-09T23:16:42Z,31.9,31.9,03656804002428,CARAJAS MATERIAL DE CONSTRUCAO LTDA,CARAJAS CONSTRUCAO,MANGABEIRAS,MACEIO
TINTA,7898436140680,TINTA SPRAY FUNDO PREP.CZ 400ML CHEMICOLOR,,0,32082011,83000000,UN,2026-09-12T17:58:16Z,31.9,31.9,03656804002428,CARAJAS MATERIAL DE CONSTRUCAO LTDA,CARAJAS CONSTRUCAO,MANGABEIRAS,MACEIO
TINTA,7898436140680,TINTA SPRAY FUNDO PREP.CZ 400ML CHEMICOLOR,TINTA SPRAY CHEMICOLLOR 400ML FUNDO PREPARADOR GERAL CINZA,7898436140680,32082011,83000000,UN,2026-09-11T15:25:27Z,31.9,31.9,03656804002428,CARAJAS MATERIAL DE CONSTRUCAO LTDA,CARAJAS CONSTRUCAO,MANGABEIRAS,MACEIO
TINTA,8920,TINTA STARLUX 750ML PRETO,,0,32081010,83000000,QT,2026-09-16T12:40:42Z,31.9,31.9,05251366000157,RONILDO DE OLIVEIRA LIMA  LTDA,COMERCIAL ESPERANCA,CENTRO,MACEIO
TINTA,8919,TINTA STARLUX 750ML PLATINA,,0,32081010,83000000,QT,2026-09-16T10:54:53Z,31.9,31.9,05251366000157,RONILDO DE OLIVEIRA LIMA  LTDA,COMERCIAL ESPERANCA,CENTRO,MACEIO
TINTA,7898436140826,TINTA SPRAY ALUMINIO P/ALTA TEMP 350ML CHEMICOLOR,,0,32082011,83000000,UN,2026-09-16T13:30:33Z,31.9,31.9,03656804000131,CARAJAS MATERIAL DE CONSTRUCAO LTDA,CARAJAS CONSTRUCAO,TABULEIRO DOS MARTINS,MACEIO
TINTA,7898436140703,TINTA SPRAY USO GERAL VERNIZ 400ML CHEMICOLOR,TINTA SPRAY USO G VERNIZ 400ML CHEMICOLO UN C/400ML,7898436140703,32082011,83000000,UN,2026-09-08T23:46:02Z,31.9,31.9,03656804000131,CARAJAS MATERIAL DE CONSTRUCAO LTDA,CARAJAS CONSTRUCAO,TABULEIRO DOS MARTINS,MACEIO
TINTA,7898436140703,TINTA SPRAY USO GERAL VERNIZ 400ML CHEMICOLOR,,0,32082011,83000000,UN,2026-09-16T18:41:25Z,31.9,31.9,03656804000131,CARAJAS MATERIAL DE CONSTRUCAO LTDA,CARAJAS CONSTRUCAO,TABULEIRO DOS MARTINS,MACEIO
TINTA,7898436140680,TINTA SPRAY FUNDO PREP.CZ 400ML CHEMICOLOR,TINTA SPRAY CHEMICOLLOR 400ML FUNDO PREPARADOR GERAL CINZA,7898436140680,32082011,83000000,UN,2026-09-12T16:12:27Z,31.9,31.9,03656804000131,CARAJAS MATERIAL DE CONSTRUCAO LTDA,CARAJAS CONSTRUCAO,TABULEIRO DOS MARTINS,MACEIO
TINTA,2318,TINTA SPRAY 350ML MET CROMADA NORDESTIN,,7890000023184,32082019,83000000,UN,2026-09-15T19:40:13Z,31.9,31.9,14083187000149,LUIZ RAMOS DE VASCONCELOS,,BENEDITO BENTES,MACEIO
TINTA,51018,ESM.SINT.PT FOSCO 225ML DIALINE IQUINE,TINTA ESMALTE DIALINE PRETO FOSCO 200G IQUINE,7892948012633,32081010,83000000,UN,2026-09-11T11:17:12Z,31.99,31.99,70015672000156,ENCONTRO DO SOL HOME CENTER LTDA,ENCONTRO DO SOL HOME CENTER,TABULEIRO DO MARTINS,MACEIO
TINTA,2741,TINTA AEROSSOL PRETO FOSCO ALTA TEMPERATURA 350ML  250G,TINTA SPRAY SUPER COLOR PRETO FOSCO ALTA TEMPERATURA 350ML TEKBOND REF: 38234,7898543382348,32082019,83000000,UN,2026-09-11T17:02:44Z,31.99,31.99,66362871000163,COMÉRCIO DAS TINTAS LTDA,CENTRAL DAS TINTAS,Tabuleiro do Martins,MACEIO
TINTA,08320,SPRAY AUTOMOTIVO BRANCO ACABAMENTO (906) 300ML LAZZURIL,TINTA SPRAY AUTOM 300ML BRANCO ACABAMENTO COLORGIN,7891452228196,32089010,83000000,UND,2026-09-11T19:12:23Z,36.0,32.0,12270435001026,L. JARDIM & CIA LTDA,Casas Jardim,FAROL,MACEIO
TINTA,2070,ZARCAO FUNDO HIDROFER CZ KG HIDROTINTAS,,0,32081010,83000000,UN,2026-09-11T17:10:07Z,32.0,32.0,29217117000103,COMERCIAL MIRELI,COMERCIAL MIRELI,CIDADE UNIVERSITARIA,MACEIO
TINTA,236,Esmalte Azul del rey Glasu 900ml,TINTA ESMT. SINT.SUVINIL GLASURIT KG AZUL DEL REY,7891260059487,32081010,83000000,UN,2026-09-14T12:52:06Z,32.0,32.0,34532809000186,BOLINHA CONSTRUÇÕES LTDA,BOLINHA CONSTRUCOES,CENTRO,MACEIO
TINTA,3332,TINTA ESMALTE STAND 900ML AZL DEL REY UNIVERSO,TINTA ESMALTE 900ML STAND AZL DEL REY UNIVERSO,7891696008677,32081010,83000000,UN,2026-09-08T20:32:39Z,32.0,32.0,56952576000103,S DE L S SOUZA,JL Construções,Chã da Jaqueira,MACEIO
TINTA,7266,TINTA SPRAY CROM METALICO 350M - TEKBOND,,0,32082019,83000000,UN,2026-09-15T21:21:29Z,32.0,32.0,56952576000103,S DE L S SOUZA,JL Construções,Chã da Jaqueira,MACEIO
TINTA,7818,TINTA LATEX INT DEMAIS 3L BR NEVE HIDROT,,7899010489010,32091010,83000000,GL,2026-09-10T16:57:19Z,32.0,32.0,37461181000163,S. DA. S. FERNANDES GARCIA CONSTRUCOES,CONSTRUÇÃO 4 IRMÃOS LOJA 2,CIDADE UNIVERSITARIA,MACEIO
TINTA,000442,TINTA ACR SOFT 3L - BRANCO NEVE MEGAO,,7898701773919,32091010,83000000,UN,2026-09-08T20:12:31Z,32.0,32.0,55206191000134,MIX MATERIAL DE CONSTRUCOES LTDA,,Cidade Universitária,MACEIO
TINTA,9572,Tinta Esm Branco Brilhante 900ml Glasu /,"TINTA SUV GLAS ESM SEC RAP BRANCO 0,9L KG 53437182",7891260059999,32081010,83000000,UN,2026-09-16T15:51:21Z,32.0,32.0,31581137000100,LARISSA MAYARA SAPUCAIA DOS SANTOS,MAYARA CONSTRUCOES,CENTRO,MACEIO
TINTA,9924,Zarcao Preto 900ml/ Starlux /,"TINTA STARLUX ZARCAO PRETO 0,9L",7898482121770,32081010,83000000,UN,2026-09-12T16:38:33Z,32.0,32.0,31581137000100,LARISSA MAYARA SAPUCAIA DOS SANTOS,MAYARA CONSTRUCOES,CENTRO,MACEIO
TINTA,16778,"ACR INTERIOR FOSCO GELO 3,0L TINTAX",,7770000167784,32091010,83000000,UN,2026-09-08T18:11:12Z,32.0,32.0,34519968000140,GALPAO DA CONSTRUCAO LTDA,GALPAO DA CONSTRUCAO,CIDADE UNIVERSITARIA,MACEIO
TINTA,102,ESMALTE MAZA VERDE FOLHA 900ML,TINTA MAZA 900ML ESMALTE VERDE FOLHA,7898289932555,32081010,83000000,MR,2026-09-10T21:00:59Z,38.0,32.0,11749321000100,M M DA S SANTOS - EPP,UNIVERSO TINTAS,CLIMA BOM,MACEIO
TINTA,4002,"ACR INTERIOR FOSCO BRANCO 3,0L TINTAX",,0,32091010,83000000,GL,2026-09-09T17:20:30Z,32.0,32.0,13712926000151,M F DE BARROS,CONSTRUCOES BARROS,CLIMA BOM,MACEIO
TINTA,1391,TINTA MIRALAR ACR ECON INT GELO 3L,,0,32091010,83000000,GL,2026-09-16T14:25:39Z,32.0,32.0,42524555000182,MARTA DE LIMA CARDOZO,TM CONSTRUCOES,OURO PRETO,MACEIO
TINTA,676,"ACR INTERIOR FOSCO GELO 3,0L TINTAX",,0,32091010,83000000,GL,2026-09-15T20:08:46Z,32.0,32.0,55532304000191,TOP TINTAS LTDA,TOP TINTAS,Prado,MACEIO
TINTA,744,"ACR INTERIOR FOSCO MARFIM 3,0L TINTAX",,0,32091010,83000000,GL,2026-09-12T13:16:11Z,32.0,32.0,55532304000191,TOP TINTAS LTDA,TOP TINTAS,Prado,MACEIO
TINTA,1359,TINTA ACR INTERIOR 3L BRANCO FOSCO TINTAX,,0,32091010,83000000,UN,2026-09-12T14:33:07Z,34.0,32.0,27449717000171,F P B DOS SANTOS COMERCIO E SERVIÇOS LTDA,FP PECAS E SERVICOS,SERRARIA,MACEIO
TINTA,864,ESMALTE MAZA PRETO BRILHANTE 900ML,TINTA ESM SINT PT 900ML 1X900ML MAZA,7898289931589,32089010,83000000,UN,2026-09-09T19:52:37Z,38.0,32.15,52798419000134,MARIA J FERREIRA FILHA LTDA,UNIVERSO TINTAS,Antares,MACEIO
TINTA,3504,ESMALTE MAZA AMARELO 900ML,TINTA ESM SINT AMARELO 900ML MAZA,7899228231777,32081010,83000000,UN,2026-09-09T19:52:37Z,38.0,32.15,52798419000134,MARIA J FERREIRA FILHA LTDA,UNIVERSO TINTAS,Antares,MACEIO
TINTA,107,ESMALTE MAZA AZUL FRANCA 900ML,TINTA ESM SINT AZ FRANCA 900ML 1X900ML MAZA,7898289932951,32089010,83000000,LT,2026-09-09T19:52:37Z,38.0,32.15,52798419000134,MARIA J FERREIRA FILHA LTDA,UNIVERSO TINTAS,Antares,MACEIO
TINTA,864,ESMALTE MAZA PRETO BRILHANTE 900ML,TINTA ESM SINT PT 900ML 1X900ML MAZA,7898289931589,32089010,83000000,UN,2026-09-08T17:49:43Z,38.0,32.23,20784981000112,M J FERREIRA FILHA LTDA EPP,UNIVERSO TINTAS,SANTA LUCIA,MACEIO
TINTA,24621,"TINTA LUXCRIL 3,6L AZ.OCEANIA LUX",,7908147620569,32091010,83000000,UN,2026-09-14T13:51:59Z,64.99,32.5,70015672000156,ENCONTRO DO SOL HOME CENTER LTDA,ENCONTRO DO SOL HOME CENTER,TABULEIRO DO MARTINS,MACEIO
TINTA,105,ESMALTE MAZA CINZA MEDIO 900ML,TINTA ESM SINT CZ MEDIO 900ML 1X900ML MAZA,7898289933071,32081010,83000000,LT,2026-09-14T10:41:50Z,38.0,32.74,20784981000112,M J FERREIRA FILHA LTDA EPP,UNIVERSO TINTAS,SANTA LUCIA,MACEIO
TINTA,92345295,SPRAY AL TEMPER PRETO FOS,TINTA SPRAY ALTA TEMP PT FOSCO EUCATEX,7896587026334,32082011,83000000,UN,2026-09-16T13:14:39Z,35.0,32.9,01438784005590,LEROY MERLIN COMPANHIA BRASILEIRA DE BRICOLAGEM,,CRUZ DAS ALMAS,MACEIO
TINTA,32382,TINTA AER RS FLUOR 350ML - 1X350ML,TINTA AEROSSOL ROSA FLOURESCENTE 350ML/250G COD 2324106900,7898543381150,32082019,83000000,UN,2026-09-09T17:47:45Z,32.9,32.9,01888146000188,COMERCIAL DE EMBALAGENS DESCARTAVEIS E FESTAS LTDA - EPP,FELICIA,JATIUCA,MACEIO
TINTA,905135,TINTA SPRAY MET 400ML OU CHEMICOLOR,T SPRAY METALICA OURO 400ML CHEMICOLOR 1X400ML CHEMICOLOR,7898436140208,32082011,83000000,SP,2026-09-09T20:23:32Z,32.99,32.99,00279531000670,TUPAN CONSTRUCOES LTDA,,JARDIM PETROPOLIS,MACEIO
TINTA,105,ESMALTE MAZA CINZA MEDIO 900ML,TINTA ESM SINT CZ MEDIO 900ML 1X900ML MAZA,7898289933071,32081010,83000000,LT,2026-09-09T18:25:24Z,38.0,33.0,52798419000134,MARIA J FERREIRA FILHA LTDA,UNIVERSO TINTAS,Antares,MACEIO
TINTA,8113,"TINTA INT PALHA 3,0L LPRO TINTAS LUX",,0,32091010,83000000,GL,2026-09-10T20:08:39Z,33.0,33.0,17887377000107,AMORIM FREITAS CONSTRUÇÃO LTDA,VALMOR MATERIAL DE CONSTRUCAO,JACINTINHO,MACEIO
TINTA,102,ESMALTE MAZA VERDE FOLHA 900ML,TINTA MAZA 900ML ESMALTE VERDE FOLHA,7898289932555,32089010,83000000,LT,2026-09-08T17:29:37Z,38.0,33.0,20784981000112,M J FERREIRA FILHA LTDA EPP,UNIVERSO TINTAS,SANTA LUCIA,MACEIO
TINTA,000106152,TINTA INT/ACR FC BR/NEVE TINTAX 3LTS MIRACOR GALAO,,0,32091010,83000000,UN,2026-09-14T14:13:17Z,33.0,33.0,36075101000179,C J C DE MELO JUNIOR  LTDA,FERNANDES LIMA CONSTRUCOES,PITANGUINHA,MACEIO
TINTA,715,"HIPERLAR ESM SINT PRETO 750ML -> COD.ONU: 1263 CL.RISCO: 3,0 GR.EMB: III TINTA CONTENDO SOLVENTE ORG",,0,32081010,83000000,UN,2026-09-11T13:46:07Z,33.0,33.0,55532304000191,TOP TINTAS LTDA,TOP TINTAS,Prado,MACEIO
TINTA,716,"HIPERLAR ESM SINT BCO NEVE 750ML -> COD.ONU: 1263 CL.RISCO: 3,0 GR.EMB: III TINTA CONTENDO SOLVENTE",,0,32081010,83000000,UN,2026-09-09T17:07:53Z,33.0,33.0,55532304000191,TOP TINTAS LTDA,TOP TINTAS,Prado,MACEIO
TINTA,36298,TINTA AEROSOL DOURADO METALICO 350ML,TINTA AEROSSOL DOURADO METALICO 350 ML/250G REF 23291006900,7898543381204,32082019,83000000,UN,2026-09-09T14:18:05Z,33.15,33.15,04767762000179,MERCADAO DAS MIUDEZAS E PAPELARIA - EIRELI - EPP,MERCADAO DAS MIUDEZAS,CENTRO,MACEIO
TINTA,01023,ESMALTE PREMIUM CORALIT ULTRA RESISTENCIA OURO BRILHANTE 225ML CORAL,"TINTA ESM BR 0,225L CORALIT OU CORAL LT0001LT",7891019173662,32089010,83000000,UND,2026-09-14T17:52:00Z,33.3,33.3,12270435000992,L. JARDIM & CIA LTDA,Casas Jardim,TABULEIRO DO MARTINS,MACEIO
TINTA,000200076,"TINTA BELLA ACRIL INTERIOR 3,0L BRANCO",,0,32091010,83000000,GAL,2026-09-11T15:29:02Z,36.9,33.3,02436845000150,MARIA ELISOILDA NONATO ALVES - EPP,IMPERIO DA CONSTRUCAO,FAROL,MACEIO
TINTA,037816,TINTA SPRAY TEK BOND 350ML OURO METALICO,TINTA AEROSSOL OURO METALICO 350 ML/250G REF 23351006900,7898543381266,32082019,83000000,UND,2026-09-10T18:39:44Z,33.4,33.4,39431935000168,M MARTINS MARQUES  LTDA,A SCRITTA,GRUTA DE LOURDES,MACEIO
TINTA,00490,VIDA SERENA 03YY 59/088 RENDE MUITO PM LT E5.05.77,TINTA BASE ACR FC 1/4 REND MUIT CS PM LT0001LT - ROSA VALENTIM,7891019170661,32091010,83000000,UN,2026-09-14T14:51:05Z,33.5913,33.59,12270435000640,L. JARDIM & CIA LTDA,Casas Jardim,JATIUCA,MACEIO
TINTA,1379,ESMALTE BRANCO BRILHANTE 900ML -MAZA,TINTA ESM SINT BR 900ML 1X900ML MAZA,7898289930612,32081010,83000000,UN,2026-09-10T18:46:51Z,35.0,33.63,66362871000163,COMÉRCIO DAS TINTAS LTDA,CENTRAL DAS TINTAS,Tabuleiro do Martins,MACEIO
TINTA,7898436140833,TINTA SPRAY PT FOSCO P/ALTA TEMP 350ML CHEMICOLOR,,0,32082011,83000000,UN,2026-09-13T19:55:18Z,33.9,33.9,03656804002428,CARAJAS MATERIAL DE CONSTRUCAO LTDA,CARAJAS CONSTRUCAO,MANGABEIRAS,MACEIO
TINTA,7898436140833,TINTA SPRAY PT FOSCO P/ALTA TEMP 350ML CHEMICOLOR,T SPRAY ALTA TEMP PT FOSCO 350ML CHEMIC 1X350ML CHEMICOLOR,7898436140833,32082011,83000000,UN,2026-09-16T20:26:11Z,33.9,33.9,03656804002428,CARAJAS MATERIAL DE CONSTRUCAO LTDA,CARAJAS CONSTRUCAO,MANGABEIRAS,MACEIO
TINTA,7898436146149,TINTA SPRAY BR FOSCO P/ALTA TEMP 350ML CHEMICOLOR,,0,32082011,83000000,UN,2026-09-16T13:43:18Z,33.9,33.9,03656804000131,CARAJAS MATERIAL DE CONSTRUCAO LTDA,CARAJAS CONSTRUCAO,TABULEIRO DOS MARTINS,MACEIO
TINTA,7898436140833,TINTA SPRAY PT FOSCO P/ALTA TEMP 350ML CHEMICOLOR,,0,32082011,83000000,UN,2026-09-16T13:12:09Z,33.9,33.9,03656804000131,CARAJAS MATERIAL DE CONSTRUCAO LTDA,CARAJAS CONSTRUCAO,TABULEIRO DOS MARTINS,MACEIO
TINTA,7891323104659,TINTA SPRAY AZ COLONIAL 400ML USO GERAL COLORGIN,,0,32082019,83000000,UN,2026-09-15T00:02:56Z,33.9,33.9,03656804002428,CARAJAS MATERIAL DE CONSTRUCAO LTDA,CARAJAS CONSTRUCAO,MANGABEIRAS,MACEIO
TINTA,00490,CALOR DO DESERTO 70YR 56/190 RENDE MUITO PM LT 4596,TINTA BASE ACR FC 1/4 REND MUIT CS PM LT0001LT - ROSA VALENTIM,7891019170661,32091010,83000000,UN,2026-09-11T11:41:46Z,33.9274,33.93,12270435000720,L. JARDIM & CIA LTDA,CASA JARDIM,BARRO DURO,MACEIO
TINTA,898504,TINTA SPRAY MET 400ML OU/CLAS CHEMICOLOR SP0001SP,T SPRAY METALICA OURO CLAS 400ML CHAMICO 1X400ML CHEMICOLOR,7898436142677,32082011,83000000,SP,2026-09-10T12:04:20Z,33.99,33.99,00279531000670,TUPAN CONSTRUCOES LTDA,,JARDIM PETROPOLIS,MACEIO
TINTA,898503,TINTA SPRAY MET 400ML DO CHEMICOLOR,T SPRAY METALICA DOURADA 400ML CHEMICOLO 1X400ML CHEMICOLOR,7898436146118,32082011,83000000,SP,2026-09-13T16:18:36Z,33.99,33.99,00279531000670,TUPAN CONSTRUCOES LTDA,,JARDIM PETROPOLIS,MACEIO
TINTA,898499,TINTA SPRAY A TEMP 350ML PTFC CHEMICOLO,T SPRAY ALTA TEMP PT FOSCO 350ML CHEMIC 1X350ML CHEMICOLOR,7898436140833,32082011,83000000,SP,2026-09-16T12:01:50Z,33.99,33.99,00279531000670,TUPAN CONSTRUCOES LTDA,,JARDIM PETROPOLIS,MACEIO
TINTA,905143,TINTA SPRAY A TEMP 350ML BR/FC CHEMICOLO SP0001SP,TINTA SPRAY CHEMICOLOR ALTA TEMP.BRANCO FOSCO 350ML - BASTON,7898436146149,32082011,83000000,SP,2026-09-16T12:40:41Z,33.99,33.99,00279531000670,TUPAN CONSTRUCOES LTDA,,JARDIM PETROPOLIS,MACEIO
TINTA,2424,TINTA LTX DURA + INT NEVOA 3L C/4 LUX,,7908147621429,32091010,83000000,PT,2026-09-15T14:00:18Z,35.0,34.0,37461181000163,S. DA. S. FERNANDES GARCIA CONSTRUCOES,CONSTRUÇÃO 4 IRMÃOS LOJA 2,CIDADE UNIVERSITARIA,MACEIO
TINTA,3107,TINTA SPRAY 400ML MET PRATA C/6 CHEMICOLOR,TINTA SPRAY METALICA PR 400ML CHEMICOLOR 1X400ML CHEMICOLOR,7898436142639,32082011,83000000,PT,2026-09-10T19:24:15Z,34.0,34.0,37461181000163,S. DA. S. FERNANDES GARCIA CONSTRUCOES,CONSTRUÇÃO 4 IRMÃOS LOJA 2,CIDADE UNIVERSITARIA,MACEIO
TINTA,18974,TINTA SPRAY PRATA METALICO 350 ML/250G TEK BOND,TINTA AEROSSOL PRATA METALICO USO GERAL 350ML/250G COD 23361006900,7898543381273,32082019,83000000,UND,2026-09-15T10:56:39Z,34.0,34.0,17185102000121,VCL COMERCIO DE MATERIAL DE CONSTRUCAO LTDA -  EPP,VCL COMERCIAL,BARRO DURO,MACEIO
TINTA,57367,CORAL BASE RENDE MUITOACR FC 1/4 CS PM,TINTA BASE ACR FC 1/4 REND MUIT CS PM LT0001LT - ROSA VALENTIM,7891019170661,32091010,83000000,LT,2026-09-16T10:16:22Z,34.11,34.11,40181440000107,SANTOS & SANTOS COMERCIO DE MATERIAIS DE CONSTRUCAO LTDA,DONA NENE CONSTRUCOES,POCO,MACEIO
TINTA,6055464,TINTA ESMALTE PRETO BRILHANTE 750ML MIRALIT,,0,32089010,83000000,Lata,2026-09-14T16:57:11Z,34.2,34.2,24163873000183,CAMILA S DA L NASCIMENTO,,FEITOSA,MACEIO
TINTA,8977,TINTA ESMT AREIA KG GLASU 1,TINTA ESMT.SINT.SULVINIL GRASULIT BR KG AREIA,7891260059500,32081010,83000000,KG,2026-09-15T20:38:54Z,34.23,34.23,01493748000136,CONSTRUÇÕES IPANEMA LTDA,CONSTRUÇÕES IPANEMA,POCO,MACEIO
TINTA,7891323104697,TINTA SPRAY BR ACABAMENTO 400ML USO GERAL COLORGIN,SPRAY CGIN UG BRANCO ACAB. BRILHANTE 400ML (55011),7891323104697,32082019,83000000,UN,2026-09-13T15:06:19Z,35.9,34.32,03656804000131,CARAJAS MATERIAL DE CONSTRUCAO LTDA,CARAJAS CONSTRUCAO,TABULEIRO DOS MARTINS,MACEIO
TINTA,2425,TINTA LTX DURA + INT CZ HARMONIA 3L C/4 LUX,,7908147621252,32091010,83000000,PT,2026-09-09T20:00:49Z,35.0,34.5,37461181000163,S. DA. S. FERNANDES GARCIA CONSTRUCOES,CONSTRUÇÃO 4 IRMÃOS LOJA 2,CIDADE UNIVERSITARIA,MACEIO
TINTA,366120,HIDROTINTAS CORES PAREDES 3L MARFIM** UN,,7899010488938,32091010,83000000,LT,2026-09-11T11:25:04Z,34.74,34.74,03555402000140,PARAGOMINAS HOME CENTER LTDA,PARAGOMINAS HOME CENTER,SANTOS DUMONT,MACEIO
TINTA,4353,TINTA AEROSSOL AMARELO FLUORESCENTE 350 ML250G  TEKBOND-,,0,32082019,83000000,UN,2026-09-08T19:08:43Z,34.9,34.87,40137084000124,AMARELINHA COMERCIO E LIVRARIA,AMARELINHA LIVRARIA,SERRARIA,MACEIO
TINTA,365078,HIDROTINTAS MASSA CORRIDA PVA 5KG UN,,7899010490979,32141020,83000000,UN,2026-09-12T19:02:56Z,34.9,34.9,03555402000140,PARAGOMINAS HOME CENTER LTDA,PARAGOMINAS HOME CENTER,SANTOS DUMONT,MACEIO
TINTA,360966,"IQUINE DIAPISO 0,9L PRETO UN","TINTA ACR FC 0,9L DIAPISO PT IQUINE LT0001LT",7892948013876,32091010,83000000,UN,2026-09-13T12:48:10Z,34.9,34.9,03555402000655,PARAGOMINAS HOME CENTER LTDA,PARAGOMINAS ANTARES,ANTARES,MACEIO
TINTA,360964,"IQUINE DIAPISO 0,9L BRANCO UN","TINTA ACR FC 0,9L DIAPISO BR IQUINE LT0001LT",7892948013661,32091010,83000000,UN,2026-09-13T12:48:10Z,34.9,34.9,03555402000655,PARAGOMINAS HOME CENTER LTDA,PARAGOMINAS ANTARES,ANTARES,MACEIO
TINTA,28338,TINTA AEROSOL PRETO BRILHANTE USO GERAL 350 ML,"TINTA SPRAY USOGERAL PR BRILHO 350ML - TEKBOND,ONU 1950,AEROSOIS - PIRETROIDES,SUBCLASSE 2.1,(CLASSE",7898543380924,32082019,83000000,UN,2026-09-08T17:04:28Z,34.99,34.99,13459146000141,CLV COMERCIO VAREJISTA DE ARTIGOS DE FESTAS E PAPELARIA LTDA  - ME,SUPER PLASTFEST,BARRO DURO,MACEIO
TINTA,4264,TINTA AEROSSOL CROMADO METALICO 350ML 23,TINTA AEROSSOL CROMADO METALICO 350ML / 250G COD 232810069000,7898543381198,32082019,83000000,UN,2026-09-15T14:10:57Z,34.99,34.99,14101244000175,F M DA SILVA OLIVEIRA - EIRELI - EPP,MERCADAO FESTA,CENTRO,MACEIO
TINTA,352636,HIDROTINTAS DEMAIS 3L FLAMINGO UN,,7899010489058,32091010,83000000,UN,2026-09-13T13:04:21Z,34.99,34.99,03555402000140,PARAGOMINAS HOME CENTER LTDA,PARAGOMINAS HOME CENTER,SANTOS DUMONT,MACEIO
TINTA,351821,HIDROTINTAS DEMAIS 3L AZUL CEU UN,,7899010488976,32091010,83000000,UN,2026-09-08T22:20:46Z,34.99,34.99,03555402000140,PARAGOMINAS HOME CENTER LTDA,PARAGOMINAS HOME CENTER,SANTOS DUMONT,MACEIO
TINTA,365091,HIDROTINTAS DEMAIS 3L CZ REAL UN,,7899010489041,32091010,83000000,UN,2026-09-14T18:14:14Z,34.99,34.99,03555402000140,PARAGOMINAS HOME CENTER LTDA,PARAGOMINAS HOME CENTER,SANTOS DUMONT,MACEIO
TINTA,32695,TINTA SPRAY PRETO METALICO 350ML 250G TE,TINTA AEROSSOL PRETO METALICO 350ML/250G COD 23321006900,7898543381235,32082019,83000000,UN,2026-09-12T20:58:27Z,34.99,34.99,70015672000156,ENCONTRO DO SOL HOME CENTER LTDA,ENCONTRO DO SOL HOME CENTER,TABULEIRO DO MARTINS,MACEIO
TINTA,392930-1,REMOVEDOR DE TINTAS ACRILICA 400ML CHEMICOLOR,REMOVEDOR DE TINTAS ACRILICA SPRAY 400ML CHEMICOLOR,7898436143032,38140090,83000000,PC,2026-09-11T17:38:27Z,34.99,34.99,79379491018201,HAVAN S.A.,,JARDIM PETROPOLIS,MACEIO
TINTA,23004,TINTA SPRAY AZ METALICO 350ML 250G TEKBO,TINTA AEROSSOL AZUL METALICO 350 ML/250G REF 23271006900,7898543381181,32082019,83000000,UN,2026-09-14T19:18:06Z,34.99,34.99,70015672000156,ENCONTRO DO SOL HOME CENTER LTDA,ENCONTRO DO SOL HOME CENTER,TABULEIRO DO MARTINS,MACEIO
TINTA,29473,TINTA SPRAY DOURADO METALICO 350ML SUPER,TINTA AEROSSOL DOURADO METALICO 350 ML/250G REF 23291006900,7898543381204,32082019,83000000,UN,2026-09-08T19:49:42Z,34.99,34.99,70015672000156,ENCONTRO DO SOL HOME CENTER LTDA,ENCONTRO DO SOL HOME CENTER,TABULEIRO DO MARTINS,MACEIO
TINTA,1044,TINTA LATEX INT DEMAIS 3L RS PETALA,,0,32091010,83000000,UN,2026-09-11T13:14:24Z,35.0,35.0,09309774000173,ELIANA GONCALVES BARROS - ME,BARROS CONSTRUCOES,T DOS MARTINS,MACEIO
TINTA,1379,"TINTA ACR SOFT 3,6L - CINZA MEDIO","TINTA ACR ECONOMICA 3,6L - CINZA MEDIO MEGAO",7898701770352,32091010,83000000,UN,2026-09-16T16:49:32Z,35.0,35.0,27105792000115,E GARCIA DE AMORIM,CONSTRUCAO 4 IRMAOS,CIDADE UNIVERSITARIA,MACEIO
TINTA,629,TINTA SPRAY ALTA TEMP. TEKBOND PRETO FOSCO 350ML,TINTA SPRAY SUPER COLOR PRETO FOSCO ALTA TEMPERATURA 350ML TEKBOND REF: 38234,7898543382348,32082019,83000000,UN,2026-09-16T14:46:13Z,35.0,35.0,56888799000159,ARTEC REFRIGERACAO LTDA,ARTEC REFRIGERACAO,Santos Dumont,MACEIO
TINTA,002329,"TINTA ACRILICA PREMIUM 3,6L BRANCO NEVE ARACOR",,7890000054478,32091010,83000000,UN,2026-09-15T13:37:57Z,35.0,35.0,12832317000173,ANTONIO SOARES MACHADO -  ME,ELETRO SOARES,LEVADA,MACEIO
TINTA,002655,TINTA ESM 750ML EXTRALUX VERDE LIMAO,,7908147622747,32081010,83000000,UN,2026-09-09T15:20:53Z,35.0,35.0,12832317000173,ANTONIO SOARES MACHADO -  ME,ELETRO SOARES,LEVADA,MACEIO
TINTA,5900,TINTA PRETO FOSCO,,0,32091010,83000000,BD,2026-09-15T19:58:45Z,35.0,35.0,29630499000100,LKT LUKITA MOTOS PECAS E SERVICOS LTDA,LKT LUKITA MOTOS,BENEDITO BENTES,MACEIO
TINTA,2163,"ACR INTERIOR FOSCO BRANCO 3,0L TINTAX",,0,32091010,83000000,UN,2026-09-09T14:47:46Z,35.0,35.0,51070729000175,LUCAS DE SOUZA ALENCAR,,Petrópolis,MACEIO
TINTA,6781,"ACR INTERIOR FOSCO BRANCO 3,0L TINTAX",,0,32091010,83000000,GL,2026-09-08T20:36:56Z,35.0,35.0,49850828000128,CONSTRUCAR MATERIAL DE CONSTRUCAO LTDA,,Jacintinho,MACEIO
TINTA,964,TINTA ESMALTE STAND 900ML PTA UNIVERSO,ESMALTE SINT. UNIVERSO TINTAS PRETO 900ML,7891696008752,32081010,83000000,UN,2026-09-09T21:45:50Z,35.0,35.0,56952576000103,S DE L S SOUZA,JL Construções,Chã da Jaqueira,MACEIO
TINTA,2925,TINTA ESMALTE STAND 900ML PLATINA UNIVERSO,TINTA ESM SINT STAND PLATINA 900ML UNIVERSO TINTAS,7891696008738,32081010,83000000,CX6,2026-09-14T20:40:17Z,35.0,35.0,56952576000103,S DE L S SOUZA,JL Construções,Chã da Jaqueira,MACEIO
TINTA,2115,TINTA LTX DURA + INT BR NEVE 3L LUX,,7908147621016,32091010,83000000,UN,2026-09-15T17:08:01Z,35.0,35.0,37461181000163,S. DA. S. FERNANDES GARCIA CONSTRUCOES,CONSTRUÇÃO 4 IRMÃOS LOJA 2,CIDADE UNIVERSITARIA,MACEIO
TINTA,2419,TINTA LTX DURA + INT AREIA 3L C/4 LUX,,0,32091010,83000000,PT,2026-09-12T18:59:35Z,35.0,35.0,37461181000163,S. DA. S. FERNANDES GARCIA CONSTRUCOES,CONSTRUÇÃO 4 IRMÃOS LOJA 2,CIDADE UNIVERSITARIA,MACEIO
TINTA,2420,TINTA LTX DURA + INT MARFIM 3L C/4 LUX,,0,32091010,83000000,PT,2026-09-12T18:58:03Z,35.0,35.0,37461181000163,S. DA. S. FERNANDES GARCIA CONSTRUCOES,CONSTRUÇÃO 4 IRMÃOS LOJA 2,CIDADE UNIVERSITARIA,MACEIO
TINTA,2428,TINTA LTX DURA + INT AZ ACQUA 3L C/4 LUX,,7908147621320,32091010,83000000,PT,2026-09-11T12:08:02Z,35.0,35.0,37461181000163,S. DA. S. FERNANDES GARCIA CONSTRUCOES,CONSTRUÇÃO 4 IRMÃOS LOJA 2,CIDADE UNIVERSITARIA,MACEIO
TINTA,2455,TINTA LTX DURA + INT AZUL CEU 3L LUX,,7908147621443,32091010,83000000,PT,2026-09-12T18:24:36Z,35.0,35.0,37461181000163,S. DA. S. FERNANDES GARCIA CONSTRUCOES,CONSTRUÇÃO 4 IRMÃOS LOJA 2,CIDADE UNIVERSITARIA,MACEIO
TINTA,3310,TINTA LTX DURA + INT AZ ROYALE 3L C/4 LUX,,7908147621474,32091010,83000000,PT,2026-09-11T12:09:51Z,35.0,35.0,37461181000163,S. DA. S. FERNANDES GARCIA CONSTRUCOES,CONSTRUÇÃO 4 IRMÃOS LOJA 2,CIDADE UNIVERSITARIA,MACEIO
TINTA,25,TINTA ACR SOFT 3L - BRANCO GELO,,7898701773902,32091010,83000000,UN,2026-09-11T14:32:05Z,35.0,35.0,65565568000103,ANNE C A DE OLIVEIRA,PLASTFERRO CONSTRUÇÕES,Jacintinho,MACEIO
TINTA,66,TINTA LATEX INT DEMAIS 3L AZ OCEANO HIDR,,7899010488983,32091010,83000000,UN,2026-09-09T18:17:45Z,35.0,35.0,65565568000103,ANNE C A DE OLIVEIRA,PLASTFERRO CONSTRUÇÕES,Jacintinho,MACEIO
TINTA,79,TINTA LATEX INT DEMAIS 3L BR NEVE HIDROT,,7899010489010,32091010,83000000,UN,2026-09-12T18:44:06Z,35.0,35.0,65565568000103,ANNE C A DE OLIVEIRA,PLASTFERRO CONSTRUÇÕES,Jacintinho,MACEIO
TINTA,1205,TINTA LATEX INT DEMAIS 3L CZ REAL HIDROT,,7899010489041,32091010,83000000,UN,2026-09-11T14:43:15Z,35.0,35.0,65565568000103,ANNE C A DE OLIVEIRA,PLASTFERRO CONSTRUÇÕES,Jacintinho,MACEIO
TINTA,2774,TINTA ACR SOFT 3L - CHOCOLATE,,7898701774602,32091010,83000000,UN,2026-09-11T12:52:44Z,35.0,35.0,65565568000103,ANNE C A DE OLIVEIRA,PLASTFERRO CONSTRUÇÕES,Jacintinho,MACEIO
TINTA,5106,"ZARCAO 0,75L CINZA - TINTAS LUX",,7890000051064,32081010,83000000,UN,2026-09-10T21:24:49Z,35.0,35.0,35741347000170,D & R MATERIAIS DE CONSTRUCAO LTDA - ME,R & R CONSTRUCOES,RIO NOVO,MACEIO
TINTA,6101,ESM SINT MAXLIT 750ML PT HIDROTINTAS,,7899010492744,32081010,83000000,UN,2026-09-16T16:17:53Z,35.0,35.0,35741347000170,D & R MATERIAIS DE CONSTRUCAO LTDA - ME,R & R CONSTRUCOES,RIO NOVO,MACEIO
TINTA,6102,ESM SINT MAXLIT 750ML BR HIDROTINTAS,,7890000061025,32081010,83000000,UN,2026-09-08T20:43:07Z,35.0,35.0,35741347000170,D & R MATERIAIS DE CONSTRUCAO LTDA - ME,R & R CONSTRUCOES,RIO NOVO,MACEIO
TINTA,253,TINTA ESMALTE 750ML LUX,,0,32082019,83000000,UN,2026-09-11T20:20:37Z,35.0,35.0,11437022000130,CASA PRONTA COMERCIO DE MATERIAIS DE CONSTRUCAO LTDA  - ME,CASA PRONTA CONSTRUCOES,SANTOS DUMONT,MACEIO
TINTA,13205,ESM SINT MAXLIT 750ML BR HIDROTINTAS,,7899010492645,32081010,83000000,UN,2026-09-10T13:47:22Z,35.0,35.0,11653178000158,DIMAS TORQUATO DOS SANTOS - ME,CASA DA CONSTRUCAO,CLIMA BOM,MACEIO
TINTA,002844,REMOVEDOR SPRAY 400ML CHEMICOLLOR*,REMOVEDOR DE TINTAS ACRILICA SPRAY 400ML CHEMICOLOR,7898436143032,38140090,83000000,UN,2026-09-09T19:06:31Z,35.0,35.0,12024911000138,I. SILVA SANTOS CONSTRUCOES,VAL CONSTRUCOES,CIDADE UNIVERSITARIA,MACEIO
TINTA,010976,TINTA INTERNA ROSA BEBE 3L - TINTAX*,,0,32089010,83000000,UN,2026-09-11T16:25:06Z,35.0,35.0,12024911000138,I. SILVA SANTOS CONSTRUCOES,VAL CONSTRUCOES,CIDADE UNIVERSITARIA,MACEIO
TINTA,011254,TINTA INTERNA BRANCO NEVE 3L TINTAX*,,9999900068283,32089010,83000000,UN,2026-09-12T21:09:52Z,35.0,35.0,12024911000138,I. SILVA SANTOS CONSTRUCOES,VAL CONSTRUCOES,CIDADE UNIVERSITARIA,MACEIO
TINTA,013062,TINTA INTERNA AZUL BEBE 3L - TINTAX*,,9000000005327,32089010,83000000,UN,2026-09-10T15:57:45Z,35.0,35.0,12024911000138,I. SILVA SANTOS CONSTRUCOES,VAL CONSTRUCOES,CIDADE UNIVERSITARIA,MACEIO
TINTA,319,ESMALTE BRANCO NEVE 900ML HIDROTINTINTAS,,0,32081010,83000000,UN,2026-09-16T14:14:25Z,35.0,35.0,13712926000151,M F DE BARROS,CONSTRUCOES BARROS,CLIMA BOM,MACEIO
TINTA,1065,TEKBOND TINTA SPRAY ALTA TEMP 350ML PT FOSC TEK,TINTA SPRAY SUPER COLOR PRETO FOSCO ALTA TEMPERATURA 350ML TEKBOND REF: 38234,7898543382348,32082019,83000000,UN,2026-09-14T17:19:07Z,38.05,35.0,40181440000107,SANTOS & SANTOS COMERCIO DE MATERIAIS DE CONSTRUCAO LTDA,DONA NENE CONSTRUCOES,POCO,MACEIO
TINTA,5796,TINTA ESM SINT 750ML - MEGAO - BRANCO,,0,32081010,83000000,UN,2026-09-09T12:34:09Z,35.0,35.0,42524555000182,MARTA DE LIMA CARDOZO,TM CONSTRUCOES,OURO PRETO,MACEIO
TINTA,5797,TINTA ESM SINT 750ML - MEGAO - PRETO,,0,32081010,83000000,UN,2026-09-12T16:53:57Z,35.0,35.0,42524555000182,MARTA DE LIMA CARDOZO,TM CONSTRUCOES,OURO PRETO,MACEIO
TINTA,7484,TINTA ESM SINT 750ML- MEGAO - PT FOSCO,,0,32081010,83000000,UN,2026-09-09T12:51:07Z,35.0,35.0,42524555000182,MARTA DE LIMA CARDOZO,TM CONSTRUCOES,OURO PRETO,MACEIO
TINTA,3579,MAZA ESM SINT CINZA MEDIO 900ML,TINTA ESM SINT CZ MEDIO 900ML 1X900ML MAZA,7898289933071,32081010,83000000,LT,2026-09-08T19:02:50Z,35.0,35.0,66362871000163,COMÉRCIO DAS TINTAS LTDA,CENTRAL DAS TINTAS,Tabuleiro do Martins,MACEIO
TINTA,312,"TINTAS LUX L.PRO GL 3,0L BR NEVE",,7908147625267,32091010,83000000,UN,2026-09-16T15:34:01Z,35.0,35.0,47264579000163,47.264.579 DENISE DA SILVA SANTOS,,CIDADE UNIVERSITARIA,MACEIO
TINTA,3276007449693,Tinta Acr Std Int Fos Branca 10l Luxens,,0,32091010,83000000,UN,2026-09-09T22:35:14Z,35.0,35.0,01438784005590,LEROY MERLIN COMPANHIA BRASILEIRA DE BRICOLAGEM,,CRUZ DAS ALMAS,MACEIO
TINTA,91917546,Tinta Std f br 1 0lLuxens,,3276007449693,32091010,83000000,UN,2026-09-12T12:58:25Z,35.0,35.0,01438784005590,LEROY MERLIN COMPANHIA BRASILEIRA DE BRICOLAGEM,,CRUZ DAS ALMAS,MACEIO
TINTA,830,TINTA ESM SINT MAXILIT 750ML PRETA,,0,32081010,83000000,UN,2026-09-11T13:44:43Z,35.0,35.0,13967170000191,SAMEPE MATERIAL DE CONSTRUCAO,,JACINTINHO,MACEIO
TINTA,5678,ESM SINT MAXLIT 750ML BR HIDROTINTAS,,0,32081010,83000000,UN,2026-09-15T09:33:21Z,35.0,35.0,13967170000191,SAMEPE MATERIAL DE CONSTRUCAO,,JACINTINHO,MACEIO
TINTA,12467,"TINTA ESMT LUXLAR BR NEVE 0,75 L LUX KG",,7908147622785,32081010,83000000,KG,2026-09-10T15:59:37Z,37.5641,35.32,01493748000306,CONSTRUÇÕES IPANEMA LTDA,CONSTRUCOES IPANEMA,CENTRO,MACEIO
TINTA,12470,"TINTA ESMT LUXLAR MARFIM 0,75 L LUX KG",,7908147622532,32081010,83000000,KG,2026-09-09T17:30:24Z,37.0034,35.35,01493748000306,CONSTRUÇÕES IPANEMA LTDA,CONSTRUCOES IPANEMA,CENTRO,MACEIO
TINTA,1113,WASH PRIMER AMARELO # # ONU 1263 QUANT.LTDA TINTA 3 II,,0,32149000,83000000,UN,2026-09-10T11:32:29Z,35.5,35.5,55532304000191,TOP TINTAS LTDA,TOP TINTAS,Prado,MACEIO
TINTA,09029,"TINTA ACR ECONOMICA NACOR+ BRANCO FOSCO 3,6L IBRATIN","TINTA ACRILICA ECONOMICA - GA 3,6 LTS COR 000010-BRANCO",7899173400341,32091010,83000000,GL,2026-09-10T19:45:01Z,43.9,35.5,12270435000720,L. JARDIM & CIA LTDA,CASA JARDIM,BARRO DURO,MACEIO
TINTA,2855,ESM SINT MAXLIT 750ML (PRETO) - HIDROTINTAS,,0,32081010,83000000,UN,2026-09-10T12:29:34Z,37.5,35.63,52681878000133,FEDERAL - TINTAS & MATERIAIS ELETRICOS LTDA,CASA 7 CORES - TINTAS E MATERIAIS ELETRICOS,Clima Bom,MACEIO
TINTA,167,TINTA LATEX DURAMAIS 3L INT LUX,,7908147621429,32091010,83000000,UN,2026-09-14T15:54:39Z,36.0,35.75,05087080000188,ROSIMEIRE DA SILVA SANTOS - EPP,KOMANDO CONSTRUCOES,CIDADE UNIVESITARIA,MACEIO
TINTA,8921,TINTA STARLUX 750ML PRETO FOSCO,,0,32081010,83000000,QT,2026-09-13T14:21:35Z,37.9,35.89,05251366000157,RONILDO DE OLIVEIRA LIMA  LTDA,COMERCIAL ESPERANCA,CENTRO,MACEIO
TINTA,375428,"HIDROTINTAS ESM SECAMAX 0,75L BR GELO UN",,7899010492973,32081010,83000000,UN,2026-09-15T19:39:48Z,35.9,35.9,03555402000140,PARAGOMINAS HOME CENTER LTDA,PARAGOMINAS HOME CENTER,SANTOS DUMONT,MACEIO
TINTA,375426,"HIDROTINTAS ESM SECAMAX 0,75L BR NEVE UN",,7899010492942,32081010,83000000,UN,2026-09-13T19:06:15Z,35.9,35.9,03555402000140,PARAGOMINAS HOME CENTER LTDA,PARAGOMINAS HOME CENTER,SANTOS DUMONT,MACEIO
TINTA,375405,"HIDROTINTAS ESM SECAMAX 0,75L PRETO UN",,7899010493123,32081010,83000000,UN,2026-09-16T13:18:34Z,35.9,35.9,03555402000140,PARAGOMINAS HOME CENTER LTDA,PARAGOMINAS HOME CENTER,SANTOS DUMONT,MACEIO
TINTA,375398,"HIDROTINTAS ESM SECAMAX 0,75L CZ PLATINA UN",,7899010493000,32081010,83000000,UN,2026-09-10T11:35:01Z,35.9,35.9,03555402000140,PARAGOMINAS HOME CENTER LTDA,PARAGOMINAS HOME CENTER,SANTOS DUMONT,MACEIO
TINTA,375397,"HIDROTINTAS ESM SECAMAX 0,75L CZ ESCURO UN",,7899010493093,32081010,83000000,UN,2026-09-09T22:25:30Z,35.9,35.9,03555402000140,PARAGOMINAS HOME CENTER LTDA,PARAGOMINAS HOME CENTER,SANTOS DUMONT,MACEIO
TINTA,7891323104703,TINTA SPRAY CZ PLACA 400ML USO GERAL COLORGIN,,0,32082019,83000000,UN,2026-09-09T16:11:13Z,35.9,35.9,03656804000131,CARAJAS MATERIAL DE CONSTRUCAO LTDA,CARAJAS CONSTRUCAO,TABULEIRO DOS MARTINS,MACEIO
TINTA,7891323104444,TINTA SPRAY GRAF METAL RODAS 400ML USO GERAL COLOR,,0,32082019,83000000,UN,2026-09-14T16:42:51Z,35.9,35.9,03656804002428,CARAJAS MATERIAL DE CONSTRUCAO LTDA,CARAJAS CONSTRUCAO,MANGABEIRAS,MACEIO
TINTA,75767,"TINTA ACR FC 0,9L DIAPISO VDFOLH IQUINE","PISO ACET. EXTRA BALTIMORE REF:LF59202 LEF 57 X 57 CX 2,3MT",7892948013814,32091010,83000000,LT,2026-09-15T18:14:17Z,35.99,35.99,00279531000670,TUPAN CONSTRUCOES LTDA,,JARDIM PETROPOLIS,MACEIO
TINTA,75766,"TINTA ACR FC 0,9L DIAPISO AMDM IQUINE","TINTA ACR FC 0,9L DIAPISO AM/DM IQUINE LT0001LT",7892948013722,32091010,83000000,LT,2026-09-08T13:38:48Z,35.99,35.99,00279531000670,TUPAN CONSTRUCOES LTDA,,JARDIM PETROPOLIS,MACEIO
TINTA,75765,"TINTA ACR FC 0,9L DIAPISO PT IQUINE LT0001LT","TINTA ACR FC 0,9L DIAPISO PT IQUINE LT0001LT",7892948013876,32091010,83000000,LT,2026-09-16T18:22:20Z,35.99,35.99,00279531000670,TUPAN CONSTRUCOES LTDA,,JARDIM PETROPOLIS,MACEIO
TINTA,1470,TINTA PAREDE MEGAO 3L,,0,32141020,83000000,GL,2026-09-08T14:44:29Z,36.0,36.0,23603552000190,G N FERREIRA JUNIOR,SOL NASCENTE CONSTRUCOES,CIDADE UNIVERSITARIA,MACEIO
TINTA,0008211,"ACR INTERIOR FOSCO ROSA BEBE 3,0L TINTAX",,9000000005952,32091010,83000000,GL,2026-09-09T13:21:21Z,36.0,36.0,08610072000162,A. E. FERREIRA -  ME,,BENEDITO BENTES,MACEIO
TINTA,1572,"TINTA ESM BR RAP LT0,9L DELANIL PRETO","DELANIL-ESM PRETO 900 ML -> COD.ONU: 1263 CL.RISCO: 3,0 GR.EMB: III TINTA CONTENDO SOLVENTE ORGANICO.",7892948024766,32089010,83000000,UND,2026-09-10T13:35:18Z,36.0,36.0,09177795000182,LOJA DAS VARIEDADES COMERCIO DE FERRAMENTAS E FERRAGENS LTDA,LOJA DAS VARIEDADES,JARAGUA,MACEIO
TINTA,MLB6153172532,Tinta Pva 3l Branco Neve - Lux,,7908147621016,32091010,83000000,UN,2026-09-16T14:16:18Z,36.0,36.0,63160728000109,JOSE CARLOS CORDEIRO DA SILVA,J C CORDEIRO,Jacintinho,MACEIO
TINTA,007488,TINTA ESM.SINT.750ML TINTA LUX,TINTA ESM.SINT.900ML TINTA LUX,7898355022432,32081010,83000000,UN,2026-09-15T16:13:49Z,38.8,36.745,35722180000108,G SILVA MATERIAL DE CONSTRUCOES LTDA,G SILVA MATERIAL DE CONSTRUÇÃO E FERRAGEM,JATIUCA,MACEIO
TINTA,3542,MASSA CORRIDA SACO 10KG - HIDROTINTAS,MASSA CORRIDA SC 10KG HIDROTINTAS SC C/10KG,7899010485746,32141020,83000000,UNID,2026-09-12T12:05:02Z,36.75,36.75,22395647000100,MULTLUZ CONSTRUCAO LTDA,MULTLUZ,SAO JORGE,MACEIO
TINTA,373776,"HIPERCOR ACR 3,6L BRANCO GELO UN","TINTA HIPERCOR ECON INT 3,6L BR GELO - HIDRACOR",7897144025920,32091010,83000000,UN,2026-09-11T21:36:20Z,36.9,36.9,03555402000140,PARAGOMINAS HOME CENTER LTDA,PARAGOMINAS HOME CENTER,SANTOS DUMONT,MACEIO
TINTA,10935,"TINTA ACR PREMIUM CORAL MASTER BRANCO FOSCO 0,9L CORAL",,7891019993949,32091010,83000000,LT,2026-09-14T17:12:39Z,43.0,36.97,12270435000135,L. JARDIM & CIA LTDA,Casas Jardim,CENTRO,MACEIO
TINTA,4857,ESM SINT MAXLIT 900ML PT HIDROTINTAS,"TINTA ESM SEC. RAP. 0,9 PRETO HIDROTINTAS MAXLIT",7899010475310,32081010,83000000,UN,2026-09-10T17:44:52Z,37.0,37.0,35741347000170,D & R MATERIAIS DE CONSTRUCAO LTDA - ME,R & R CONSTRUCOES,RIO NOVO,MACEIO
TINTA,6237,ESM SINT MAXLIT 750ML AM HIDROTINTAS,,7899010492584,32081010,83000000,UN,2026-09-11T21:10:40Z,37.0,37.0,35741347000170,D & R MATERIAIS DE CONSTRUCAO LTDA - ME,R & R CONSTRUCOES,RIO NOVO,MACEIO
TINTA,7908147621955,TINTA ESMALTE EXT LUX AZUL CLARO 750ML,,7908147621955,32081010,83000000,UN,2026-09-11T18:50:36Z,37.0,37.0,47907752000102,COSTA ANDRADE MATERIAL DE CONSTRUÇÃO E VARIEDADES LTDA,COSTA ANDRADE MATERIAL DE CONSTRUCAO E VARIEDADES,BENEDITO BENTES,MACEIO
TINTA,D152345,TINTA GABINETE PARTE INTERNA MICRO,,7899608707502,32081010,83000000,PC,2026-09-15T12:24:33Z,37.21,37.21,92660406006583,FRIGELAR COMERCIO E INDUSTRIA LTDA,,GRUTA DE LOURDES,MACEIO
TINTA,12262,TINTA PVA DURAMAIS LUX GL VD CAMPINA 3L GL,,7908147621535,32091010,83000000,GL,2026-09-15T12:27:50Z,37.3767,37.376666666666665,11914541000141,NETTER CASA E CONSTRUÇÃO LTDA ME,CONSTRUCOES IPANEMA,JACINTINHO,MACEIO
TINTA,968578,"TINTA ESM BR 0,9L DIALINE ANTIFER AZ/DR LT0001LT",,7892948048465,32081010,83000000,LT,2026-09-13T16:29:59Z,74.99,37.49,00279531000670,TUPAN CONSTRUCOES LTDA,,JARDIM PETROPOLIS,MACEIO
TINTA,7208,"TINTA BRANCO NEVE INTERNO GL 3,0L- MIL",,618341747777,32091010,83000000,UN,2026-09-10T17:53:28Z,38.0,37.62,23959130000151,ELINEIDE SANTOS NASCIMENTO - ME,CASA NASCIMENTO,JACINTINHO,MACEIO
TINTA,72,TINTA PITANGA 3L - HIDROTINTAS,,0,32091010,83000000,GL,2026-09-11T17:27:47Z,39.0,37.74,13712926000151,M F DE BARROS,CONSTRUCOES BARROS,CLIMA BOM,MACEIO
TINTA,10935,"TINTA ACR PREMIUM CORAL MASTER BRANCO FOSCO 0,9L CORAL",,7891019993949,32091010,83000000,LT,2026-09-12T13:37:17Z,43.0,37.84,12270435000801,L. JARDIM & CIA LTDA,Casas Jardim,PAJUCARA,MACEIO
TINTA,375414,"HIDROTINTAS ESM AQUAMAX AB 0,75L PRETO UN",,7899010493284,32091010,83000000,LT,2026-09-12T14:01:58Z,37.9,37.9,03555402000140,PARAGOMINAS HOME CENTER LTDA,PARAGOMINAS HOME CENTER,SANTOS DUMONT,MACEIO
TINTA,375429,"HIDROTINTAS ESM AQUAMAX AB 0,75 CZ PLAT UN",,7899010493352,32091010,83000000,UN,2026-09-15T12:34:03Z,37.9,37.9,03555402000140,PARAGOMINAS HOME CENTER LTDA,PARAGOMINAS HOME CENTER,SANTOS DUMONT,MACEIO
TINTA,7891323104475,TINTA SPRAY VERNIZ INCOL 400ML USO GERAL COLORGIN,,0,32082019,83000000,UN,2026-09-16T00:37:34Z,37.9,37.9,03656804002428,CARAJAS MATERIAL DE CONSTRUCAO LTDA,CARAJAS CONSTRUCAO,MANGABEIRAS,MACEIO
TINTA,7898436146118,TINTA SPRAY METALICA DOURADA 400ML CHEMICOLOR,T SPRAY METALICA DOURADA 400ML CHEMICOLO 1X400ML CHEMICOLOR,7898436146118,32082011,83000000,UN,2026-09-10T19:33:40Z,37.9,37.9,03656804000131,CARAJAS MATERIAL DE CONSTRUCAO LTDA,CARAJAS CONSTRUCAO,TABULEIRO DOS MARTINS,MACEIO
TINTA,14643,PRETO VINILICO FOSCO #  # ONU 1263 TINTA 3 II,PRETO VINILICO FOSCO ONU 1263 QUANT.LTDA TINTA 3 II 3.24 KG,7899381662098,32149000,83000000,UN,2026-09-10T13:39:27Z,37.99,37.99,66362871000163,COMÉRCIO DAS TINTAS LTDA,CENTRAL DAS TINTAS,Tabuleiro do Martins,MACEIO
TINTA,2634,TINTA ESM SINT PT 900ML,TINTA ESM SINT PT 900ML 1X900ML MAZA,7898289931589,32081010,83000000,LA,2026-09-16T16:43:29Z,38.0,38.0,27105792000115,E GARCIA DE AMORIM,CONSTRUCAO 4 IRMAOS,CIDADE UNIVERSITARIA,MACEIO
TINTA,2236,TINTA ESM SINT PT 900ML,TINTA ESM SINT PT 900ML 1X900ML MAZA,7898289931589,32081010,83000000,UN,2026-09-11T17:01:07Z,38.0,38.0,65565568000103,ANNE C A DE OLIVEIRA,PLASTFERRO CONSTRUÇÕES,Jacintinho,MACEIO
TINTA,2238,TINTA ESM SINT PLATINA 900ML,TINTA ESM SINT PLATINA 900ML 1X900MLMAZA,7898289934368,32081010,83000000,UN,2026-09-11T14:41:39Z,38.0,38.0,65565568000103,ANNE C A DE OLIVEIRA,PLASTFERRO CONSTRUÇÕES,Jacintinho,MACEIO
TINTA,4769,TINTA LATEX INT DEMAIS 3L BR NEVE HIDROT,,7899010489010,32091010,83000000,UN,2026-09-10T21:21:37Z,38.0,38.0,35741347000170,D & R MATERIAIS DE CONSTRUCAO LTDA - ME,R & R CONSTRUCOES,RIO NOVO,MACEIO
TINTA,12339,ESMALTE SINT 900ML PRETO BRIL GLASURIT,TINTA ESM SINT BRILH SECA RAP 900ML PT - GLASURIT,7891260059364,32081010,83000000,UN,2026-09-15T16:56:01Z,38.0,38.0,34519968000140,GALPAO DA CONSTRUCAO LTDA,GALPAO DA CONSTRUCAO,CIDADE UNIVERSITARIA,MACEIO
TINTA,18860,TINTA SPRAY ALTA TEMPERATURA PRETO FOSCO TEKBOND,TINTA SPRAY SUPER COLOR PRETO FOSCO ALTA TEMPERATURA 350ML TEKBOND REF: 38234,7898543382348,32082019,83000000,UND,2026-09-12T14:08:23Z,38.0,38.0,17185102000121,VCL COMERCIO DE MATERIAL DE CONSTRUCAO LTDA -  EPP,VCL COMERCIAL,BARRO DURO,MACEIO
TINTA,8301.000010.0,"NACOR TINTA ACRILICA ECONOMICA-GA 3,6 LT COR 000010-BRANCO LOTE 95120131","TINTA ACRILICA ECONOMICA - GA 3,6 LTS COR 000010-BRANCO",7899173400341,32091010,83000000,Peca,2026-09-15T16:58:03Z,38.0,38.0,24168648000130,RAMIRO RIBEIRO FILHO - ME,,CIDADE UNIVERSITARIA,MACEIO
TINTA,8301.000018.0,"NACOR TINTA ACRILICA ECONOMICA-GA 3,6 LT COR 000018-GELO LOTE 95119921","NACOR TINTA ACRILICA ECONOMICA-GA 3,6 LT COR 000018-GELO",7899173400365,32091010,83000000,Peca,2026-09-12T13:30:26Z,38.0,38.0,24168648000130,RAMIRO RIBEIRO FILHO - ME,,CIDADE UNIVERSITARIA,MACEIO
TINTA,07197,"ACR FOSCO BRANCO 0,9L RENDE MUITO CORAL",TINTA PARA PAREDE VINIL ACRILICO CORAL REND MUITO 900ML BRANCO NEVE,7891019101474,32091010,83000000,UN,2026-09-14T14:11:37Z,38.03,38.03,09326760000753,CASA DAS TINTAS LTDA,CASA DAS TINTAS,PONTA VERDE,MACEIO
TINTA,07197,"ACR FOSCO BRANCO 0,9L RENDE MUITO CORAL",TINTA PARA PAREDE VINIL ACRILICO CORAL REND MUITO 900ML BRANCO NEVE,7891019101474,32091010,83000000,UN,2026-09-12T14:32:06Z,38.03,38.03,09326760000168,CASA DAS TINTAS LTDA,CASA DAS TINTAS,POCO,MACEIO
TINTA,07197,"ACR FOSCO BRANCO 0,9L RENDE MUITO CORAL",TINTA PARA PAREDE VINIL ACRILICO CORAL REND MUITO 900ML BRANCO NEVE,7891019101474,32091010,83000000,UN,2026-09-15T17:48:37Z,38.03,38.03,09326760000400,CASA DAS TINTAS LTDA,,BARRO DURO,MACEIO
TINTA,12261,TINTA PVA DURAMAIS LUX GL MENTA 3L GL,,7908147621436,32091010,83000000,GL,2026-09-14T12:40:28Z,38.07,38.07,11914541000141,NETTER CASA E CONSTRUÇÃO LTDA ME,CONSTRUCOES IPANEMA,JACINTINHO,MACEIO
TINTA,7898436143032,REMOVEDOR DE TINTAS ACR SPRAY 250G CHEMICOLOR,REMOVEDOR DE TINTAS ACRILICA SPRAY 400ML CHEMICOLOR,7898436143032,38140090,83000000,UN,2026-09-13T15:06:19Z,39.9,38.15,03656804000131,CARAJAS MATERIAL DE CONSTRUCAO LTDA,CARAJAS CONSTRUCAO,TABULEIRO DOS MARTINS,MACEIO
TINTA,2815,"TINTA ACR FC 0,9L RED MUIT BR CORAL",,0,32091010,83000000,LT,2026-09-09T17:19:41Z,40.0,38.38,15095388000129,CAIO ANDERSON DA SILVA MATERIAL DE CONSTRUÇÃO,,CENTRO,MACEIO
TINTA,75,TINTA PVA BRANCO GELO 3L - LUX,,0,32091010,83000000,UNID,2026-09-09T19:42:13Z,38.5,38.5,63160728000109,JOSE CARLOS CORDEIRO DA SILVA,J C CORDEIRO,Jacintinho,MACEIO
TINTA,1127,TINTA AREIA 3L AREIA HIDROTINTAS,,0,32091010,83000000,GL,2026-09-11T22:02:08Z,39.0,38.64333333333333,13712926000151,M F DE BARROS,CONSTRUCOES BARROS,CLIMA BOM,MACEIO
TINTA,08937,SPRAY CGIN METALLIK ROSE GOLD (56) 350ML COLORGIN,TINTA SPRAY COLORGIN METAL ROSE GOLD 350ML - REF 56,7891494664785,32082019,83000000,UND,2026-09-08T12:08:23Z,43.0,38.69,12270435000135,L. JARDIM & CIA LTDA,Casas Jardim,CENTRO,MACEIO
TINTA,10935,"TINTA ACR PREMIUM CORAL MASTER BRANCO FOSCO 0,9L CORAL",,7891019993949,32091010,83000000,LT,2026-09-11T17:01:03Z,38.7,38.7,12270435000640,L. JARDIM & CIA LTDA,Casas Jardim,JATIUCA,MACEIO
TINTA,02045,SPRAY CGIN METALLIK COBRE (54) 350ML COLORGIN,TINTA SPRAY COBRE 350ML METALLIK COLORGIN,7891494000545,32082019,83000000,UND,2026-09-08T16:23:27Z,38.7,38.7,12270435000640,L. JARDIM & CIA LTDA,Casas Jardim,JATIUCA,MACEIO
TINTA,10935,"TINTA ACR PREMIUM CORAL MASTER BRANCO FOSCO 0,9L CORAL",,7891019993949,32091010,83000000,LT,2026-09-10T14:57:02Z,38.7,38.7,12270435001026,L. JARDIM & CIA LTDA,Casas Jardim,FAROL,MACEIO
TINTA,10935,"TINTA ACR PREMIUM CORAL MASTER BRANCO FOSCO 0,9L CORAL",,7891019993949,32091010,83000000,LT,2026-09-10T16:54:08Z,38.7,38.7,12270435000720,L. JARDIM & CIA LTDA,CASA JARDIM,BARRO DURO,MACEIO
TINTA,10406,"TINTA ACR ECON HIPER D+ BR GELO 3,6L HIPERCOR",,0,32091010,83000000,BD,2026-09-08T14:15:32Z,38.9,38.9,22442491000163,MADSON LUAN CORRERIA RAMOS,OURO PRETO MATERIAIS DE CONSTRUCAO,OURO PRETO,MACEIO
TINTA,293058,"TINTA ESM BR 0,75L CORALAR BR CORAL LT0001LT",,7891019984763,32089010,83000000,LT,2026-09-12T14:58:57Z,38.99,38.99,00279531000670,TUPAN CONSTRUCOES LTDA,,JARDIM PETROPOLIS,MACEIO
TINTA,293050,"TINTA ESM BR 0,75L CORALAR PT CORAL",,7891019984671,32089010,83000000,LT,2026-09-15T19:28:37Z,38.99,38.99,00279531000670,TUPAN CONSTRUCOES LTDA,,JARDIM PETROPOLIS,MACEIO
TINTA,3019,TINTA AEROSSOL OURO METALICO 350ML COD 2,TINTA AEROSSOL OURO METALICO 350 ML/250G REF 23351006900,7898543381266,32082019,83000000,UN,2026-09-15T18:47:06Z,38.99,38.99,04767762000179,MERCADAO DAS MIUDEZAS E PAPELARIA - EIRELI - EPP,MERCADAO DAS MIUDEZAS,CENTRO,MACEIO
TINTA,876639,"TINTA ESM BR 0,225L CORALIT ULT OU CORAL LT0001LT","TINTA ESM BR 0,225L CORALIT OU CORAL LT0001LT",7891019173662,32089010,83000000,LT,2026-09-16T13:45:53Z,38.99,38.99,00279531000670,TUPAN CONSTRUCOES LTDA,,JARDIM PETROPOLIS,MACEIO
TINTA,12090,TINTA PVA DURAMAIS LUX GL AREIA 3L GL,,7908147621467,32091010,83000000,GL,2026-09-08T11:30:10Z,39.0,39.0,01493748000136,CONSTRUÇÕES IPANEMA LTDA,CONSTRUÇÕES IPANEMA,POCO,MACEIO
TINTA,93,"TINTA ESM BR 0,75L DELANIL BRNV IQUINE",,7892948051243,32081010,83000000,LT,2026-09-15T18:59:33Z,39.0,39.0,33915734000150,LUIZ JOSE DE SOUZA FILHO MATERIAL DE CONSTRUÇÃOE REPRESENTAÇÃO E COMPANHIA LTDA.,TCHARLES CONSTRUCOES,SANTA LUCIA,MACEIO
TINTA,971,TINTA ROSA PETALA 3L DEMAIS - HIDROTINTAS,,0,32091010,83000000,GL,2026-09-08T15:12:16Z,39.0,39.0,13712926000151,M F DE BARROS,CONSTRUCOES BARROS,CLIMA BOM,MACEIO
TINTA,2047,TINTA CINZA REAL 3L- HIDROTINTAS,,0,32091010,83000000,GL,2026-09-09T20:55:05Z,39.0,39.0,13712926000151,M F DE BARROS,CONSTRUCOES BARROS,CLIMA BOM,MACEIO
TINTA,002332,"TINTA ESM BR 0,75L DELANIL AM IQUINE",,7892948051588,32081010,83000000,UN,2026-09-10T15:01:42Z,39.0,39.0,18858120000190,GRACILENE CORREIA DA SILVA CANDIDO,HIDROGRAF,SANTA LUCIA,MACEIO
TINTA,7732,"TINTA ACR BRANCO NEVE 3,6 LTS - IBRATIN",,0,32091010,83000000,UN,2026-09-09T12:09:44Z,39.0,39.0,42524555000182,MARTA DE LIMA CARDOZO,TM CONSTRUCOES,OURO PRETO,MACEIO
TINTA,7916,"TINTA ACR GELO 3,6 LTS - IBRATIN",,0,32091010,83000000,UN,2026-09-15T12:37:05Z,39.0,39.0,42524555000182,MARTA DE LIMA CARDOZO,TM CONSTRUCOES,OURO PRETO,MACEIO
TINTA,8301.000005.0,"NACOR TINTA ACRILICA ECONOMICA-GA 3,6 LT COR 000005-AREIA LOTE 95120014","NACOR TINTA ACRILICA ECONOMICA-GA 3,6 LT COR 000005-AREIA",7899173400303,32091010,83000000,Peca,2026-09-09T10:38:05Z,39.0,39.0,24168648000130,RAMIRO RIBEIRO FILHO - ME,,CIDADE UNIVERSITARIA,MACEIO
TINTA,182,BP BRANCO POLAR LISA HYUNDAI SKYLACK 900ML,TINTA ROYAL BP BRANCO POLAR LISA HYUNDAI 1219,7899494504728,32081010,83000000,UN,2026-09-11T13:11:06Z,50.0,39.24,52798419000134,MARIA J FERREIRA FILHA LTDA,UNIVERSO TINTAS,Antares,MACEIO
TINTA,09029,"TINTA ACR ECONOMICA NACOR+ BRANCO FOSCO 3,6L IBRATIN","TINTA ACRILICA ECONOMICA - GA 3,6 LTS COR 000010-BRANCO",7899173400341,32091010,83000000,GL,2026-09-09T11:55:34Z,43.9,39.42,12270435000801,L. JARDIM & CIA LTDA,Casas Jardim,PAJUCARA,MACEIO
TINTA,3291,TINTA ESM SINT MAXLIT 750ML MARROM - HIDROTINTAS,,7899010492737,32081010,83000000,UN,2026-09-14T19:38:40Z,41.9,39.46,50799419000123,J L B NUNES MATERIAL DE CONSTRUCAO,BB PISOS,BENEDITO BENTES,MACEIO
TINTA,09194,"TINTA ACR ECONOMICA NACOR+ GELO FOSCO 3,6L IBRATIN","NACOR TINTA ACRILICA ECONOMICA-GA 3,6 LT COR 000018-GELO",7899173400365,32091010,83000000,GL,2026-09-08T11:02:12Z,39.51,39.51,12270435000720,L. JARDIM & CIA LTDA,CASA JARDIM,BARRO DURO,MACEIO
TINTA,09029,"TINTA ACR ECONOMICA NACOR+ BRANCO FOSCO 3,6L IBRATIN","TINTA ACRILICA ECONOMICA - GA 3,6 LTS COR 000010-BRANCO",7899173400341,32091010,83000000,GL,2026-09-09T14:19:27Z,39.51,39.51,12270435000135,L. JARDIM & CIA LTDA,Casas Jardim,CENTRO,MACEIO
TINTA,09029,"TINTA ACR ECONOMICA NACOR+ BRANCO FOSCO 3,6L IBRATIN","TINTA ACRILICA ECONOMICA - GA 3,6 LTS COR 000010-BRANCO",7899173400341,32091010,83000000,GL,2026-09-08T11:35:06Z,39.51,39.51,12270435000640,L. JARDIM & CIA LTDA,Casas Jardim,JATIUCA,MACEIO
TINTA,09029,"TINTA ACR ECONOMICA NACOR+ BRANCO FOSCO 3,6L IBRATIN","TINTA ACRILICA ECONOMICA - GA 3,6 LTS COR 000010-BRANCO",7899173400341,32091010,83000000,GL,2026-09-11T20:25:11Z,39.51,39.51,12270435001026,L. JARDIM & CIA LTDA,Casas Jardim,FAROL,MACEIO
TINTA,008472,"VERNIZ 0,75L INCOLOR - TINTAS LUX",,7908147622242,32081010,83000000,UN,2026-09-12T13:04:53Z,47.99,39.56,70012570000187,CARMEM LUCIA LINS DE SOUZA - ME,COMERCIAL LINS,PONTA GROSSA,MACEIO
TINTA,07891260059999,"TINTA ESM S RAP 0,9L BRANCO BASF","TINTA SUV GLAS ESM SEC RAP BRANCO 0,9L KG 53437182",7891260059999,32081010,83000000,UN,2026-09-14T12:07:05Z,44.0,39.6,38430818000117,PARAFUZETA MATERIAIS DE CONSTRUCOES E MULTICOISAS LTDA,PARAFUZETA MULTICOISAS,JATIUCA,MACEIO
TINTA,41105,"TINTA INT BR GELO 4,5KG LATEX LUCRILAR",,0,32141020,83000000,GL,2026-09-09T18:25:47Z,39.6,39.6,17887377000107,AMORIM FREITAS CONSTRUÇÃO LTDA,VALMOR MATERIAL DE CONSTRUCAO,JACINTINHO,MACEIO
TINTA,41506,"TINTA INT BR NEVE 4,5KG LATEX LUCRILAR",,0,32141020,83000000,GL,2026-09-15T18:14:45Z,39.62,39.62,17887377000107,AMORIM FREITAS CONSTRUÇÃO LTDA,VALMOR MATERIAL DE CONSTRUCAO,JACINTINHO,MACEIO
TINTA,873,PRIMER UNIVERSAL CINZA # # ONU 1263 QUANT.LTDA TINTA 3 II,,0,32149000,83000000,UN,2026-09-09T17:44:47Z,40.0,39.693333333333335,55532304000191,TOP TINTAS LTDA,TOP TINTAS,Prado,MACEIO
TINTA,7898436141724,TINTA SPRAY LUMINOSA PINK 400ML CHEMIXOLOR,,0,32082011,83000000,UN,2026-09-15T13:49:48Z,39.9,39.9,03656804000131,CARAJAS MATERIAL DE CONSTRUCAO LTDA,CARAJAS CONSTRUCAO,TABULEIRO DOS MARTINS,MACEIO
TINTA,7892948013661,TINTA ACR PISO 900ML BR NEVE DIAPISO IQUINE,,0,32091010,83000000,LT,2026-09-15T20:20:26Z,39.9,39.9,03656804000131,CARAJAS MATERIAL DE CONSTRUCAO LTDA,CARAJAS CONSTRUCAO,TABULEIRO DOS MARTINS,MACEIO
TINTA,10407,"TINTA ACR ECON HIPER D+ BR NEVE 3,6L HIPERCOR",,0,32091010,83000000,BD,2026-09-13T13:24:18Z,39.9,39.9,22442491000163,MADSON LUAN CORRERIA RAMOS,OURO PRETO MATERIAIS DE CONSTRUCAO,OURO PRETO,MACEIO
TINTA,3639541,TINTA SPRAY 350ML PT FOSCO TEKBOND,TINTA AEROSSOL PRETO FOSCO USO GERAL 350 ML/250G REF 23001006900,7898543380917,32082019,83000000,UN,2026-09-10T11:43:00Z,39.9,39.9,04081654000148,MAXCASA COMERCIAL EIRELI - EPP,MAXCASA@MULTICOISAS.COM.BR,PONTA VERDE,MACEIO
TINTA,3639576,TINTA SPRAY 350ML BC BRILHANT.TEKBO,TINTA AEROSSOL BRANCO BRILHANTE USO GERAL 350 ML/250G REF 23021006900,7898543380931,32082019,83000000,UN,2026-09-12T16:34:00Z,39.9,39.9,04081654000148,MAXCASA COMERCIAL EIRELI - EPP,MAXCASA@MULTICOISAS.COM.BR,PONTA VERDE,MACEIO
TINTA,7898436142196,TINTA SPRAY LUMINOSA MAGENTA 400ML CHEMICOLOR,T SPRAY LUMINOSA MAGENTA 400ML CHEMICOLO 1X400ML CHEMICOLOR,7898436142196,32082011,83000000,UN,2026-09-12T23:14:31Z,39.9,39.9,03656804000131,CARAJAS MATERIAL DE CONSTRUCAO LTDA,CARAJAS CONSTRUCAO,TABULEIRO DOS MARTINS,MACEIO
TINTA,7898436140192,TINTA SPRAY METALICA COBRE 400M CHEMICOLOR,T SPRAY METALICA COBRE 400ML CHEMICOLOR 1X400ML CHEMICOLOR,7898436140192,32082011,83000000,UN,2026-09-15T21:58:11Z,39.9,39.9,03656804002428,CARAJAS MATERIAL DE CONSTRUCAO LTDA,CARAJAS CONSTRUCAO,MANGABEIRAS,MACEIO
TINTA,7898436140246,TINTA SPRAY METALICA VM 400ML CHEMICOLOR,TINTA CHEMICOLOR METALICA VERMELHO 400ML BASTON,7898436140246,32082011,83000000,UN,2026-09-16T18:40:47Z,39.9,39.9,03656804002428,CARAJAS MATERIAL DE CONSTRUCAO LTDA,CARAJAS CONSTRUCAO,MANGABEIRAS,MACEIO
TINTA,7898436141700,TINTA SPRAY LUMINOSA AM 400ML CHEMICOLOR,,0,32082011,83000000,UN,2026-09-12T01:04:31Z,39.9,39.9,03656804002428,CARAJAS MATERIAL DE CONSTRUCAO LTDA,CARAJAS CONSTRUCAO,MANGABEIRAS,MACEIO
TINTA,7891019915774,"TINTA ACR ACET BASE MF DECORA SEDA 0,8L CORAL","TINTA BASE ACR AC LT0,8L SEDA DECORA MF LT0001LT - ESSENCIA DE LARANJA",7891019915774,32091010,83000000,UN,2026-09-12T23:13:02Z,39.9,39.9,03656804000131,CARAJAS MATERIAL DE CONSTRUCAO LTDA,CARAJAS CONSTRUCAO,TABULEIRO DOS MARTINS,MACEIO
TINTA,7892948003877,"TINTA ACR FOSC 3,6L PESSEGO DIATEX IQUINE",,0,32091010,83000000,GL,2026-09-08T19:41:48Z,39.9,39.9,03656804002428,CARAJAS MATERIAL DE CONSTRUCAO LTDA,CARAJAS CONSTRUCAO,MANGABEIRAS,MACEIO
TINTA,47345,TINTA DURAMAIS 3.0L ALG.DOURADO LUX,,7908147621191,32091010,83000000,GL,2026-09-14T15:45:41Z,39.99,39.99,70015672000156,ENCONTRO DO SOL HOME CENTER LTDA,ENCONTRO DO SOL HOME CENTER,TABULEIRO DO MARTINS,MACEIO
TINTA,3091,KTP AZUL DEL REY VW 76 900ML SHERWIN - WILLIANS,TINTA ESMALT AUTOM 900ML AZUL DEL REY VW76 SHERWIN WILLIAMS,7891452738367,32089010,83000000,UN,2026-09-11T12:36:59Z,39.99,39.99,66362871000163,COMÉRCIO DAS TINTAS LTDA,CENTRAL DAS TINTAS,Tabuleiro do Martins,MACEIO
TINTA,27714,TINTA SPRAY PRETO ALTA TEMPERATURA 350ML,TINTA TEKBON AEROSSOL PRETO ALTA TEMPERATURA PRETO BRILHANTE 350ML,7898543381167,32082019,83000000,UN,2026-09-15T14:28:14Z,39.99,39.99,70015672000156,ENCONTRO DO SOL HOME CENTER LTDA,ENCONTRO DO SOL HOME CENTER,TABULEIRO DO MARTINS,MACEIO
TINTA,4357,"TINTA DURAMAIS 3,0L BR.NEVE LUX",,7908147621016,32091010,83000000,GL,2026-09-15T21:11:37Z,39.99,39.99,70015672000156,ENCONTRO DO SOL HOME CENTER LTDA,ENCONTRO DO SOL HOME CENTER,TABULEIRO DO MARTINS,MACEIO
TINTA,30641,TINTA SPRAY PRETO FOSCO ALTA TEMPERATURA,TINTA SPRAY SUPER COLOR PRETO FOSCO ALTA TEMPERATURA 350ML TEKBOND REF: 38234,7898543382348,32082019,83000000,UN,2026-09-15T15:43:41Z,39.99,39.99,70015672000156,ENCONTRO DO SOL HOME CENTER LTDA,ENCONTRO DO SOL HOME CENTER,TABULEIRO DO MARTINS,MACEIO
TINTA,47349,TINTA DURAMAIS 3.0L LARANJA SERTAO LUX,,7908147621290,32091010,83000000,GL,2026-09-09T13:41:25Z,39.99,39.99,70015672000156,ENCONTRO DO SOL HOME CENTER LTDA,ENCONTRO DO SOL HOME CENTER,TABULEIRO DO MARTINS,MACEIO
TINTA,47550,TINTA DURAMAIS 3.0L BR.GELO LUX,,7908147621023,32091010,83000000,GL,2026-09-15T11:37:16Z,39.99,39.99,70015672000156,ENCONTRO DO SOL HOME CENTER LTDA,ENCONTRO DO SOL HOME CENTER,TABULEIRO DO MARTINS,MACEIO
TINTA,09667,"TINTA ACR ECONOMICA HIPER D+ BRANCO FOSCO 3,6L HIPERCOR",,1001002096670,32091010,83000000,GL,2026-09-08T20:59:44Z,48.0,40.0,12270435000135,L. JARDIM & CIA LTDA,Casas Jardim,CENTRO,MACEIO
TINTA,1045,TINTA LATEX INT DEMAIS 3L PEROLA,,0,32091010,83000000,UN,2026-09-15T13:27:26Z,40.0,40.0,09309774000173,ELIANA GONCALVES BARROS - ME,BARROS CONSTRUCOES,T DOS MARTINS,MACEIO
TINTA,1175,VERNIZ 750ML INCOLOR HIDROTINTAS,,0,32081010,83000000,UN,2026-09-15T18:02:23Z,40.0,40.0,09309774000173,ELIANA GONCALVES BARROS - ME,BARROS CONSTRUCOES,T DOS MARTINS,MACEIO
TINTA,001848,"TINTA LTX 3,6L BRANCO GLASU",,0,32091010,83000000,UN,2026-09-11T16:27:08Z,44.0,40.0,12832317000173,ANTONIO SOARES MACHADO -  ME,ELETRO SOARES,LEVADA,MACEIO
TINTA,3578,ESM SINT MAXILIT 900ML CZ PLAT HIDROTINT,"TINTA ESM SEC. RAP. 0,9 CINZA PLATINA HIDROTINTAS MAXLIT",7899010475198,32081010,83000000,UN,2026-09-15T19:54:09Z,40.0,40.0,49850828000128,CONSTRUCAR MATERIAL DE CONSTRUCAO LTDA,,Jacintinho,MACEIO
TINTA,4697,TINTA LATEX INT DEMAIS 3L RS PETALA HIDR,TINTA ACRILICA DEMAIS 3L ROSA PETALA HIDROTINTAS,7899010483346,32091010,83000000,GL,2026-09-15T19:57:47Z,40.0,40.0,49850828000128,CONSTRUCAR MATERIAL DE CONSTRUCAO LTDA,,Jacintinho,MACEIO
TINTA,6114,TINTA LATEX INT DEMAIS 3L LILAS HIDROTIN,TINTA LATEX INT DEMAIS 3L LILAS HIDROTIN GL C/3L,7899010483261,32091010,83000000,GL,2026-09-15T19:55:51Z,40.0,40.0,49850828000128,CONSTRUCAR MATERIAL DE CONSTRUCAO LTDA,,Jacintinho,MACEIO
TINTA,329,TINTA POP BRANCO NEVE 5 LT,,0,32091010,83000000,UN,2026-09-09T12:32:58Z,40.0,40.0,54674975000124,J C DA SILVA MATERIAIS DE CONSTRUÇÃO LTDA,JC CONSTRUÇÃO,Benedito Bentes,MACEIO
TINTA,9677,"Tinta lux colorir 3,6l azul turquesa /",,0,32091010,83000000,UN,2026-09-12T16:41:07Z,40.0,40.0,31581137000100,LARISSA MAYARA SAPUCAIA DOS SANTOS,MAYARA CONSTRUCOES,CENTRO,MACEIO
TINTA,11032,TINTA ESMALTE BRI PREMIUM BRANCO 900ml,,7908027013368,32091010,83000000,PC,2026-09-11T14:02:06Z,45.0,40.0,11653178000158,DIMAS TORQUATO DOS SANTOS - ME,CASA DA CONSTRUCAO,CLIMA BOM,MACEIO
TINTA,010859,"TINTA INTERNA AZUL PASTORIL 3,6L - MIRALAR*",,9999900066371,32091010,83000000,UN,2026-09-14T14:36:44Z,40.0,40.0,12024911000138,I. SILVA SANTOS CONSTRUCOES,VAL CONSTRUCOES,CIDADE UNIVERSITARIA,MACEIO
TINTA,4518,TINTA ACR SOFT 3L- VERDE PISCINA MEGAO,,7898701774060,32091010,83000000,UN,2026-09-15T16:43:41Z,40.0,40.0,66362871000163,COMÉRCIO DAS TINTAS LTDA,CENTRAL DAS TINTAS,Tabuleiro do Martins,MACEIO
TINTA,5440,TINTA ACR SOFT 3L - MARINE,,0,32091010,83000000,UN,2026-09-12T20:48:49Z,40.0,40.0,66362871000163,COMÉRCIO DAS TINTAS LTDA,CENTRAL DAS TINTAS,Tabuleiro do Martins,MACEIO
TINTA,872,PRIMER UNIVERSAL BRANCO # # ONU 1263 QUANT.LTDA TINTA 3 II,,0,32149000,83000000,UN,2026-09-15T16:38:10Z,40.0,40.0,55532304000191,TOP TINTAS LTDA,TOP TINTAS,Prado,MACEIO
TINTA,1122,BASE PU ACR.BRANCA PURO # # ONU 1263 QUANT.LTDA TINTA 3 II,,0,32081010,83000000,UN,2026-09-12T13:40:09Z,40.0,40.0,55532304000191,TOP TINTAS LTDA,TOP TINTAS,Prado,MACEIO
TINTA,364,MASSA ACRILICA 4KG - TINTAS LUX,,0,32141020,83000000,UN,2026-09-12T16:02:57Z,40.0,40.0,27449717000171,F P B DOS SANTOS COMERCIO E SERVIÇOS LTDA,FP PECAS E SERVICOS,SERRARIA,MACEIO
TINTA,12294,TINTA PVA DURAMAIS LUX GL PESSEGO 3L GL,,7908147621566,32091010,83000000,GL,2026-09-11T14:41:50Z,40.5,40.5,11914541000141,NETTER CASA E CONSTRUÇÃO LTDA ME,CONSTRUCOES IPANEMA,JACINTINHO,MACEIO
TINTA,373761,"HIDROTINTAS VERNIZ EXT RAP 0,75L MOGNO C UN",,7899010492935,32081010,83000000,UN,2026-09-09T22:25:30Z,40.9,40.9,03555402000140,PARAGOMINAS HOME CENTER LTDA,PARAGOMINAS HOME CENTER,SANTOS DUMONT,MACEIO
TINTA,7892948051243,"TINTA ESMALTE BRANCO IQUINE DELANIL 0,75L",,7892948051243,32081010,83000000,UN,2026-09-12T16:27:03Z,41.85,41.36,28341278000141,FABIO  S  DO NASCIMENTO EIRELI - ME,IMPERJUNIOR,JACINTINHO,MACEIO
TINTA,12071,TINTA PVA DURAMAIS LUX GL BR NEVE 3L GL,,7908147621016,32091010,83000000,GL,2026-09-15T16:54:22Z,41.5,41.5,01493748000306,CONSTRUÇÕES IPANEMA LTDA,CONSTRUCOES IPANEMA,CENTRO,MACEIO
TINTA,2110,"TINTA ACRILICA 0,9L REND MUIT BR CORAL",,0,32091010,83000000,LT,2026-09-11T21:35:43Z,42.0,41.61,13712926000151,M F DE BARROS,CONSTRUCOES BARROS,CLIMA BOM,MACEIO
TINTA,3077,"DELANIL MAD E MET VERDE NILO 750ML -> COD.ONU: 1263 CL.RISCO: 3,0 GR.EMB: III Tinta contendo solvente organico.",,7892948051441,32081010,83000000,UN,2026-09-15T14:34:11Z,43.9,41.71,37213269000166,PADILHA E RODRIGUES CONSTRUÇÕES LTDA,CONSTRU FORT,CENTRO,MACEIO
TINTA,9475,"NACOR TINTA AC ECONOMICA - GL 3,6 LTS COR 000118-LILAS LOT",,7899173409313,32091010,83000000,GL,2026-09-15T16:53:46Z,42.0,41.87,37461181000163,S. DA. S. FERNANDES GARCIA CONSTRUCOES,CONSTRUÇÃO 4 IRMÃOS LOJA 2,CIDADE UNIVERSITARIA,MACEIO
TINTA,7898543381136,TINTA SPRAY SUPERCOL,,0,32091010,83000000,UN,2026-09-12T16:00:35Z,41.9,41.9,06021149000133,PAPEL CENTRAL LTDA - ME,,CENTRO,MACEIO
TINTA,7898436140208,TINTA SPRAY METALICA OURO 400ML CHEMICOLOR,,0,32082011,83000000,UN,2026-09-12T13:29:53Z,41.9,41.9,03656804002428,CARAJAS MATERIAL DE CONSTRUCAO LTDA,CARAJAS CONSTRUCAO,MANGABEIRAS,MACEIO
TINTA,001747,"TINTA ESM BR 0,75L DELANIL PT IQUINE",,7892948051557,32081010,83000000,UN,2026-09-09T17:55:07Z,41.9,41.9,18858120000190,GRACILENE CORREIA DA SILVA CANDIDO,HIDROGRAF,SANTA LUCIA,MACEIO
TINTA,1923,TINTAS LUX VERNIZ MOGNO COLONIAL 750ML,,7908147622273,32081010,83000000,UN,2026-09-16T18:08:10Z,42.0,42.0,27105792000115,E GARCIA DE AMORIM,CONSTRUCAO 4 IRMAOS,CIDADE UNIVERSITARIA,MACEIO
TINTA,7899173400341,"TINTA NACOR. ECONOMICA . BRANCO NEVE - GA 3,6 LT-IBRATIN IBRATIN","TINTA ACRILICA ECONOMICA - GA 3,6 LTS COR 000010-BRANCO",7899173400341,32091010,83000000,UND,2026-09-09T19:11:45Z,42.0,42.0,41187931000128,PACOM PATRIOTA COMERCIAL LTDA - EPP,,TABULEIRO DOS MARTINS,MACEIO
TINTA,132,"TINTA ESM BR 0,75L DELANIL CZ/MD IQUINE",,0,32081010,83000000,LT,2026-09-10T19:46:49Z,42.0,42.0,01784458000141,V.L.M.NASCIMENTO - ME,AKALANTO FERRAGENS,BENEDITO BENTES I,MACEIO
TINTA,CFOP5405,MAZA ESMALTE SINTETICO BRILHANTE ALUMINIO 900ML,TINTA ESM SINT BRILHANTE ALUMINIO 900ML,7898289930650,32081010,83000000,LT,2026-09-15T19:20:00Z,54.0,42.19,39679671000166,FABIO REGUEIRA COSTA BARBOSA LTDA,RAMOS CONSTRUCOES,CENTRO,MACEIO
TINTA,352,"TINTA ESM. 0,9L PRETO GLASURIT",,0,32081010,83000000,Un,2026-09-08T20:14:41Z,42.5,42.5,31249814000279,SIMONE S DO NASCIMENTO,JC CONSTRUCAO,JACINTINHO,MACEIO
TINTA,1304,RETARDADOR MULTI USO - SOL,"TINTA ACRILICA ECONOMICA - GA 3,6 LTS COR 000010-BRANCO",7899173400341,32091010,83000000,UN,2026-09-11T19:01:58Z,44.98,42.73,37213269000166,PADILHA E RODRIGUES CONSTRUÇÕES LTDA,CONSTRU FORT,CENTRO,MACEIO
TINTA,00747,"TINTA GESSO ECONOMICA HGESSO BRANCO FOSCO 3,6L HIDRACOR","HGESSO HIDRACOR 3,6L",7897144701145,32091010,83000000,GL,2026-09-16T13:25:38Z,48.6,42.74,12270435000640,L. JARDIM & CIA LTDA,Casas Jardim,JATIUCA,MACEIO
TINTA,41623,"TINTA INT NACOR ECON 3,6 VD CLARO IBRATI",,7899173404110,32091010,83000000,UN,2026-09-09T20:24:47Z,44.99,42.78,70015672000156,ENCONTRO DO SOL HOME CENTER LTDA,ENCONTRO DO SOL HOME CENTER,TABULEIRO DO MARTINS,MACEIO
TINTA,292,"DIALINE SECA RAP VERMELHO 750ML -> COD.ONU: 1263 CL.RISCO: 3,0 GR.EMB: III TINTA CONTENDO SOLVENTE O",,0,32081010,83000000,UN,2026-09-12T13:32:58Z,45.0,42.86,55532304000191,TOP TINTAS LTDA,TOP TINTAS,Prado,MACEIO
TINTA,8774,TINTA CORAL 750ML BRANCO,,0,32081010,83000000,LT,2026-09-15T14:31:52Z,42.9,42.9,05251366000157,RONILDO DE OLIVEIRA LIMA  LTDA,COMERCIAL ESPERANCA,CENTRO,MACEIO
TINTA,2865,TINTA LATEX INT 3L (BR NEVE) - HIDROT,,0,32091010,83000000,UN,2026-09-15T19:55:02Z,42.9,42.9,52681878000133,FEDERAL - TINTAS & MATERIAIS ELETRICOS LTDA,CASA 7 CORES - TINTAS E MATERIAIS ELETRICOS,Clima Bom,MACEIO
TINTA,8588,TINTA CORAL 750ML AZUL MAR,,0,32081010,83000000,LT,2026-09-08T13:18:02Z,42.9,42.9,05251366000157,RONILDO DE OLIVEIRA LIMA  LTDA,COMERCIAL ESPERANCA,CENTRO,MACEIO
TINTA,09667,"TINTA ACR ECONOMICA HIPER D+ BRANCO FOSCO 3,6L HIPERCOR",,1001002096670,32091010,83000000,GL,2026-09-15T16:09:53Z,43.0,43.0,12270435001026,L. JARDIM & CIA LTDA,Casas Jardim,FAROL,MACEIO
TINTA,10051,TINTAS LUX ESM.EXTRA.750ML BR NEVE,,0,32081010,83000000,UN,2026-09-15T11:49:17Z,43.0,43.0,28173236000149,ELIZABETE GOMES DA SILVA,SOLNASCENTE MATERIAL DE CONSTRUCAO,CIDADE UNIVERSITARIA,MACEIO
TINTA,09667,"TINTA ACR ECONOMICA HIPER D+ BRANCO FOSCO 3,6L HIPERCOR",,1001002096670,32091010,83000000,GL,2026-09-10T12:08:13Z,48.0,43.0,12270435000801,L. JARDIM & CIA LTDA,Casas Jardim,PAJUCARA,MACEIO
TINTA,9656,"TINTA INT NACOR ECON 3,6L AM CANARIO IBR","NACOR TINTA ACRILICA ECONOMICA-GA 3,6 LT COR 000003-AMARELO CANARIO",7899173400280,32091010,83000000,UN,2026-09-10T19:27:41Z,44.99,43.19,70015672000156,ENCONTRO DO SOL HOME CENTER LTDA,ENCONTRO DO SOL HOME CENTER,TABULEIRO DO MARTINS,MACEIO
TINTA,5570,"TINTA INT NACOR ECON 3,6L PALHA IBRATIN","NACOR TINTA ACRILICA ECONOMICA-GA 3,6 LT COR 000022-PALHA",7899173400426,32091010,83000000,UN,2026-09-14T16:05:57Z,44.99,43.19,70015672000156,ENCONTRO DO SOL HOME CENTER LTDA,ENCONTRO DO SOL HOME CENTER,TABULEIRO DO MARTINS,MACEIO
TINTA,09667,"TINTA ACR ECONOMICA HIPER D+ BRANCO FOSCO 3,6L HIPERCOR",,1001002096670,32091010,83000000,GL,2026-09-09T15:34:33Z,43.2,43.2,12270435000992,L. JARDIM & CIA LTDA,Casas Jardim,TABULEIRO DO MARTINS,MACEIO
TINTA,0000000008226,TINTA ESMALTE ABASE DAGUA 750ML BRANCO AQUAMAX HIDROTINTAS,,7899010493277,32091010,83000000,UN,2026-09-14T20:19:18Z,45.0,43.45,13234526000188,FLAVIO BASILIO DE ALMEIDA,COMERCIAL BASILIO,CLIMA BOM,MACEIO
TINTA,7891494009142,TINTA SPRAY AM LIMAO 400ML ARTE URBANA COLORGIN,,0,32082019,83000000,UN,2026-09-12T01:04:31Z,43.9,43.9,03656804002428,CARAJAS MATERIAL DE CONSTRUCAO LTDA,CARAJAS CONSTRUCAO,MANGABEIRAS,MACEIO
TINTA,7891019101474,TINTA ACR FOS 900ML BR NEVE RENDE MUITO CORAL,,0,32091010,83000000,LT,2026-09-12T14:58:24Z,43.9,43.9,03656804002428,CARAJAS MATERIAL DE CONSTRUCAO LTDA,CARAJAS CONSTRUCAO,MANGABEIRAS,MACEIO
TINTA,7898436140215,TINTA SPRAY METALICA PT 400ML CHEMICOLOR,,0,32082011,83000000,UN,2026-09-16T14:21:21Z,43.9,43.9,03656804002428,CARAJAS MATERIAL DE CONSTRUCAO LTDA,CARAJAS CONSTRUCAO,MANGABEIRAS,MACEIO
TINTA,7898436142615,TINTA SPRAY METALICA BRONZE 400ML CHEMICOLOR,TINTA SPRAY METALICA BRONZE 400ML 1X400ML CHEMICOLOR,7898436142615,32082011,83000000,UN,2026-09-11T18:25:23Z,43.9,43.9,03656804002428,CARAJAS MATERIAL DE CONSTRUCAO LTDA,CARAJAS CONSTRUCAO,MANGABEIRAS,MACEIO
TINTA,979458,"TINTA ESM BR 0,75L DELANIL BR/NV IQUINE LT0001LT",,7892948051243,32081010,83000000,LT,2026-09-16T11:25:18Z,43.99,43.99,00279531000670,TUPAN CONSTRUCOES LTDA,,JARDIM PETROPOLIS,MACEIO
TINTA,979499,"TINTA ESM BR 0,75L DELANIL MR/CQ IQUINE LT0001LT",,7892948051380,32081010,83000000,LT,2026-09-15T14:18:26Z,43.99,43.99,00279531000670,TUPAN CONSTRUCOES LTDA,,JARDIM PETROPOLIS,MACEIO
TINTA,979502,"TINTA ESM BR 0,75L DELANIL VD/FOLH IQUIN LT0001LT",,7892948051427,32081010,83000000,LT,2026-09-14T16:35:21Z,43.99,43.99,00279531000670,TUPAN CONSTRUCOES LTDA,,JARDIM PETROPOLIS,MACEIO
TINTA,979504,"TINTA ESM BR 0,75L DELANIL VM IQUINE",,7892948051465,32081010,83000000,LT,2026-09-16T15:29:50Z,43.99,43.99,00279531000670,TUPAN CONSTRUCOES LTDA,,JARDIM PETROPOLIS,MACEIO
TINTA,295783,"TINTA ACR FC 3,6L HIPER D+ VD/PM HIPERCO GL0001GL","TINTA HIPERCOR ECON INT 3,6L",7897144025968,32091010,83000000,GL,2026-09-15T22:48:31Z,43.99,43.99,00279531000670,TUPAN CONSTRUCOES LTDA,,JARDIM PETROPOLIS,MACEIO
TINTA,295779,"TINTA ACR FC 3,6L HIPER D+ PALH HIPERCO GL0001GL",,7897144026057,32091010,83000000,GL,2026-09-15T22:48:31Z,43.99,43.99,00279531000670,TUPAN CONSTRUCOES LTDA,,JARDIM PETROPOLIS,MACEIO
TINTA,984927,"TINTA ACR FC 3,6 HIPER D+ BR/NV HIPERCOR GL0001GL","ACR ECON HIPERCOR BRANCO NEVE 3,6L",7897144025913,32091010,83000000,GL,2026-09-16T18:29:16Z,43.99,43.99,00279531000670,TUPAN CONSTRUCOES LTDA,,JARDIM PETROPOLIS,MACEIO
TINTA,979524,"TINTA ESM BR 0,75L DELANIL AM IQUINE LT0001LT",,7892948051588,32081010,83000000,LT,2026-09-14T16:35:21Z,43.99,43.99,00279531000670,TUPAN CONSTRUCOES LTDA,,JARDIM PETROPOLIS,MACEIO
TINTA,979522,"TINTA ESM BR 0,75L DELANIL PT IQUINE LT0001LT",,7892948051557,32081010,83000000,LT,2026-09-16T12:34:52Z,43.99,43.99,00279531000670,TUPAN CONSTRUCOES LTDA,,JARDIM PETROPOLIS,MACEIO
TINTA,295780,"TINTA ACR FC 3,6L HIPER D+ AREIA HIPERCO GL0001GL","TINTA ACR ECON AREIA 3,6L HIP",7897144026033,32091010,83000000,BD,2026-09-14T18:15:25Z,43.99,43.99,00279531000670,TUPAN CONSTRUCOES LTDA,,JARDIM PETROPOLIS,MACEIO
TINTA,07891260059364,"TINTA ESM S RAP 0,9L PRETO BASF",TINTA ESM SINT BRILH SECA RAP 900ML PT - GLASURIT,7891260059364,32081010,83000000,UN,2026-09-08T16:18:16Z,44.0,44.0,38430818000117,PARAFUZETA MATERIAIS DE CONSTRUCOES E MULTICOISAS LTDA,PARAFUZETA MULTICOISAS,JATIUCA,MACEIO
TINTA,1240,TINTA ESM DILAINE PRETO BRIL IQUINE 900ML,,0,32081010,83000000,UN,2026-09-10T15:20:46Z,44.0,44.0,24309791000102,J & J SOARES MATERIAL DE CONSTRUÇÃO LTDA,,LEVADA,MACEIO
TINTA,000442,TINTA ESM 750ml DIALINE PRETO IQUINE,"DIALINE-ESM SEC RAP PRETO 900 ML -> COD.ONU: 1263 CL.RISCO: 3,0 GR.EMB: III TINTA CONTENDO SOLVENTE ORGANICO.",7892948007905,32081010,83000000,UN,2026-09-14T13:35:32Z,47.0,44.1,12832317000173,ANTONIO SOARES MACHADO -  ME,ELETRO SOARES,LEVADA,MACEIO
TINTA,284,BP PRATA SIRIUS MET. VW 0912 -SKY-,"TINTA SKYLACK BP PRATA SIRIUS MET. VW 0912 0,900L",7898453806125,32081010,83000000,MR,2026-09-15T20:47:27Z,53.0,44.5125,11749321000100,M M DA S SANTOS - EPP,UNIVERSO TINTAS,CLIMA BOM,MACEIO
TINTA,235,BP PRATA GEADA MET. FORD 02 -SKY-,TINTA SKYLACK 900ML BP PRATA GEADA MET. FORD 0219,7898910509972,32081010,83000000,MR,2026-09-16T14:25:42Z,53.0,44.88666666666666,11749321000100,M M DA S SANTOS - EPP,UNIVERSO TINTAS,CLIMA BOM,MACEIO
TINTA,2117,"TINTA INT NACOR ECON 3,6L PEROLA IBRATIN","NACOR TINTA ACRILICA ECONOMICA-GA 3,6L COR 000023-PEROLA",7899173400440,32091010,83000000,UN,2026-09-08T20:39:27Z,44.99,44.99,70015672000156,ENCONTRO DO SOL HOME CENTER LTDA,ENCONTRO DO SOL HOME CENTER,TABULEIRO DO MARTINS,MACEIO
TINTA,2286,"TINTA INT NACOR ECON 3,6L CAMURCA IBRATI","NACOR TINTA ACRILICA ECONOMICA-GA 3,6 LT COR 000011-CAMURCA",7899173407326,32091010,83000000,UN,2026-09-14T19:00:54Z,44.99,44.99,70015672000156,ENCONTRO DO SOL HOME CENTER LTDA,ENCONTRO DO SOL HOME CENTER,TABULEIRO DO MARTINS,MACEIO
TINTA,4014,"TINTA INT NACOR ECON 3,6L BR IBRATIN","TINTA ACRILICA ECONOMICA - GA 3,6 LTS COR 000010-BRANCO",7899173400341,32091010,83000000,UN,2026-09-14T20:03:50Z,44.99,44.99,70015672000156,ENCONTRO DO SOL HOME CENTER LTDA,ENCONTRO DO SOL HOME CENTER,TABULEIRO DO MARTINS,MACEIO
TINTA,49863,"TINTA INT NACOR ECON 3,6L PINK IBRATIN",,7899173409337,32091010,83000000,UN,2026-09-14T13:58:07Z,44.99,44.99,70015672000156,ENCONTRO DO SOL HOME CENTER LTDA,ENCONTRO DO SOL HOME CENTER,TABULEIRO DO MARTINS,MACEIO
TINTA,2116,"TINTA INT NACOR ECON 3,6L MARFIM IBRATIN","NACOR TINTA ACRILICA ECONOMICA-GA 3,6L COR 000020-MARFIM",7899173400402,32091010,83000000,UN,2026-09-10T16:29:53Z,44.99,44.99,70015672000156,ENCONTRO DO SOL HOME CENTER LTDA,ENCONTRO DO SOL HOME CENTER,TABULEIRO DO MARTINS,MACEIO
TINTA,1892,"TINTA INT NACOR  ECON 3,6L AREIA IBRATIN","NACOR TINTA ACRILICA ECONOMICA-GA 3,6 LT COR 000005-AREIA",7899173400303,32091010,83000000,UN,2026-09-08T19:47:08Z,44.99,44.99,70015672000156,ENCONTRO DO SOL HOME CENTER LTDA,ENCONTRO DO SOL HOME CENTER,TABULEIRO DO MARTINS,MACEIO
TINTA,5569,"TINTA INT NACOR ECON 3,6L BR GELO IBRATI","NACOR TINTA ACRILICA ECONOMICA-GA 3,6 LT COR 000018-GELO",7899173400365,32091010,83000000,UN,2026-09-12T11:14:50Z,44.99,44.99,70015672000156,ENCONTRO DO SOL HOME CENTER LTDA,ENCONTRO DO SOL HOME CENTER,TABULEIRO DO MARTINS,MACEIO
TINTA,904938,"TINTA BASE ACR 3,2L DIATEX P IQUINE GL0001GL - FLECHAS","TINTA BASE ACRIL DIATEX 3,2L P IQUINE GL0001GL - BERIMBAU",7892948036509,32091010,83000000,GL,2026-09-10T22:03:24Z,44.99,44.99,00279531000670,TUPAN CONSTRUCOES LTDA,,JARDIM PETROPOLIS,MACEIO
TINTA,898539,REMOVEDOR SPRAY 350ML TINTA CHEMICOLOR SP0001SP,REMOVEDOR DE TINTAS ACRILICA SPRAY 400ML CHEMICOLOR,7898436143032,38140090,83000000,SP,2026-09-09T21:59:20Z,44.99,44.99,00279531000670,TUPAN CONSTRUCOES LTDA,,JARDIM PETROPOLIS,MACEIO
TINTA,30335,"TINTA INT NACOR ECON 3,6L CZ PLATINA  IB",,7899173409238,32091010,83000000,UN,2026-09-15T15:51:37Z,44.99,44.99,70015672000156,ENCONTRO DO SOL HOME CENTER LTDA,ENCONTRO DO SOL HOME CENTER,TABULEIRO DO MARTINS,MACEIO
TINTA,314,"DIALINE SECA RAP M. TABACO 750ML -> COD.ONU: 1263 CL.RISCO: 3,0 GR.EMB: III TINTA CONTENDO SOLVENTE",,0,32081010,83000000,UN,2026-09-11T11:47:50Z,45.0,45.0,55532304000191,TOP TINTAS LTDA,TOP TINTAS,Prado,MACEIO
TINTA,001075,REMOVEDOR PASTOSO 1KG ANJO,ONU 1263 (REMOVEDOR PASTOSO 1KG (6/CX) OU MATERIAL RELACIONADO COM TINTA) CLASSE,7899917128104,38140090,83000000,UN,2026-09-12T12:10:10Z,46.0,45.0,12832317000173,ANTONIO SOARES MACHADO -  ME,ELETRO SOARES,LEVADA,MACEIO
TINTA,716,ESM SINT MAXLIT 750ML VM HIDROTINTAS,,0,32081010,83000000,UN,2026-09-11T18:30:00Z,45.0,45.0,55867127000102,ANA KARINA DOS SANTOS CARVALHO LUNA,PAJUÇARA VARIEDADES,Ponta da Terra,MACEIO
TINTA,5848,"VERNIZ LUX 0,75L MOGNO - TINTAS LUX",,0,32081010,83000000,UN,2026-09-08T12:22:08Z,45.0,45.0,22819860000194,MARIA PEREIRA DE LIMA,THAMIRES CONSTRUCAO,FEITOSA,MACEIO
TINTA,731,ESM SINT MAXLIT 750ML BR HIDROTINTAS,,0,32081010,83000000,UN,2026-09-11T18:30:00Z,45.0,45.0,55867127000102,ANA KARINA DOS SANTOS CARVALHO LUNA,PAJUÇARA VARIEDADES,Ponta da Terra,MACEIO
TINTA,016382,"TINTA ACR ECON VIDALAR 3,6L BCO NEVE FOS UN QTD. 16.00 UN",,7899027789349,32091010,83000000,UN,2026-09-12T11:58:10Z,45.0,45.0,14810475000158,MICHELLI PATRICIA DE ALBUQUERQUE - ME,MICHELLI CONSTRUCOES,CENTRO,MACEIO
TINTA,715,ESM SINT MAXLIT 750ML MARROM HIDROTINTAS,,0,32081010,83000000,UN,2026-09-11T18:30:00Z,45.0,45.0,55867127000102,ANA KARINA DOS SANTOS CARVALHO LUNA,PAJUÇARA VARIEDADES,Ponta da Terra,MACEIO
TINTA,2373,"TINTA HIDRACOR 3,6L NEVE","TINTA P/PAREDE VINIL ACRILICA HIDRACOR REND MAIS 3,6 L BRANCO NEVE",7897144005298,32091010,83000000,UN,2026-09-09T17:50:52Z,45.0,45.0,02577503000150,COMERCIAL MANGABEIRAS DE MATERIAL DE CONSTR,,MANGABEIRAS,MACEIO
TINTA,613,Textura Acrilica Branco 6 kg Coral,TINTA TEXTURA ACRILICA GL PLAS 6KG CORAL 1X6KGAKZONOBEL,7891019918218,32091010,83000000,UN,2026-09-09T17:57:25Z,45.0,45.0,34532809000186,BOLINHA CONSTRUÇÕES LTDA,BOLINHA CONSTRUCOES,CENTRO,MACEIO
TINTA,007344,ESMALTE SINTETICO CORALIT PRETO BRILHANTE 900 ML*,TINTA ESMALTE SINTETICO CORAL CORALIT SECAGEM RAPIDA 900ML PRETO,7891019168866,32091010,83000000,UND,2026-09-10T18:16:23Z,45.0,45.0,12024911000138,I. SILVA SANTOS CONSTRUCOES,VAL CONSTRUCOES,CIDADE UNIVERSITARIA,MACEIO
TINTA,234,BP PRATA BARI MET. FIAT 0316 LT -SKY-,"TINTA SKYLACK BP PRATA BARI MET. FIAT 0316 0,900L",7898910510022,32081010,83000000,MR,2026-09-14T21:06:37Z,53.0,45.06,11749321000100,M M DA S SANTOS - EPP,UNIVERSO TINTAS,CLIMA BOM,MACEIO
TINTA,4897,TINTA ESM SINT BRIL SEC RAP 900ML PRETO - GLASU,TINTA ESM SINT BRILH SECA RAP 900ML PT - GLASURIT,7891260059364,32081010,83000000,UNID,2026-09-12T13:45:03Z,47.64,45.26,22395647000100,MULTLUZ CONSTRUCAO LTDA,MULTLUZ,SAO JORGE,MACEIO
TINTA,1231,MARTELADO CINZA ESCURO BRASILUX 900ML,MARTELADO CINZA ESCURO 900ML - BRASILUX,7893866087413,32081010,83000000,UN,2026-09-12T15:30:01Z,53.0,45.44,20784981000112,M J FERREIRA FILHA LTDA EPP,UNIVERSO TINTAS,SANTA LUCIA,MACEIO
TINTA,5853,TINTA ACR SOFT 3L - BRANCO NEVE,,0,32091010,83000000,UN,2026-09-10T20:35:54Z,45.6,45.6,14563410000155,WELLINGTON PESSOA FERREIRA EPP,FERREIRA CONSTRUCOES,FEITOSA,MACEIO
TINTA,376,BP PRATA POLARIS MET. GM 05 -SKY-,"TINTA SKYLACK BP PRATA POLARIS MET. GM 05 0,900L",7898453800581,32081010,83000000,MR,2026-09-12T13:18:50Z,53.0,45.63846153846154,11749321000100,M M DA S SANTOS - EPP,UNIVERSO TINTAS,CLIMA BOM,MACEIO
TINTA,7899674004161,TINTA SPRAY VERNIZ MAD NATURAL 400ML CHEMICOLOR,VERNIZ CHEMICOLOR 400ML MADEIRA NATURAL 1X400ML CHEMICOLOR,7899674004161,32082011,83000000,UN,2026-09-13T14:08:32Z,45.9,45.9,03656804000131,CARAJAS MATERIAL DE CONSTRUCAO LTDA,CARAJAS CONSTRUCAO,TABULEIRO DOS MARTINS,MACEIO
TINTA,7899674004178,TINTA SPRAY VERNIZ MAD IMBUIA 400ML CHEMICOLOR,,0,32082011,83000000,UN,2026-09-16T15:15:22Z,45.9,45.9,03656804000131,CARAJAS MATERIAL DE CONSTRUCAO LTDA,CARAJAS CONSTRUCAO,TABULEIRO DOS MARTINS,MACEIO
TINTA,7899674004185,TINTA SPRAY VERNIZ MAD MOGNO 400ML CHEMICOLOR,VERNIZ MADEIRA MOGNO 400ML CHEMICOLOR 1X400ML CHEMICOLOR,7899674004185,32082011,83000000,UN,2026-09-12T21:40:00Z,45.9,45.9,03656804002428,CARAJAS MATERIAL DE CONSTRUCAO LTDA,CARAJAS CONSTRUCAO,MANGABEIRAS,MACEIO
TINTA,10750,"TINTA ACR PREMIUM TOQUE FOSCO (CLASSICA) BRANCO FOSCO 0,9L SUVINIL",,7891260561706,32091010,83000000,LT,2026-09-16T11:00:37Z,54.0,45.9,12270435000801,L. JARDIM & CIA LTDA,Casas Jardim,PAJUCARA,MACEIO
TINTA,7899674004161,TINTA SPRAY VERNIZ MAD NATURAL 400ML CHEMICOLOR,VERNIZ CHEMICOLOR 400ML MADEIRA NATURAL 1X400ML CHEMICOLOR,7899674004161,32082011,83000000,UN,2026-09-10T13:44:53Z,45.9,45.9,03656804002428,CARAJAS MATERIAL DE CONSTRUCAO LTDA,CARAJAS CONSTRUCAO,MANGABEIRAS,MACEIO
TINTA,7899674004161,TINTA SPRAY VERNIZ MAD NATURAL 400ML CHEMICOLOR,,0,32082011,83000000,UN,2026-09-11T20:09:40Z,45.9,45.9,03656804000131,CARAJAS MATERIAL DE CONSTRUCAO LTDA,CARAJAS CONSTRUCAO,TABULEIRO DOS MARTINS,MACEIO
TINTA,1223,MARTELADO AZUL DEL REY BRASILUX 900ML,MARTELADO SINTETICO - MARTELADO AZUL DEL REY 900 ML,7893866086812,32081010,83000000,UN,2026-09-08T13:33:59Z,53.0,46.075,20784981000112,M J FERREIRA FILHA LTDA EPP,UNIVERSO TINTAS,SANTA LUCIA,MACEIO
TINTA,CFOP5405,"TINTA ACRILICA 3,6L BRANCO NEVE PINTALAR","PINTALAR-VINIL ACRIL BCO NEVE 3,6L -> PRODUTO NAO CLASSIFICADO COMO PERIGOSO PARA FINS DE TRANSPORTE.",7892948011650,32091010,83000000,GL,2026-09-11T13:51:17Z,47.0,46.46,39679671000166,FABIO REGUEIRA COSTA BARBOSA LTDA,RAMOS CONSTRUCOES,CENTRO,MACEIO
TINTA,1228,MARTELADO CINZA TORNADO BRASILUX 900ML,MARTELADO CINZA TORNADO BRASILUX 900ML,7893866086911,32081010,83000000,UN,2026-09-14T19:29:00Z,53.0,46.675,20784981000112,M J FERREIRA FILHA LTDA EPP,UNIVERSO TINTAS,SANTA LUCIA,MACEIO
TINTA,4071,TINTA LATEX INT DEMAIS 3L BR NEVE HIDROT,,0,32091010,83000000,GL,2026-09-11T16:15:53Z,47.0,47.0,14563410000155,WELLINGTON PESSOA FERREIRA EPP,FERREIRA CONSTRUCOES,FEITOSA,MACEIO
TINTA,712,ESMALTE SINTETICO SECAGEM RAPIDA DIALINE 900ML BRANCO NEVE IQUINE,"DIALINE-ESM SEC RAP BCO NEVE 900 ML -> COD.ONU: 1263 CL.RISCO: 3,0 GR.EMB: III TINTA CONTENDO SOLVENTE ORGANICO.",7892948007752,32081010,83000000,UN,2026-09-12T16:07:36Z,47.0,47.0,34532809000186,BOLINHA CONSTRUÇÕES LTDA,BOLINHA CONSTRUCOES,CENTRO,MACEIO
TINTA,4136,TINTA CORAL 900ML BASE D'AGUA BRANCO,,0,32091010,83000000,UN,2026-09-11T17:36:31Z,49.9,47.0,05251366000157,RONILDO DE OLIVEIRA LIMA  LTDA,COMERCIAL ESPERANCA,CENTRO,MACEIO
TINTA,002003,TINTA ESM 750ml DIALINE BRANCO NEVE IQUINE,,7892948051977,32081010,83000000,UN,2026-09-16T14:03:44Z,47.0,47.0,12832317000173,ANTONIO SOARES MACHADO -  ME,ELETRO SOARES,LEVADA,MACEIO
TINTA,01885,"TINTA ACR ECONOMICA CORALAR + DESEMP BRANCO FOSCO 3,6L CORAL","TINTA PARA PAREDE ACRILICA CORAL CORALAR 3,6L BRANCO",7891019176120,32091010,83000000,GL,2026-09-11T14:58:03Z,47.2,47.17,12270435001026,L. JARDIM & CIA LTDA,Casas Jardim,FAROL,MACEIO
TINTA,0001858,TINTA EXTRA GOLD 3L MACA VD HIDROTINTA,TINTA ACRI EXT EXTRA GOLD 3L MACA VD HID GL C/3L,7899010482912,32091010,83000000,GL,2026-09-16T14:28:21Z,47.2,47.2,08610072000162,A. E. FERREIRA -  ME,,BENEDITO BENTES,MACEIO
TINTA,07039,SPRAY CGIN METALLIK DOURADO (57) 350ML COLORGIN,TINTA SPRAY COLORGIN METALICO DOURADO 350 ML,7891494000576,32082019,83000000,UND,2026-09-15T14:15:48Z,47.52,47.52,12270435000992,L. JARDIM & CIA LTDA,Casas Jardim,TABULEIRO DO MARTINS,MACEIO
TINTA,08297,"TINTA ACR PREMIUM RENOVA PAREDES E TETOS BRANCO FOSCO 0,8L CORAL",TINTA PARA PAREDE VINIL ACRILICA CORAL RENOVA 800ML BRANCO,7891019915293,32091010,83000000,UN,2026-09-08T20:07:06Z,47.7,47.65,12270435001026,L. JARDIM & CIA LTDA,Casas Jardim,FAROL,MACEIO
TINTA,994392,"TINTA ESM BR 0,75L DIALINE SEC CZ/MD IQU LT0001LT",,7892948053087,32081010,83000000,LT,2026-09-12T20:07:29Z,51.99,47.83,00279531000670,TUPAN CONSTRUCOES LTDA,,JARDIM PETROPOLIS,MACEIO
TINTA,562,BP PRETO NINJA LISA -LAZZ-,TINTA POLIESTER LAZZUDUR PRETO NINJA LISA 900ML- SHERWIN,7891452274032,32081010,83000000,MR,2026-09-15T21:05:23Z,57.0,47.935,11749321000100,M M DA S SANTOS - EPP,UNIVERSO TINTAS,CLIMA BOM,MACEIO
TINTA,890328,"TINTA BASE ESM BR 0,8L DIALINE M B AG IQ LT0001LT - RUA DO SOSSEGO","TINTA BAS ESM BR LT0,8L DIALINE M B AGUA LT0001LT - MARESIAS",7892948029914,32091010,83000000,LT,2026-09-11T12:48:49Z,47.99,47.99,00279531000670,TUPAN CONSTRUCOES LTDA,,JARDIM PETROPOLIS,MACEIO
TINTA,016972,MISTURADOR TINTA 60CM MAX,,7897488036637,39259090,83000000,PC,2026-09-12T10:57:15Z,48.0,48.0,14810475000158,MICHELLI PATRICIA DE ALBUQUERQUE - ME,MICHELLI CONSTRUCOES,CENTRO,MACEIO
TINTA,10750,"TINTA ACR PREMIUM TOQUE FOSCO (CLASSICA) BRANCO FOSCO 0,9L SUVINIL",,7891260561706,32091010,83000000,LT,2026-09-12T14:17:05Z,54.0,48.13,12270435000640,L. JARDIM & CIA LTDA,Casas Jardim,JATIUCA,MACEIO
TINTA,10750,"TINTA ACR PREMIUM TOQUE FOSCO (CLASSICA) BRANCO FOSCO 0,9L SUVINIL",,7891260561706,32091010,83000000,LT,2026-09-12T11:15:42Z,54.0,48.32,12270435001026,L. JARDIM & CIA LTDA,Casas Jardim,FAROL,MACEIO
TINTA,985852,"TINTA ESM BR 0,75L SEC RAP TB CORAL LT0001LT",,7891019920983,32081010,83000000,LT,2026-09-08T15:32:42Z,53.99,48.59,00279531000670,TUPAN CONSTRUCOES LTDA,,JARDIM PETROPOLIS,MACEIO
TINTA,00747,"TINTA GESSO ECONOMICA HGESSO BRANCO FOSCO 3,6L HIDRACOR","HGESSO HIDRACOR 3,6L",7897144701145,32091010,83000000,GL,2026-09-15T20:07:19Z,54.0,48.6,12270435001026,L. JARDIM & CIA LTDA,Casas Jardim,FAROL,MACEIO
TINTA,00747,"TINTA GESSO ECONOMICA HGESSO BRANCO FOSCO 3,6L HIDRACOR","HGESSO HIDRACOR 3,6L",7897144701145,32091010,83000000,GL,2026-09-10T15:03:25Z,48.6,48.6,12270435000992,L. JARDIM & CIA LTDA,Casas Jardim,TABULEIRO DO MARTINS,MACEIO
TINTA,00747,"TINTA GESSO ECONOMICA HGESSO BRANCO FOSCO 3,6L HIDRACOR","HGESSO HIDRACOR 3,6L",7897144701145,32091010,83000000,GL,2026-09-09T17:36:51Z,48.6,48.6,12270435000720,L. JARDIM & CIA LTDA,CASA JARDIM,BARRO DURO,MACEIO
TINTA,2633,MASSA CORRIDA BD 20KG - TINTAS MIL,,0,32141020,83000000,KG,2026-09-14T18:01:31Z,48.9,48.9,52681878000133,FEDERAL - TINTAS & MATERIAIS ELETRICOS LTDA,CASA 7 CORES - TINTAS E MATERIAIS ELETRICOS,Clima Bom,MACEIO
TINTA,10750,"TINTA ACR PREMIUM TOQUE FOSCO (CLASSICA) BRANCO FOSCO 0,9L SUVINIL",,7891260561706,32091010,83000000,LT,2026-09-12T14:35:41Z,54.0,49.1,12270435000720,L. JARDIM & CIA LTDA,CASA JARDIM,BARRO DURO,MACEIO
TINTA,01324,FUNDO SINT.NIVELADOR 1/4            CORALIT,TINTA CORALIT FUN NIVELADOR BRANCO 900ML 1X900MLCORAL,7891019204267,32089010,83000000,LT,2026-09-16T11:22:48Z,49.6,49.6,12270435000720,L. JARDIM & CIA LTDA,CASA JARDIM,BARRO DURO,MACEIO
TINTA,01324,FUNDO SINT.NIVELADOR 1/4            CORALIT,TINTA CORALIT FUN NIVELADOR BRANCO 900ML 1X900MLCORAL,7891019204267,32089010,83000000,LT,2026-09-15T18:07:22Z,62.0,49.7,12270435000640,L. JARDIM & CIA LTDA,Casas Jardim,JATIUCA,MACEIO
TINTA,7892948003662,"TINTA ACR FOSC 3,6L AREIA DIATEX IQUINE",,0,32091010,83000000,GL,2026-09-11T00:55:48Z,49.9,49.9,03656804002428,CARAJAS MATERIAL DE CONSTRUCAO LTDA,CARAJAS CONSTRUCAO,MANGABEIRAS,MACEIO
TINTA,7891494070029,TINTA SPRAY BRONZE 1002 350ML ALUMEN COLORGIN,TINTA SPRAY BRONZE 1002 350ML ALUMEN COLORGIN,7891494070029,32082019,83000000,UN,2026-09-12T15:18:28Z,49.9,49.9,03656804000131,CARAJAS MATERIAL DE CONSTRUCAO LTDA,CARAJAS CONSTRUCAO,TABULEIRO DOS MARTINS,MACEIO
TINTA,010472,ESMALTE SINTETICO BRANCO 900 ML - MAZA*,TINTA ESM SINT BR 900ML 1X900ML MAZA,7898289930612,32089010,83000000,UN,2026-09-15T21:21:44Z,49.9,49.9,12024911000138,I. SILVA SANTOS CONSTRUCOES,VAL CONSTRUCOES,CIDADE UNIVERSITARIA,MACEIO
TINTA,6976,"TINTA VINIL ACR 3,6L PINTALAR BR GELO IQUINE",,0,32091010,83000000,PC,2026-09-13T13:19:04Z,49.9,49.9,22442491000163,MADSON LUAN CORRERIA RAMOS,OURO PRETO MATERIAIS DE CONSTRUCAO,OURO PRETO,MACEIO
TINTA,1701,TINTA BELLA BRANCO NEVE 15L,,7908147617385,32091010,83000000,UND,2026-09-15T17:12:37Z,49.9,49.9,26715140000130,IMPERIO DO PISO COMERCIO DE MATERIAL DE CONSTRUCAO LTDA - EPP,IMPERIO DOS PISOS,BARRO DURO,MACEIO
TINTA,7891494070029,TINTA SPRAY BRONZE 1002 350ML ALUMEN COLORGIN,,0,32082019,83000000,UN,2026-09-16T00:37:34Z,49.9,49.9,03656804002428,CARAJAS MATERIAL DE CONSTRUCAO LTDA,CARAJAS CONSTRUCAO,MANGABEIRAS,MACEIO
TINTA,15214,GALVIBEN ACRILICO DF BRANCO #  # ONU 1263 QUANT.LTDA TINTA 3 II,,7908074806111,32149000,83000000,UN,2026-09-15T12:20:46Z,49.99,49.99,66362871000163,COMÉRCIO DAS TINTAS LTDA,CENTRAL DAS TINTAS,Tabuleiro do Martins,MACEIO
TINTA,4558,PU TINTA MANIPULADA - 18 SHERWIN - WILLIAMS,,0,32081010,83000000,UN,2026-09-09T13:33:53Z,50.0,50.0,66362871000163,COMÉRCIO DAS TINTAS LTDA,CENTRAL DAS TINTAS,Tabuleiro do Martins,MACEIO
TINTA,284,BP PRATA SIRIUS MET. VW 0912 SKYLACK 900ML,"TINTA SKYLACK BP PRATA SIRIUS MET. VW 0912 0,900L",7898453806125,32089010,83000000,UN,2026-09-10T21:18:15Z,50.0,50.0,52798419000134,MARIA J FERREIRA FILHA LTDA,UNIVERSO TINTAS,Antares,MACEIO
TINTA,2723,"TINTA dupla funcao 0,9L PRETO ACETINADO",,0,32089010,83000000,UND,2026-09-16T12:18:26Z,50.0,50.0,02037581000161,COMERCIAL DE LAMINADOS E FERROS LTDA EPP,COMERCIAL CARNAUBA,BOM PARTO,MACEIO
TINTA,9445,TINTA ESM SINT B/AGUA AQUAMAX 750ML PT HIDRO,,7899010493284,32091010,83000000,UN,2026-09-12T16:54:41Z,50.0,50.0,37461181000163,S. DA. S. FERNANDES GARCIA CONSTRUCOES,CONSTRUÇÃO 4 IRMÃOS LOJA 2,CIDADE UNIVERSITARIA,MACEIO
TINTA,8964,TINTA ESM SINT B/AGUA AQUAMAX 750ML BR HIDROT,,7899010493277,32091010,83000000,UN,2026-09-11T15:11:05Z,50.0,50.0,37461181000163,S. DA. S. FERNANDES GARCIA CONSTRUCOES,CONSTRUÇÃO 4 IRMÃOS LOJA 2,CIDADE UNIVERSITARIA,MACEIO
TINTA,376,BP PRATA POLARIS MET. GM 05 SKYLACK 900ML,"TINTA SKYLACK BP PRATA POLARIS MET. GM 05 0,900L",7898453800581,32081010,83000000,UN,2026-09-10T20:51:11Z,59.0,50.0,20784981000112,M J FERREIRA FILHA LTDA EPP,UNIVERSO TINTAS,SANTA LUCIA,MACEIO
TINTA,00747,"TINTA GESSO ECONOMICA HGESSO BRANCO FOSCO 3,6L HIDRACOR","HGESSO HIDRACOR 3,6L",7897144701145,32091010,83000000,GL,2026-09-08T15:17:00Z,54.0,50.0,12270435000801,L. JARDIM & CIA LTDA,Casas Jardim,PAJUCARA,MACEIO
TINTA,376,BP PRATA POLARIS MET. GM 05 SKYLACK 900ML,"TINTA SKYLACK BP PRATA POLARIS MET. GM 05 0,900L",7898453800581,32081010,83000000,UN,2026-09-15T20:44:23Z,50.0,50.0,52798419000134,MARIA J FERREIRA FILHA LTDA,UNIVERSO TINTAS,Antares,MACEIO
TINTA,1105,MARTELADO AZUL DEL REY 900ML - BRASILUX,MARTELADO SINTETICO - MARTELADO AZUL DEL REY 900 ML,7893866086812,32091010,83000000,MR,2026-09-09T17:44:35Z,59.0,50.0,11749321000100,M M DA S SANTOS - EPP,UNIVERSO TINTAS,CLIMA BOM,MACEIO
TINTA,3577,ESM SINT B/AGUA AQUAMAX 900ML BR HIDROT,ESMALTE SINTETICO BASE D'AGUA AQUAMAX 900ML BRANCO HIDROTINTAS,7899010424516,32091010,83000000,UN,2026-09-15T19:58:34Z,50.0,50.0,49850828000128,CONSTRUCAR MATERIAL DE CONSTRUCAO LTDA,,Jacintinho,MACEIO
TINTA,284,BP PRATA SIRIUS MET. VW 0912 SKYLACK 900ML,"TINTA SKYLACK BP PRATA SIRIUS MET. VW 0912 0,900L",7898453806125,32081010,83000000,UN,2026-09-15T21:01:42Z,59.0,50.08571428571429,20784981000112,M J FERREIRA FILHA LTDA EPP,UNIVERSO TINTAS,SANTA LUCIA,MACEIO
TINTA,234,BP PRATA BARI MET. FIAT 0316 SKYLACK 900ML,"TINTA SKYLACK BP PRATA BARI MET. FIAT 0316 0,900L",7898910510022,32081010,83000000,UN,2026-09-16T12:29:46Z,59.0,50.24,52798419000134,MARIA J FERREIRA FILHA LTDA,UNIVERSO TINTAS,Antares,MACEIO
TINTA,92302252,Tinta Economica 3 6L,,7899698402882,32091010,83000000,UN,2026-09-11T13:48:08Z,50.96,50.96,01438784005590,LEROY MERLIN COMPANHIA BRASILEIRA DE BRICOLAGEM,,CRUZ DAS ALMAS,MACEIO
TINTA,7899698402882,Tinta eco Int fosc br 36L Klasse NPB,,0,32091010,83000000,UN,2026-09-12T20:13:21Z,50.96,50.96,01438784005590,LEROY MERLIN COMPANHIA BRASILEIRA DE BRICOLAGEM,,CRUZ DAS ALMAS,MACEIO
TINTA,3153,LAZZUDUR PU BRANCO PURO II,TINTA PU BRANCO PURO II 675 -SHERWIN,7891452420835,32082019,83000000,UN,2026-09-15T17:17:05Z,54.99,51.145,66362871000163,COMÉRCIO DAS TINTAS LTDA,CENTRAL DAS TINTAS,Tabuleiro do Martins,MACEIO
TINTA,01414,"ESMALTE PREMIUM CORALIT ULTRA RESISTENCIA PRETO FOSCO 0,9L CORAL",TINTA CORALIT ULTRA RESIST FO PRETO 900ML CORAL,7891019203536,32089010,83000000,LT,2026-09-14T14:51:05Z,51.2,51.2,12270435000640,L. JARDIM & CIA LTDA,Casas Jardim,JATIUCA,MACEIO
TINTA,7892948011650,"TINTA ACRI IQUINE PINTALAR 3,6L BR NEVE","PINTALAR-VINIL ACRIL BCO NEVE 3,6L -> PRODUTO NAO CLASSIFICADO COMO PERIGOSO PARA FINS DE TRANSPORTE.",7892948011650,32091010,83000000,UN,2026-09-08T16:55:35Z,52.0,51.21,47907752000102,COSTA ANDRADE MATERIAL DE CONSTRUÇÃO E VARIEDADES LTDA,COSTA ANDRADE MATERIAL DE CONSTRUCAO E VARIEDADES,BENEDITO BENTES,MACEIO
TINTA,994410,"TINTA ESM BR 0,75L DIALINE SEC MR/CQ IQU LT0001LT",,7892948053261,32081010,83000000,LT,2026-09-15T16:26:18Z,51.99,51.99,00279531000670,TUPAN CONSTRUCOES LTDA,,JARDIM PETROPOLIS,MACEIO
TINTA,994415,"TINTA ESM BR 0,75L DIALINE SEC LJ IQUINE",,7892948053360,32081010,83000000,LT,2026-09-14T20:53:09Z,51.99,51.99,00279531000670,TUPAN CONSTRUCOES LTDA,,JARDIM PETROPOLIS,MACEIO
TINTA,994416,"TINTA ESM BR 0,75L DIALINE SEC VM IQUINE",,7892948052929,32081010,83000000,LT,2026-09-13T14:06:46Z,51.99,51.99,00279531000670,TUPAN CONSTRUCOES LTDA,,JARDIM PETROPOLIS,MACEIO
TINTA,934440,"TINTA VN ACR FC GP3,6L PINTALAR VD/LM IQ GP0001GP","PINTALAR-ACRIL VERDE LIMAO 3,6L -> PRODUTO NAO CLASSIFICADO COMO PERIGOSO PARA FINS DE TRANSPORTE.",7892948044337,32091010,83000000,GL,2026-09-09T16:37:31Z,51.99,51.99,00279531000670,TUPAN CONSTRUCOES LTDA,,JARDIM PETROPOLIS,MACEIO
TINTA,74169,"TINTA VN ACR FC GP3,6L PINTALAR BR/NV IQ GP0001GP","PINTALAR-VINIL ACRIL BCO NEVE 3,6L -> PRODUTO NAO CLASSIFICADO COMO PERIGOSO PARA FINS DE TRANSPORTE.",7892948011650,32091010,83000000,GP,2026-09-16T13:28:07Z,51.99,51.99,00279531000670,TUPAN CONSTRUCOES LTDA,,JARDIM PETROPOLIS,MACEIO
TINTA,74170,"TINTA VN ACR FC GP3,6L PINTALAR BRGL IQ","PINTALAR-VINIL ACRIL BCO GELO 3,6L -> PRODUTO NAO CLASSIFICADO COMO PERIGOSO PARA FINS DE TRANSPORTE.",7892948011674,32091010,83000000,GP,2026-09-16T15:42:22Z,51.99,51.99,00279531000670,TUPAN CONSTRUCOES LTDA,,JARDIM PETROPOLIS,MACEIO
TINTA,74175,"TINTA VN ACR FC GP3,6L PINTALAR MF IQUIN GP0001GP","PINTALAR-VINIL ACRIL MARFIM 3,6L -> PRODUTO NAO CLASSIFICADO COMO PERIGOSO PARA FINS DE TRANSPORTE.",7892948017997,32091010,83000000,GP,2026-09-15T16:20:51Z,51.99,51.99,00279531000670,TUPAN CONSTRUCOES LTDA,,JARDIM PETROPOLIS,MACEIO
TINTA,74177,"TINTA VN ACR FC GP3,6L PINTALAR VD/PM IQ GP0001GP","PINTALAR-VINIL ACR VD PRIMAVERA 3,6L -> PRODUTO NAO CLASSIFICADO COMO PERIGOSO PARA FINS DE TRANSPORTE.",7892948019694,32091010,83000000,GP,2026-09-15T16:15:11Z,51.99,51.99,00279531000670,TUPAN CONSTRUCOES LTDA,,JARDIM PETROPOLIS,MACEIO
TINTA,74178,"TINTA VN ACR FC GP3,6L PINTALAR RS/PET I GP0001GP","PINTALAR-VINIL ACR ROSA PETALA 3,6L -> PRODUTO NAO CLASSIFICADO COMO PERIGOSO PARA FINS DE TRANSPORTE.",7892948018017,32091010,83000000,GL,2026-09-09T21:47:19Z,51.99,51.99,00279531000670,TUPAN CONSTRUCOES LTDA,,JARDIM PETROPOLIS,MACEIO
TINTA,74179,"TINTA VN ACR FC GP3,6L PINTALAR PESS IQU","PINTALAR-VINIL ACRIL PESSEGO 3,6L -> PRODUTO NAO CLASSIFICADO COMO PERIGOSO PARA FINS DE TRANSPORTE.",7892948011773,32091010,83000000,GP,2026-09-09T19:22:49Z,51.99,51.99,00279531000670,TUPAN CONSTRUCOES LTDA,,JARDIM PETROPOLIS,MACEIO
TINTA,74180,"TINTA VN ACR FC GP3,6L PINTALAR AZ/CEU I GP0001GP","PINTALAR-VINIL ACRIL AZUL CEU 3,6L -> PRODUTO NAO CLASSIFICADO COMO PERIGOSO PARA FINS DE TRANSPORTE.",7892948011711,32091010,83000000,GL,2026-09-15T17:39:05Z,51.99,51.99,00279531000670,TUPAN CONSTRUCOES LTDA,,JARDIM PETROPOLIS,MACEIO
TINTA,994391,"TINTA ESM BR 0,75L DIALINE SEC PLAT IQUI LT0001LT",,7892948052967,32081010,83000000,LT,2026-09-15T20:25:53Z,51.99,51.99,00279531000670,TUPAN CONSTRUCOES LTDA,,JARDIM PETROPOLIS,MACEIO
TINTA,92952,"TINTA VN ACR FC GP3,6L PINTALAR PITANGA GP0001GP","PINTALAR-VINIL ACRIL PITANGA 3,6L -> PRODUTO NAO CLASSIFICADO COMO PERIGOSO PARA FINS DE TRANSPORTE.",7892948024391,32091010,83000000,GP,2026-09-15T16:20:51Z,51.99,51.99,00279531000670,TUPAN CONSTRUCOES LTDA,,JARDIM PETROPOLIS,MACEIO
TINTA,982029,"TINTA ESM BR 0,75L DIALINE SEC BR/NV IQ LT0001LT",,7892948051977,32081010,83000000,LT,2026-09-14T20:52:16Z,51.99,51.99,00279531000670,TUPAN CONSTRUCOES LTDA,,JARDIM PETROPOLIS,MACEIO
TINTA,994422,"TINTA ESM BR 0,75L DIALINE SEC PT IQUINE LT0001LT",,7892948053445,32081010,83000000,LT,2026-09-16T20:06:23Z,51.99,51.99,00279531000670,TUPAN CONSTRUCOES LTDA,,JARDIM PETROPOLIS,MACEIO
TINTA,00480,"TINTA ACR ECONOMICA CORALAR + DESEMP VERDE KIWI FOSCO 3,6L CORAL","TINTA PARA PAREDE ACRILICA CORAL CORALAR 3,6L VERDE KIWI",7891019169528,32091010,83000000,GL,2026-09-11T15:58:30Z,52.0,52.0,12270435001026,L. JARDIM & CIA LTDA,Casas Jardim,FAROL,MACEIO
TINTA,7891260561287,"TINTA ACR FOS BASE A2 0,8L SEMP LIMPO SUVINIL",,0,32091010,83000000,UN,2026-09-08T20:24:46Z,52.28,52.28,03656804000131,CARAJAS MATERIAL DE CONSTRUCAO LTDA,CARAJAS CONSTRUCAO,TABULEIRO DOS MARTINS,MACEIO
TINTA,48778,"TINTA COLORIR 3,0L LJ.POR DO SOL LUX",,7908147621719,32091010,83000000,UN,2026-09-13T12:50:39Z,54.99,52.79,70015672000156,ENCONTRO DO SOL HOME CENTER LTDA,ENCONTRO DO SOL HOME CENTER,TABULEIRO DO MARTINS,MACEIO
TINTA,01885,"TINTA ACR ECONOMICA CORALAR + DESEMP BRANCO FOSCO 3,6L CORAL","TINTA PARA PAREDE ACRILICA CORAL CORALAR 3,6L BRANCO",7891019176120,32091010,83000000,GL,2026-09-15T16:30:32Z,53.1,52.8,12270435000992,L. JARDIM & CIA LTDA,Casas Jardim,TABULEIRO DO MARTINS,MACEIO
TINTA,01886,"TINTA ACR ECONOMICA CORALAR + DESEMP GELO FOSCO 3,6L CORAL","TINTA PARA PAREDE ACRILICA CORAL CORALAR 3,6 L BRANCO GELO",7891019176144,32091010,83000000,GL,2026-09-10T12:40:36Z,59.0,53.0,12270435000640,L. JARDIM & CIA LTDA,Casas Jardim,JATIUCA,MACEIO
TINTA,01886,"TINTA ACR ECONOMICA CORALAR + DESEMP GELO FOSCO 3,6L CORAL","TINTA PARA PAREDE ACRILICA CORAL CORALAR 3,6 L BRANCO GELO",7891019176144,32091010,83000000,GL,2026-09-14T13:12:58Z,59.0,53.0,12270435000135,L. JARDIM & CIA LTDA,Casas Jardim,CENTRO,MACEIO
TINTA,01886,"TINTA ACR ECONOMICA CORALAR + DESEMP GELO FOSCO 3,6L CORAL","TINTA PARA PAREDE ACRILICA CORAL CORALAR 3,6 L BRANCO GELO",7891019176144,32091010,83000000,GL,2026-09-15T17:03:21Z,59.0,53.0,12270435001026,L. JARDIM & CIA LTDA,Casas Jardim,FAROL,MACEIO
TINTA,4712,TINTA LTX COLORIR AZUL PERSIA 3L C/4 LUX,,7908147621658,32091010,83000000,PT,2026-09-09T19:16:17Z,53.0,53.0,37461181000163,S. DA. S. FERNANDES GARCIA CONSTRUCOES,CONSTRUÇÃO 4 IRMÃOS LOJA 2,CIDADE UNIVERSITARIA,MACEIO
TINTA,4710,TINTA LTX COLORIR AREIA 3L C/4 LUX,,7908147621634,32091010,83000000,PT,2026-09-12T12:01:22Z,53.0,53.0,37461181000163,S. DA. S. FERNANDES GARCIA CONSTRUCOES,CONSTRUÇÃO 4 IRMÃOS LOJA 2,CIDADE UNIVERSITARIA,MACEIO
TINTA,1330,TINTA ESMALTE 900ML IQUINE,,0,32082019,83000000,UN,2026-09-11T12:56:49Z,53.0,53.0,11437022000130,CASA PRONTA COMERCIO DE MATERIAIS DE CONSTRUCAO LTDA  - ME,CASA PRONTA CONSTRUCOES,SANTOS DUMONT,MACEIO
TINTA,4706,TINTA LTX COLORIR CINZA SERENO 3L C/4 LUX,,0,32091010,83000000,PT,2026-09-08T17:21:47Z,53.0,53.0,37461181000163,S. DA. S. FERNANDES GARCIA CONSTRUCOES,CONSTRUÇÃO 4 IRMÃOS LOJA 2,CIDADE UNIVERSITARIA,MACEIO
TINTA,01885,"TINTA ACR ECONOMICA CORALAR + DESEMP BRANCO FOSCO 3,6L CORAL","TINTA PARA PAREDE ACRILICA CORAL CORALAR 3,6L BRANCO",7891019176120,32091010,83000000,GL,2026-09-15T18:43:09Z,59.0,53.07,12270435000801,L. JARDIM & CIA LTDA,Casas Jardim,PAJUCARA,MACEIO
TINTA,01885,"TINTA ACR ECONOMICA CORALAR + DESEMP BRANCO FOSCO 3,6L CORAL","TINTA PARA PAREDE ACRILICA CORAL CORALAR 3,6L BRANCO",7891019176120,32091010,83000000,GL,2026-09-14T17:48:05Z,53.1,53.1,12270435000640,L. JARDIM & CIA LTDA,Casas Jardim,JATIUCA,MACEIO
TINTA,01885,"TINTA ACR ECONOMICA CORALAR + DESEMP BRANCO FOSCO 3,6L CORAL","TINTA PARA PAREDE ACRILICA CORAL CORALAR 3,6L BRANCO",7891019176120,32091010,83000000,GL,2026-09-11T19:03:08Z,53.1,53.1,12270435000135,L. JARDIM & CIA LTDA,Casas Jardim,CENTRO,MACEIO
TINTA,7891019993987,TINTA ACR FOSC PROF BASE P 800ML MASTER CORAL,,0,32091010,83000000,UN,2026-09-15T21:38:14Z,53.25,53.25,03656804002428,CARAJAS MATERIAL DE CONSTRUCAO LTDA,CARAJAS CONSTRUCAO,MANGABEIRAS,MACEIO
TINTA,10435,BRANCO POL BANCHISA LISA 900ML LAZZUDUR,TINTA POLIESTER LAZZUDUR BRANCO BANCHISA LISA 900ML- SHERWIN,7891452222934,32081010,83000000,LT,2026-09-10T17:42:19Z,53.6,53.6,12270435000992,L. JARDIM & CIA LTDA,Casas Jardim,TABULEIRO DO MARTINS,MACEIO
TINTA,985835,"TINTA ESM BR 0,75L SEC RAP MF CORAL LT0001LT",,7891019920945,32081010,83000000,LT,2026-09-12T11:56:28Z,53.99,53.99,00279531000670,TUPAN CONSTRUCOES LTDA,,JARDIM PETROPOLIS,MACEIO
TINTA,985806,"TINTA ESM BR 0,75L SEC RAP PT CORAL LT0001LT",,7891019920709,32081010,83000000,LT,2026-09-12T12:44:33Z,53.99,53.99,00279531000670,TUPAN CONSTRUCOES LTDA,,JARDIM PETROPOLIS,MACEIO
TINTA,985801,"TINTA ESM BR 0,75L SEC RAP BR CORAL",,7891019920662,32081010,83000000,LT,2026-09-15T16:42:39Z,53.99,53.99,00279531000670,TUPAN CONSTRUCOES LTDA,,JARDIM PETROPOLIS,MACEIO
TINTA,985877,"TINTA ESM BR 0,75L SEC RAP AM/TR CORAL LT0001LT",,7891019921072,32081010,83000000,LT,2026-09-12T12:44:33Z,53.99,53.99,00279531000670,TUPAN CONSTRUCOES LTDA,,JARDIM PETROPOLIS,MACEIO
TINTA,996794,"TINTA ESM AC 0,75L DIALINE SEC BR/NV IQU LT0001LT",,7892948054084,32081010,83000000,LT,2026-09-15T21:50:05Z,53.99,53.99,00279531000670,TUPAN CONSTRUCOES LTDA,,JARDIM PETROPOLIS,MACEIO
TINTA,168,"TINTA LATEX PINTALAR 3,6L INT IQUINE","PINTALAR-VINIL ACRIL PITANGA 3,6L -> PRODUTO NAO CLASSIFICADO COMO PERIGOSO PARA FINS DE TRANSPORTE.",7892948024391,32091010,83000000,UN,2026-09-12T15:49:20Z,54.0,54.0,05087080000188,ROSIMEIRE DA SILVA SANTOS - EPP,KOMANDO CONSTRUCOES,CIDADE UNIVESITARIA,MACEIO
TINTA,7891260559291,"TINTA ACR SB 0,8L BASE B2 TOQUE BRILHO SUVINIL",,0,32091010,83000000,UN,2026-09-10T20:01:51Z,54.02,54.02,03656804002428,CARAJAS MATERIAL DE CONSTRUCAO LTDA,CARAJAS CONSTRUCAO,MANGABEIRAS,MACEIO
TINTA,8915,TINTA ACR PINTALAR GL BR NEVE IQUINE 1,"PINTALAR-VINIL ACRIL BCO NEVE 3,6L -> PRODUTO NAO CLASSIFICADO COMO PERIGOSO PARA FINS DE TRANSPORTE.",7892948011650,32081010,83000000,GL,2026-09-10T21:42:30Z,54.05,54.05,11914541000141,NETTER CASA E CONSTRUÇÃO LTDA ME,CONSTRUCOES IPANEMA,JACINTINHO,MACEIO
TINTA,011201,"TINTA PARA PISO 3,6LT QUIMILUX",,0,32091010,83000000,UN,2026-09-16T12:09:06Z,55.0,54.12,35722180000108,G SILVA MATERIAL DE CONSTRUCOES LTDA,G SILVA MATERIAL DE CONSTRUÇÃO E FERRAGEM,JATIUCA,MACEIO
TINTA,8915,TINTA ACR PINTALAR GL BR NEVE IQUINE 1,"PINTALAR-VINIL ACRIL BCO NEVE 3,6L -> PRODUTO NAO CLASSIFICADO COMO PERIGOSO PARA FINS DE TRANSPORTE.",7892948011650,32081010,83000000,GL,2026-09-15T18:46:00Z,57.5003,54.24,01493748000306,CONSTRUÇÕES IPANEMA LTDA,CONSTRUCOES IPANEMA,CENTRO,MACEIO
TINTA,0004808,"TINTA PISO VERMELHO SEGURANCA 3,6L MIRACRIL MIRACO",,7890000048088,32091010,83000000,GL,2026-09-10T18:56:33Z,54.24,54.24,24330904000143,OLIVEIRA CONSTRUCOES LTDA - ME,OLIVEIRA CONSTRUCOES,CRUZ DAS ALMAS,MACEIO
TINTA,2291,TINTA ESM DIALINE BCO NEVE ACET 900ML,"TINTA ESM AC LT0,9L DIALINE B AG BR NEVE LT0001LT",7892948031733,32091010,83000000,UN,2026-09-12T15:06:41Z,54.49,54.49,43906461000130,AUROCON CONSTRUCAO LTDA,MIX  DA CONSTRUCAO,BARRO DURO,MACEIO
TINTA,182,BP BRANCO POLAR LISA 900ML HYUNDAI SKY,TINTA ROYAL BP BRANCO POLAR LISA HYUNDAI 1219,7899494504728,32081010,83000000,MR,2026-09-15T21:05:23Z,65.0,54.65714285714286,11749321000100,M M DA S SANTOS - EPP,UNIVERSO TINTAS,CLIMA BOM,MACEIO
TINTA,287,BP CINZA VULCAN MET. VW SKYLACK,TINTA SKYLACK 900ML BP CINZA VULCAN MET. VW 0913,7898453806064,32081010,83000000,MR,2026-09-10T20:55:36Z,63.0,54.72,11749321000100,M M DA S SANTOS - EPP,UNIVERSO TINTAS,CLIMA BOM,MACEIO
TINTA,182,BP BRANCO POLAR LISA HYUNDAI SKYLACK 900ML,TINTA ROYAL BP BRANCO POLAR LISA HYUNDAI 1219,7899494504728,32081010,83000000,UN,2026-09-15T20:54:40Z,65.0,54.88,20784981000112,M J FERREIRA FILHA LTDA EPP,UNIVERSO TINTAS,SANTA LUCIA,MACEIO
TINTA,74776,"TINTA VN ACR GP3,6L DIATEX CROM IQUINE GP0001GP","TINTA VN ACR 3,6L DIATEX CROM IQUINE GL0001GL",7892948016747,32091010,83000000,GP,2026-09-08T18:10:43Z,54.99,54.99,00279531000670,TUPAN CONSTRUCOES LTDA,,JARDIM PETROPOLIS,MACEIO
TINTA,74773,"TINTA VN ACR GP3,6L DIATEX CZ IQUINE","DIATEX PINTA MAIS CINZA 3,6L -? PRODUTO NAO CLASSIFICADO COMO PERIGOSO PARA FINS DE TRANSPORTE.",7892948003815,32091010,83000000,GP,2026-09-13T17:54:41Z,54.99,54.99,00279531000670,TUPAN CONSTRUCOES LTDA,,JARDIM PETROPOLIS,MACEIO
TINTA,74771,"TINTA VN ACR GP3,6L DIATEX BR/NV IQUINE GP0001GP","T DIATEX ACRIL BRANCO NEVE 3,6L IQUINE 1X3,6L IQUINE",7892948003761,32091010,83000000,GP,2026-09-12T19:02:02Z,54.99,54.99,00279531000670,TUPAN CONSTRUCOES LTDA,,JARDIM PETROPOLIS,MACEIO
TINTA,74764,"TINTA VN ACR GP3,6L DIATEX BR/GL IQUINE GP0001GP","T DIATEX ACRIL BRANCO GELO 3,6L IQUINE 1X3,6LIQUINE",7892948003730,32091010,83000000,GP,2026-09-13T17:07:26Z,54.99,54.99,00279531000670,TUPAN CONSTRUCOES LTDA,,JARDIM PETROPOLIS,MACEIO
TINTA,74757,"TINTA VN ACR GP3,6L DIATEX AM/CAN IQUINE GP0001GP","TINTA ACRILICA AMARELO CANARIO 3,6 LTS DIATEX IQUINE",7892948003709,32091010,83000000,GL,2026-09-15T11:44:10Z,54.99,54.99,00279531000670,TUPAN CONSTRUCOES LTDA,,JARDIM PETROPOLIS,MACEIO
TINTA,874625,"TINTA VN ACR GP3,6L DIATEX IPAN IQUINE GP0001GP","DIATEX PINTA MAIS IPANEMA 3,6L - PRODUTO NAO CLASSIFICADO COMO PERIGOSO PARA FINS DE TRANSPORTE.",7892948024827,32091010,83000000,GL,2026-09-12T19:01:34Z,54.99,54.99,00279531000670,TUPAN CONSTRUCOES LTDA,,JARDIM PETROPOLIS,MACEIO
TINTA,92933,"TINTA VN ACR GP3,6L DIATEX RIO/OS IQUINE GP0001GP","TINTA ACR FOSC 3,6L RIO DAS OSTRAS DIATEX IQUINE",7892948024377,32091010,83000000,GP,2026-09-12T19:14:59Z,54.99,54.99,00279531000670,TUPAN CONSTRUCOES LTDA,,JARDIM PETROPOLIS,MACEIO
TINTA,92921,"TINTA VN ACR GP3,6L DIATEX CAM IQUINE GP0001GP","TINTA VN ACR 3,6L DIATEX CAM IQUINE GL0001GL",7892948024353,32091010,83000000,GL,2026-09-09T21:39:30Z,54.99,54.99,00279531000670,TUPAN CONSTRUCOES LTDA,,JARDIM PETROPOLIS,MACEIO
TINTA,891879,"TINTA ACR 3,6L CORALAR +EC BR CORAL GL0001GL","TINTA PAREDE VINIL ACRILICA PAREDEX 3,6 L BRANCO",7891019176083,32091010,83000000,GP,2026-09-13T13:21:07Z,54.99,54.99,00279531000670,TUPAN CONSTRUCOES LTDA,,JARDIM PETROPOLIS,MACEIO
TINTA,49600,"TINTA COLORIR 3,0L BR NEVE LUX",,7908147621689,32091010,83000000,GL,2026-09-09T19:40:13Z,54.99,54.99,70015672000156,ENCONTRO DO SOL HOME CENTER LTDA,ENCONTRO DO SOL HOME CENTER,TABULEIRO DO MARTINS,MACEIO
TINTA,29544,TINTA DURAMAIS 15L CROMO SUAVE LUX,,7908147611567,32091010,83000000,UN,2026-09-13T12:50:39Z,109.99,54.995,70015672000156,ENCONTRO DO SOL HOME CENTER LTDA,ENCONTRO DO SOL HOME CENTER,TABULEIRO DO MARTINS,MACEIO
TINTA,90,TINTA LUXPISO CINZA 3L LUX,,0,32091010,83000000,UN,2026-09-16T15:29:51Z,55.0,55.0,47264579000163,47.264.579 DENISE DA SILVA SANTOS,,CIDADE UNIVERSITARIA,MACEIO
TINTA,497,DIALINE - SECA RAPIDO - AMARELO 225 ML- IQUINE,"DIALINE SECA RAP AMARELO 225ML - COD.ONU 1263 CL.RISCO 3,0 GR.EMB III TINTA CONTENDO SOLVENTE ORGANICO.",7892948012053,32081010,83000000,UN,2026-09-16T15:14:18Z,55.0,55.0,23959130000151,ELINEIDE SANTOS NASCIMENTO - ME,CASA NASCIMENTO,JACINTINHO,MACEIO
TINTA,005095,"TINTA LATEX 3,6LT CORAL",,0,32091010,83000000,GL,2026-09-10T11:28:23Z,55.0,55.0,35722180000108,G SILVA MATERIAL DE CONSTRUCOES LTDA,G SILVA MATERIAL DE CONSTRUÇÃO E FERRAGEM,JATIUCA,MACEIO
TINTA,01890,"TINTA ACR ECONOMICA CORALAR + DESEMP MARFIM FOSCO 3,6L CORAL","TINTA CORALAR ACRILICA MARFIM 3.6L CORAL 1X3,6L CORAL",7891019138623,32091010,83000000,GL,2026-09-10T18:06:16Z,65.0,55.0,12270435000801,L. JARDIM & CIA LTDA,Casas Jardim,PAJUCARA,MACEIO
TINTA,8916,TINTA ACR PINTALAR GL IQUINE BR GELO 1,"PINTALAR-VINIL ACRIL BCO GELO 3,6L -> PRODUTO NAO CLASSIFICADO COMO PERIGOSO PARA FINS DE TRANSPORTE.",7892948011674,32091010,83000000,GL,2026-09-10T15:15:46Z,55.0,55.0,01493748000136,CONSTRUÇÕES IPANEMA LTDA,CONSTRUÇÕES IPANEMA,POCO,MACEIO
TINTA,377,"TINTA VINIL ACR GL3,6L PINTALAR BR NEVE","PINTALAR-VINIL ACRIL BCO NEVE 3,6L -> PRODUTO NAO CLASSIFICADO COMO PERIGOSO PARA FINS DE TRANSPORTE.",7892948011650,32091010,83000000,UND,2026-09-14T19:14:23Z,55.0,55.0,30842782000177,DUDA TINTAS LTDA.,DUDA COLOR,JATIUCA,MACEIO
TINTA,196,"TINTA PISO AMARELO DEMARC 3,0L BELLA",,7908147621146,32091010,83000000,UN,2026-09-09T12:28:50Z,55.0,55.0,54674975000124,J C DA SILVA MATERIAIS DE CONSTRUÇÃO LTDA,JC CONSTRUÇÃO,Benedito Bentes,MACEIO
TINTA,0000593,"TINTA VN ACR FC GP3,6L PINTALAR BR/NV IQ","PINTALAR-VINIL ACRIL BCO NEVE 3,6L -> PRODUTO NAO CLASSIFICADO COMO PERIGOSO PARA FINS DE TRANSPORTE.",7892948011650,32091010,83000000,GP,2026-09-11T20:22:05Z,55.0,55.0,15028598000102,JEOVA BARBOSA DE SIQUEIRA,,BENEDITO BENTES,MACEIO
TINTA,014053,"TINTA ESM BR 0,9L CORALIT ZR PT CORAL",CORALIT ZERO SECAGEM RAPIDA BALANCE BRILHANTE PRETO 1/4,7891019164981,32091010,83000000,LT,2026-09-09T19:19:13Z,55.0,55.0,14810475000158,MICHELLI PATRICIA DE ALBUQUERQUE - ME,MICHELLI CONSTRUCOES,CENTRO,MACEIO
TINTA,014312,"TINTA ESM BR 0,9L CORALIT ZR PLAT CORAL","TINTA ESM BR 0,9L CORALIT ZR PLAT CORAL LT0001LT",7891019165087,32091010,83000000,LT,2026-09-14T12:28:46Z,55.0,55.0,14810475000158,MICHELLI PATRICIA DE ALBUQUERQUE - ME,MICHELLI CONSTRUCOES,CENTRO,MACEIO
TINTA,6731,"CORALAR ACRILICO FOSCO BRANCO CORAL 3,6L","TINTA PARA PAREDE ACRILICA CORAL CORALAR 3,6L BRANCO",7891019176120,32091010,83000000,GL,2026-09-14T11:53:27Z,65.0,55.05,52798419000134,MARIA J FERREIRA FILHA LTDA,UNIVERSO TINTAS,Antares,MACEIO
TINTA,07562,BRANCO PU PURO 675ML LAZZURIL,TINTA PU BRANCO PURO II 675 -SHERWIN,7891452420835,32082019,83000000,LT,2026-09-10T17:32:41Z,55.2,55.2,12270435000992,L. JARDIM & CIA LTDA,Casas Jardim,TABULEIRO DO MARTINS,MACEIO
TINTA,10491,"TINTA ACR ECONOMICA MUDA FACIL MARFIM FOSCO 3,6L GLASU",,7891260532690,32091010,83000000,GL,2026-09-15T16:28:36Z,69.0,55.2,12270435000801,L. JARDIM & CIA LTDA,Casas Jardim,PAJUCARA,MACEIO
TINTA,09846,"TINTA ACR ECONOMICA MUDA FACIL ALGODAO EGIPICIO FOSCO 3,6L GLASU",GLASU LX ACR ECO (MUDA FACIL) ALGODAO EGIPCIO GAL,7891260508046,32091010,83000000,GL,2026-09-14T11:27:21Z,69.0,55.2,12270435000135,L. JARDIM & CIA LTDA,Casas Jardim,CENTRO,MACEIO
TINTA,9162,TINTA ESMT SINT DIALINE 750ML PT 1,,7892948053445,32081010,83000000,UN,2026-09-14T15:35:47Z,58.8997,55.59,01493748000306,CONSTRUÇÕES IPANEMA LTDA,CONSTRUCOES IPANEMA,CENTRO,MACEIO
TINTA,01324,FUNDO SINT.NIVELADOR 1/4            CORALIT,TINTA CORALIT FUN NIVELADOR BRANCO 900ML 1X900MLCORAL,7891019204267,32089010,83000000,LT,2026-09-12T11:04:55Z,62.0,55.8,12270435001026,L. JARDIM & CIA LTDA,Casas Jardim,FAROL,MACEIO
TINTA,07591,PRETO POL NINJA LISA VW 900ML LAZZURIL,TINTA POLIESTER LAZZUDUR PRETO NINJA LISA 900ML- SHERWIN,7891452274032,32081010,83000000,LT,2026-09-14T14:02:47Z,55.8,55.8,12270435000992,L. JARDIM & CIA LTDA,Casas Jardim,TABULEIRO DO MARTINS,MACEIO
TINTA,12553,TINTA ACR COLORIR BR NEVE 3L GL LUX GL,,7908147621689,32091010,83000000,GL,2026-09-15T17:27:32Z,58.9,56.0,01493748000306,CONSTRUÇÕES IPANEMA LTDA,CONSTRUCOES IPANEMA,CENTRO,MACEIO
TINTA,06830,PRETO - RM PRETO - RM DECORA MATTE EXTRA FOSCO (NOVO) T LT RM008,"TINTA BASE ACR FC LT0,8L DECORA T LT0001LT - BISCOITO DE CHOCOLAT",7891019906864,32091010,83000000,UN,2026-09-15T11:19:24Z,56.0,56.0,12270435000720,L. JARDIM & CIA LTDA,CASA JARDIM,BARRO DURO,MACEIO
TINTA,287,BP CINZA VULCAN MET. VW SKYLACK 900ML,TINTA SKYLACK 900ML BP CINZA VULCAN MET. VW 0913,7898453806064,32089010,83000000,UN,2026-09-09T10:45:31Z,68.5,56.41,52798419000134,MARIA J FERREIRA FILHA LTDA,UNIVERSO TINTAS,Antares,MACEIO
TINTA,2007142,TINTA SPRAY ALT.TEMP.350ML PT BR.TE,TINTA TEKBON AEROSSOL PRETO ALTA TEMPERATURA PRETO BRILHANTE 350ML,7898543381167,32082019,83000000,UN,2026-09-12T16:34:00Z,56.9,56.9,04081654000148,MAXCASA COMERCIAL EIRELI - EPP,MAXCASA@MULTICOISAS.COM.BR,PONTA VERDE,MACEIO
TINTA,06830,TAMARA 00YY 19/261 DECORA MATTE EXTRA FOSCO (NOVO) T LT 5014,"TINTA BASE ACR FC LT0,8L DECORA T LT0001LT - BISCOITO DE CHOCOLAT",7891019906864,32091010,83000000,UN,2026-09-15T20:11:32Z,63.9961,57.03,12270435000640,L. JARDIM & CIA LTDA,Casas Jardim,JATIUCA,MACEIO
TINTA,01414,"ESMALTE PREMIUM CORALIT ULTRA RESISTENCIA PRETO FOSCO 0,9L CORAL",TINTA CORALIT ULTRA RESIST FO PRETO 900ML CORAL,7891019203536,32089010,83000000,LT,2026-09-12T15:30:42Z,64.0,57.5,12270435000801,L. JARDIM & CIA LTDA,Casas Jardim,PAJUCARA,MACEIO
TINTA,51639,"TINTA LUXPISO 3,0L AM DEMARCACAO LUX",,7908147622068,32091010,83000000,GL,2026-09-08T18:54:18Z,59.99,57.58,70015672000156,ENCONTRO DO SOL HOME CENTER LTDA,ENCONTRO DO SOL HOME CENTER,TABULEIRO DO MARTINS,MACEIO
TINTA,20920,"TINTA ACRILICA INT.CORALAR BR 3,6L CORAL","TINTA PARA PAREDE ACRILICA CORAL CORALAR 3,6L BRANCO",7891019176120,32091010,83000000,UN,2026-09-15T16:18:34Z,59.99,57.59,70015672000156,ENCONTRO DO SOL HOME CENTER LTDA,ENCONTRO DO SOL HOME CENTER,TABULEIRO DO MARTINS,MACEIO
TINTA,356091,"IQUINE PINTALAR 3,6L ONCA UN","TINTA PINTALAR VINIL ACRILICA 3,6L ONCA",7892948050383,32091010,83000000,UN,2026-09-16T12:59:51Z,57.9,57.9,03555402000655,PARAGOMINAS HOME CENTER LTDA,PARAGOMINAS ANTARES,ANTARES,MACEIO
TINTA,356091,"IQUINE PINTALAR 3,6L ONCA UN","TINTA PINTALAR VINIL ACRILICA 3,6L ONCA",7892948050383,32091010,83000000,UN,2026-09-09T14:09:04Z,57.9,57.9,03555402000140,PARAGOMINAS HOME CENTER LTDA,PARAGOMINAS HOME CENTER,SANTOS DUMONT,MACEIO
TINTA,1559,TINTA ACRI PINTALAR 3 6L BR NEVE IQUINE,"PINTALAR-VINIL ACRIL BCO NEVE 3,6L -> PRODUTO NAO CLASSIFICADO COMO PERIGOSO PARA FINS DE TRANSPORTE.",7892948011650,32091010,83000000,UN,2026-09-09T19:11:54Z,58.0,58.0,35334579000103,J BERNARDO DA SILVA CONSTRUCOES,RIO NEGRO CONSTRUCOES,PETROPOLIS,MACEIO
TINTA,7892948011650,"TINTA BRANCO NEVE 3,6L PINTALAR","PINTALAR-VINIL ACRIL BCO NEVE 3,6L -> PRODUTO NAO CLASSIFICADO COMO PERIGOSO PARA FINS DE TRANSPORTE.",7892948011650,32091010,83000000,LITRO,2026-09-16T14:46:57Z,61.05,58.12,24163873000183,CAMILA S DA L NASCIMENTO,,FEITOSA,MACEIO
TINTA,01889,"TINTA ACR ECONOMICA CORALAR + DESEMP AREIA FOSCO 3,6L CORAL","TINTA PARA PAREDE ACRILICA CORAL CORALAR 3,6 L AREIA",7891019138647,32091010,83000000,GL,2026-09-15T11:56:08Z,65.0,58.38,12270435000801,L. JARDIM & CIA LTDA,Casas Jardim,PAJUCARA,MACEIO
TINTA,7908147600158,"TINTA LUXPISO 3,0L AMARELO D. LUX",,7908147622068,32091010,83000000,UN,2026-09-08T11:02:11Z,64.9,58.41,00837552000159,JOSE CARLOS DOS SANTOS CONSTRUCAO LTDA,GG CASA & CONSTRUCAO,CLIMA BOM,MACEIO
TINTA,01892,"TINTA ACR ECONOMICA CORALAR + DESEMP CONCRETO FOSCO 3,6L CORAL","TINTA PARA PAREDE ACRILICA CORAL CORALAR 3,6 L CONCRETO",7891019138562,32091010,83000000,GL,2026-09-09T11:25:27Z,58.5,58.465,12270435000640,L. JARDIM & CIA LTDA,Casas Jardim,JATIUCA,MACEIO
TINTA,00479,"TINTA ACR ECONOMICA CORALAR + DESEMP AMARELO CANARIO FOSCO 3,6L CORAL","TINTA PARA PAREDE ACRILICA CORAL CORALAR 3,6 L AMARELO CANARIO",7891019169559,32091010,83000000,GL,2026-09-12T13:03:48Z,65.0,58.48,12270435000135,L. JARDIM & CIA LTDA,Casas Jardim,CENTRO,MACEIO
TINTA,00477,"TINTA ACR ECONOMICA CORALAR + DESEMP VERDE TIMBALADA FOSCO 3,6L CORAL","TINTA PARA PAREDE ACRILICA CORAL CORALAR 3,6 L VERDE TIMBALADA",7891019169337,32091010,83000000,GL,2026-09-08T14:26:51Z,58.5,58.485,12270435000720,L. JARDIM & CIA LTDA,CASA JARDIM,BARRO DURO,MACEIO
TINTA,01888,"TINTA ACR ECONOMICA CORALAR + DESEMP CAMURCA FOSCO 3,6L CORAL","TINTA PARA PAREDE ACRILICA CORAL CORALAR 3,6L CAMURCA",7891019138609,32091010,83000000,GL,2026-09-09T14:19:27Z,58.5,58.49,12270435000135,L. JARDIM & CIA LTDA,Casas Jardim,CENTRO,MACEIO
TINTA,00483,"TINTA ACR ECONOMICA CORALAR + DESEMP LARANJA MARACATU FOSCO 3,6L CORAL","TINTA PARA PAREDE ACRILICA CORAL CORALAR 3,6 L LARANJA/MARACATU",7891019168606,32091010,83000000,GL,2026-09-12T13:24:18Z,58.5,58.5,12270435000992,L. JARDIM & CIA LTDA,Casas Jardim,TABULEIRO DO MARTINS,MACEIO
TINTA,00474,"TINTA ACR ECONOMICA CORALAR + DESEMP LUA DO SERTAO FOSCO 3,6L CORAL","TINTA PARA PAREDE ACRILICA CORAL CORALAR 3,6 L LUA SERTAO",7891019169375,32091010,83000000,GL,2026-09-14T17:48:05Z,58.5,58.5,12270435000640,L. JARDIM & CIA LTDA,Casas Jardim,JATIUCA,MACEIO
TINTA,01888,"TINTA ACR ECONOMICA CORALAR + DESEMP CAMURCA FOSCO 3,6L CORAL","TINTA PARA PAREDE ACRILICA CORAL CORALAR 3,6L CAMURCA",7891019138609,32091010,83000000,GL,2026-09-08T19:06:26Z,58.5,58.5,12270435000720,L. JARDIM & CIA LTDA,CASA JARDIM,BARRO DURO,MACEIO
TINTA,00484,"TINTA ACR ECONOMICA CORALAR + DESEMP AMARELO FREVO FOSCO 3,6L CORAL","TINTA PARA PAREDE ACRILICA CORAL CORALAR 3,6 L AMARELO FREVO",7891019169368,32091010,83000000,GL,2026-09-11T11:12:56Z,65.0,58.5,12270435000720,L. JARDIM & CIA LTDA,CASA JARDIM,BARRO DURO,MACEIO
TINTA,01894,"TINTA ACR ECONOMICA CORALAR + DESEMP PESSEGO FOSCO 3,6L CORAL","TINTA PARA PAREDE ACRILICA CORAL CORALAR 3,6 L PESSEGO",7891019138586,32091010,83000000,GL,2026-09-12T11:56:30Z,65.0,58.5,12270435000801,L. JARDIM & CIA LTDA,Casas Jardim,PAJUCARA,MACEIO
TINTA,01889,"TINTA ACR ECONOMICA CORALAR + DESEMP AREIA FOSCO 3,6L CORAL","TINTA PARA PAREDE ACRILICA CORAL CORALAR 3,6 L AREIA",7891019138647,32091010,83000000,GL,2026-09-15T12:05:08Z,58.5,58.5,12270435000992,L. JARDIM & CIA LTDA,Casas Jardim,TABULEIRO DO MARTINS,MACEIO
TINTA,01888,"TINTA ACR ECONOMICA CORALAR + DESEMP CAMURCA FOSCO 3,6L CORAL","TINTA PARA PAREDE ACRILICA CORAL CORALAR 3,6L CAMURCA",7891019138609,32091010,83000000,GL,2026-09-10T17:11:09Z,58.5,58.5,12270435000992,L. JARDIM & CIA LTDA,Casas Jardim,TABULEIRO DO MARTINS,MACEIO
TINTA,00484,"TINTA ACR ECONOMICA CORALAR + DESEMP AMARELO FREVO FOSCO 3,6L CORAL","TINTA PARA PAREDE ACRILICA CORAL CORALAR 3,6 L AMARELO FREVO",7891019169368,32091010,83000000,GL,2026-09-15T11:42:17Z,58.5,58.5,12270435000992,L. JARDIM & CIA LTDA,Casas Jardim,TABULEIRO DO MARTINS,MACEIO
TINTA,01889,"TINTA ACR ECONOMICA CORALAR + DESEMP AREIA FOSCO 3,6L CORAL","TINTA PARA PAREDE ACRILICA CORAL CORALAR 3,6 L AREIA",7891019138647,32091010,83000000,GL,2026-09-12T14:01:34Z,65.0,58.79,12270435000720,L. JARDIM & CIA LTDA,CASA JARDIM,BARRO DURO,MACEIO
TINTA,7891019906864,TINTA ACR FOSC BASE T 800ML DECORA MATTE CORAL,,0,32091010,83000000,UN,2026-09-08T20:12:22Z,58.85,58.85,03656804000131,CARAJAS MATERIAL DE CONSTRUCAO LTDA,CARAJAS CONSTRUCAO,TABULEIRO DOS MARTINS,MACEIO
TINTA,07164,"MARFIM - RM ACR FOSCO BASE PM 0,8L RENDE MUITO CORAL MARFIM",TINTA BASE ACR FC 1/4 REND MUIT CS PM LT0001LT - ROSA VALENTIM,7891019170661,32091010,83000000,1/4,2026-09-15T17:37:01Z,58.9,58.9,09326760000753,CASA DAS TINTAS LTDA,CASA DAS TINTAS,PONTA VERDE,MACEIO
TINTA,12783,TINTA ACR COLORIR LAR POR SOL GL 3L LUX GL,,7908147621719,32081010,83000000,GL,2026-09-10T13:56:55Z,58.95,58.95,01493748000306,CONSTRUÇÕES IPANEMA LTDA,CONSTRUCOES IPANEMA,CENTRO,MACEIO
TINTA,997398,"TINTA ESM BR 0,75L DIALINE B AG MF IQUIN LT0001LT",,7892948053780,32091010,83000000,LT,2026-09-15T14:08:54Z,58.99,58.99,00279531000670,TUPAN CONSTRUCOES LTDA,,JARDIM PETROPOLIS,MACEIO
TINTA,997397,"TINTA ESM BR 0,75L DIALINE B AG CZMD IQ",,7892948053766,32091010,83000000,LT,2026-09-16T18:51:16Z,58.99,58.99,00279531000670,TUPAN CONSTRUCOES LTDA,,JARDIM PETROPOLIS,MACEIO
TINTA,79029,"TINTA ESM BR 0,9L CORALIT ZR GL CORAL",CORALIT ZERO SECAGEM RAPIDA BALANCE BRILHANTE BRANCO GELO 1/4,7891019165100,32091010,83000000,LT,2026-09-12T22:07:49Z,58.99,58.99,00279531000670,TUPAN CONSTRUCOES LTDA,,JARDIM PETROPOLIS,MACEIO
TINTA,79028,"TINTA ESM BR 0,9L CORALIT ZR BR CORAL LT0001LT",CORALIT ZERO SECAGEM RAPIDA BALANCE BRILHANTE BRANCO NEVE 1/4,7891019164967,32091010,83000000,LT,2026-09-14T11:07:29Z,58.99,58.99,00279531000670,TUPAN CONSTRUCOES LTDA,,JARDIM PETROPOLIS,MACEIO
TINTA,997395,"TINTA ESM BR 0,75L DIALINE B AG BR/GL IQ LT0001LT",,7892948053728,32091010,83000000,LT,2026-09-14T21:20:48Z,58.99,58.99,00279531000670,TUPAN CONSTRUCOES LTDA,,JARDIM PETROPOLIS,MACEIO
TINTA,997393,"TINTA ESM BR 0,75L DIALINE B AG BR/NV IQ LT0001LT",,7892948053704,32091010,83000000,LT,2026-09-11T12:50:01Z,58.99,58.99,00279531000670,TUPAN CONSTRUCOES LTDA,,JARDIM PETROPOLIS,MACEIO
TINTA,01894,"TINTA ACR ECONOMICA CORALAR + DESEMP PESSEGO FOSCO 3,6L CORAL","TINTA PARA PAREDE ACRILICA CORAL CORALAR 3,6 L PESSEGO",7891019138586,32091010,83000000,GL,2026-09-14T11:49:07Z,65.0,59.0,12270435000135,L. JARDIM & CIA LTDA,Casas Jardim,CENTRO,MACEIO
TINTA,7892948011650,"TINTA FOSC BR NEVE 3,6L PINTALAR  IQUINE",,0,32091010,83000000,GL,2026-09-12T20:18:36Z,61.9,59.04,03656804000131,CARAJAS MATERIAL DE CONSTRUCAO LTDA,CARAJAS CONSTRUCAO,TABULEIRO DOS MARTINS,MACEIO
TINTA,92493926,TINTA REJ ZAPT BR 200ML,,7891605108009,32141020,83000000,UN,2026-09-16T15:24:39Z,62.9,59.12,01438784005590,LEROY MERLIN COMPANHIA BRASILEIRA DE BRICOLAGEM,,CRUZ DAS ALMAS,MACEIO
TINTA,375274,HIDROTINTAS PISOS E PAREDES 3L VERDE UN,,7899010494151,32091010,83000000,LT,2026-09-08T13:26:56Z,61.896,59.44,03555402000140,PARAGOMINAS HOME CENTER LTDA,PARAGOMINAS HOME CENTER,SANTOS DUMONT,MACEIO
TINTA,09245,"ACR INTERIOR FOSCO BRANCO 3,6L CORALAR MAIS DESEMPENHO CORAL","TINTA PARA PAREDE ACRILICA CORAL CORALAR 3,6L BRANCO",7891019176120,32091010,83000000,GL,2026-09-15T17:41:13Z,59.68,59.68,09326760000168,CASA DAS TINTAS LTDA,CASA DAS TINTAS,POCO,MACEIO
TINTA,06028,"ACR INTERIOR FOSCO GELO 3,6L CORALAR MAIS DESEMPENHO CORAL","TINTA PARA PAREDE ACRILICA CORAL CORALAR 3,6 L BRANCO GELO",7891019176144,32091010,83000000,GL,2026-09-09T19:19:19Z,59.68,59.68,09326760000168,CASA DAS TINTAS LTDA,CASA DAS TINTAS,POCO,MACEIO
TINTA,09245,"ACR INTERIOR FOSCO BRANCO 3,6L CORALAR MAIS DESEMPENHO CORAL","TINTA PARA PAREDE ACRILICA CORAL CORALAR 3,6L BRANCO",7891019176120,32091010,83000000,GL,2026-09-08T12:25:13Z,59.68,59.68,09326760000753,CASA DAS TINTAS LTDA,CASA DAS TINTAS,PONTA VERDE,MACEIO
TINTA,12191,TINTA ACR BR NEVE GL ECO GLASU 1,,7891260545881,32091010,83000000,GL,2026-09-15T19:29:13Z,59.75,59.75,11914541000141,NETTER CASA E CONSTRUÇÃO LTDA ME,CONSTRUCOES IPANEMA,JACINTINHO,MACEIO
TINTA,7892948045044,"TINTA ACR FOS CAJU 3,6L DIATEX IQUINE",,0,32091010,83000000,UN,2026-09-16T20:01:46Z,59.9,59.9,03656804000131,CARAJAS MATERIAL DE CONSTRUCAO LTDA,CARAJAS CONSTRUCAO,TABULEIRO DOS MARTINS,MACEIO
TINTA,7892948050383,"TINTA ECON FOS ONCA 3,6L PINTALAR IQUINE",,0,32091010,83000000,BD,2026-09-10T19:00:05Z,59.9,59.9,03656804000131,CARAJAS MATERIAL DE CONSTRUCAO LTDA,CARAJAS CONSTRUCAO,TABULEIRO DOS MARTINS,MACEIO
TINTA,7892948044337,"TINTA ACR FOS VD LIMAO 3,6L PINTALAR IQUINE",,0,32091010,83000000,UN,2026-09-15T23:32:34Z,59.9,59.9,03656804002428,CARAJAS MATERIAL DE CONSTRUCAO LTDA,CARAJAS CONSTRUCAO,MANGABEIRAS,MACEIO
TINTA,7892948011759,"TINTA FOSC PEROLA 3,6L PINTALAR  IQUINE",,0,32091010,83000000,GL,2026-09-10T21:15:55Z,59.9,59.9,03656804002428,CARAJAS MATERIAL DE CONSTRUCAO LTDA,CARAJAS CONSTRUCAO,MANGABEIRAS,MACEIO
TINTA,7892948011773,"TINTA FOSC PESSEGO 3,6L PINTALAR  IQUINE",,0,32091010,83000000,GL,2026-09-09T18:55:05Z,59.9,59.9,03656804002428,CARAJAS MATERIAL DE CONSTRUCAO LTDA,CARAJAS CONSTRUCAO,MANGABEIRAS,MACEIO
TINTA,361188,HIDROTINTAS MASSA CORRIDA 20KG BALDE UN,,7899010486262,32141020,83000000,UN,2026-09-15T17:45:07Z,59.9,59.9,03555402000140,PARAGOMINAS HOME CENTER LTDA,PARAGOMINAS HOME CENTER,SANTOS DUMONT,MACEIO
TINTA,7892948044337,"TINTA ACR FOS VD LIMAO 3,6L PINTALAR IQUINE",,0,32091010,83000000,UN,2026-09-10T13:39:11Z,59.9,59.9,03656804000131,CARAJAS MATERIAL DE CONSTRUCAO LTDA,CARAJAS CONSTRUCAO,TABULEIRO DOS MARTINS,MACEIO
TINTA,7892948011735,"TINTA FOSC PALHA 3,6L PINTALAR  IQUINE","PINTALAR-VINIL ACRIL PALHA 3,6L -> PRODUTO NAO CLASSIFICADO COMO PERIGOSO PARA FINS DE TRANSPORTE.",7892948011735,32091010,83000000,GL,2026-09-09T19:22:36Z,59.9,59.9,03656804000131,CARAJAS MATERIAL DE CONSTRUCAO LTDA,CARAJAS CONSTRUCAO,TABULEIRO DOS MARTINS,MACEIO
TINTA,7892948011759,"TINTA FOSC PEROLA 3,6L PINTALAR  IQUINE",,0,32091010,83000000,GL,2026-09-10T13:39:11Z,59.9,59.9,03656804000131,CARAJAS MATERIAL DE CONSTRUCAO LTDA,CARAJAS CONSTRUCAO,TABULEIRO DOS MARTINS,MACEIO
TINTA,55007,"TINTA ACR.F.PINT.ESSE.BR GELO 3,6L GLASU",,7891260530191,32091010,83000000,UN,2026-09-15T16:31:00Z,59.99,59.99,70015672000156,ENCONTRO DO SOL HOME CENTER LTDA,ENCONTRO DO SOL HOME CENTER,TABULEIRO DO MARTINS,MACEIO
TINTA,47364,"TINTA LUXPISO 3,0L CONCRETO LUX",,7908147622006,32091010,83000000,UN,2026-09-16T16:20:34Z,59.99,59.99,70015672000156,ENCONTRO DO SOL HOME CENTER LTDA,ENCONTRO DO SOL HOME CENTER,TABULEIRO DO MARTINS,MACEIO
TINTA,997415,"TINTA ESM FC 0,75L DIALINE B AG PT IQUIN LT0001LT",,7892948054183,32091010,83000000,LT,2026-09-16T13:44:14Z,59.99,59.99,00279531000670,TUPAN CONSTRUCOES LTDA,,JARDIM PETROPOLIS,MACEIO
TINTA,001662,"TINTA AMARELO CAJU 3,6L",,0,32091010,83000000,GL,2026-09-11T14:29:40Z,60.0,60.0,23380502000190,V. L. DA SILVA COMERCIO. - ME,V. LINS MATERIAIS DE CONSTRUCAO.,SANTA LUCIA,MACEIO
TINTA,0000000001840,TINTA PISO VERDE QUA,,9999900033212,32091010,83000000,UN,2026-09-14T19:29:23Z,64.0,60.0,17142345000182,MARIA APARECIDA DA SILVA BRANCO CONSTRUCOES,,CENTRO,MACEIO
TINTA,09245,"ACR INTERIOR FOSCO BRANCO 3,6L CORALAR MAIS DESEMPENHO CORAL","TINTA PARA PAREDE ACRILICA CORAL CORALAR 3,6L BRANCO",7891019176120,32091010,83000000,GL,2026-09-09T18:08:24Z,60.0,60.0,09326760000400,CASA DAS TINTAS LTDA,,BARRO DURO,MACEIO
TINTA,936,TINTA PISO VERMELHO GL MIRACRIL,,0,32091010,83000000,UN,2026-09-11T12:43:26Z,60.0,60.0,29174391000142,A.G DE VASCONCELOS FILHO,,CIDADE UNIVERSITARIA,MACEIO
TINTA,159,TINTA PISO CINZA MEDIO GL MIRACRIL,,0,32091010,83000000,GALAO,2026-09-15T19:55:48Z,60.0,60.0,29174391000142,A.G DE VASCONCELOS FILHO,,CIDADE UNIVERSITARIA,MACEIO
TINTA,156,TINTA PISO AMARELO GL MIRACRIL,,0,32091010,83000000,GALAO,2026-09-15T21:10:37Z,60.0,60.0,29174391000142,A.G DE VASCONCELOS FILHO,,CIDADE UNIVERSITARIA,MACEIO
TINTA,22,"TINTAS LUXPISO GL 3,0L PRETO",,0,32091010,83000000,UN,2026-09-10T19:46:49Z,60.0,60.0,01784458000141,V.L.M.NASCIMENTO - ME,AKALANTO FERRAGENS,BENEDITO BENTES I,MACEIO
TINTA,464,MASSA ACRILICA 5 5 KG HIDROTINTAS,,0,32141020,83000000,GL,2026-09-12T15:24:30Z,60.0,60.0,29217117000103,COMERCIAL MIRELI,COMERCIAL MIRELI,CIDADE UNIVERSITARIA,MACEIO
TINTA,2688,TINTA DIALINE TOPA TUDO ABASE DE AGUA BRANCO NEVE 750ML,,7892948053704,32091010,83000000,UN,2026-09-10T19:28:00Z,60.0,60.0,37461181000163,S. DA. S. FERNANDES GARCIA CONSTRUCOES,CONSTRUÇÃO 4 IRMÃOS LOJA 2,CIDADE UNIVERSITARIA,MACEIO
TINTA,2689,TINTA DIALINE TOPA TUDO ABASE PRETO 750ML,,7892948053698,32091010,83000000,UN,2026-09-10T16:57:19Z,60.0,60.0,37461181000163,S. DA. S. FERNANDES GARCIA CONSTRUCOES,CONSTRUÇÃO 4 IRMÃOS LOJA 2,CIDADE UNIVERSITARIA,MACEIO
TINTA,218,TINTA PISO 3L LUX,,0,32091010,83000000,UN,2026-09-15T20:19:42Z,61.0,60.06,05087080000188,ROSIMEIRE DA SILVA SANTOS - EPP,KOMANDO CONSTRUCOES,CIDADE UNIVESITARIA,MACEIO
TINTA,06084,"FUNDO NIVELADOR FOSCO BRANCO 0,9L CORALIT CORAL",TINTA CORALIT FUN NIVELADOR BRANCO 900ML 1X900MLCORAL,7891019204267,32089010,83000000,UN,2026-09-12T13:15:03Z,60.34,60.34,09326760000168,CASA DAS TINTAS LTDA,CASA DAS TINTAS,POCO,MACEIO
TINTA,04548,"ESMALTE BASE AGUA PREMIUM COR E PROTECAO BRANCO BRILHANTE 0,9L SUVINIL",TINTA ESMT. SINT. SUVINIL KG BRANCO NEVE BASE AGUA SEC RAPID,7891260250419,32091010,83000000,LT,2026-09-08T16:12:52Z,60.8,60.8,12270435000640,L. JARDIM & CIA LTDA,Casas Jardim,JATIUCA,MACEIO
TINTA,04658,"ESMALTE BASE AGUA PREMIUM COR E PROTECAO TABACO BRILHANTE 0,9L SUVINIL",SUVINIL SEC RAP EB BASE AGUA TABACO 1/4 TINTA P SR ZEZINHO.,7891260251683,32091010,83000000,LT,2026-09-15T20:37:31Z,60.8,60.8,12270435000720,L. JARDIM & CIA LTDA,CASA JARDIM,BARRO DURO,MACEIO
TINTA,04822,"ESMALTE BASE AGUA PREMIUM COR E PROTECAO PRETO BRILHANTE 0,9L SUVINIL",TINTA ESMT. SINT. SUVINIL KG PRETO BASE AGUA SEC RAPIDO,7891260259344,32091010,83000000,LT,2026-09-08T16:12:52Z,60.8,60.8,12270435000640,L. JARDIM & CIA LTDA,Casas Jardim,JATIUCA,MACEIO
TINTA,93218,"TINTA ESM BR 0,9L CORALI ZR TB CORAL LT0001LT","TINTA ESM BR 0,9L CORALI ZR TB CORAL LT0001LT",7891019165124,32091010,83000000,LT,2026-09-09T12:31:23Z,60.99,60.99,00279531000670,TUPAN CONSTRUCOES LTDA,,JARDIM PETROPOLIS,MACEIO
TINTA,7891019906826,TINTA ACR FOSC BASE P 800ML DECORA MATTE CORAL,,0,32091010,83000000,UN,2026-09-08T15:03:53Z,69.6,61.17,03656804002428,CARAJAS MATERIAL DE CONSTRUCAO LTDA,CARAJAS CONSTRUCAO,MANGABEIRAS,MACEIO
TINTA,10515,"TINTA ACR ECONOMICA MUDA FACIL PALHA FOSCO 3,6L GLASU",,7891260532676,32091010,83000000,GL,2026-09-09T13:27:54Z,69.0,61.5,12270435000640,L. JARDIM & CIA LTDA,Casas Jardim,JATIUCA,MACEIO
TINTA,10411,"TINTA ACR ECONOMICA MUDA FACIL FOTO ANTIGA FOSCO 3,6L GLASU",,7891260546031,32091010,83000000,GL,2026-09-14T17:42:48Z,69.0,61.57,12270435000640,L. JARDIM & CIA LTDA,Casas Jardim,JATIUCA,MACEIO
TINTA,11181,"TINTA ACR ECONOMICA MUDA FACIL LAMINA AFIADA FOSCO 3,6L GLASU",,7891260552414,32091010,83000000,GL,2026-09-09T17:13:09Z,69.0,61.71,12270435000640,L. JARDIM & CIA LTDA,Casas Jardim,JATIUCA,MACEIO
TINTA,7892948017997,"TINTA FOSC MARFIM 3,6L PINTALAR  IQUINE",,0,32091010,83000000,GL,2026-09-16T15:26:06Z,61.9,61.9,03656804000131,CARAJAS MATERIAL DE CONSTRUCAO LTDA,CARAJAS CONSTRUCAO,TABULEIRO DOS MARTINS,MACEIO
TINTA,7892948018017,"TINTA FOSC RS PETALA 3,6L PINTALAR  IQUINE",,0,32091010,83000000,GL,2026-09-12T13:52:08Z,61.9,61.9,03656804000131,CARAJAS MATERIAL DE CONSTRUCAO LTDA,CARAJAS CONSTRUCAO,TABULEIRO DOS MARTINS,MACEIO
TINTA,7892948018017,"TINTA FOSC RS PETALA 3,6L PINTALAR  IQUINE","PINTALAR-VINIL ACR ROSA PETALA 3,6L -> PRODUTO NAO CLASSIFICADO COMO PERIGOSO PARA FINS DE TRANSPORTE.",7892948018017,32091010,83000000,GL,2026-09-12T21:25:11Z,61.9,61.9,03656804000131,CARAJAS MATERIAL DE CONSTRUCAO LTDA,CARAJAS CONSTRUCAO,TABULEIRO DOS MARTINS,MACEIO
TINTA,375263,HIDROTINTAS PISOS E PAREDES 3L AM OURO UN,,7899010493864,32091010,83000000,LT,2026-09-12T12:13:55Z,61.9,61.9,03555402000140,PARAGOMINAS HOME CENTER LTDA,PARAGOMINAS HOME CENTER,SANTOS DUMONT,MACEIO
TINTA,375266,HIDROTINTAS PISOS E PAREDES 3L BR GELO UN,,7899010493901,32091010,83000000,LT,2026-09-09T14:59:41Z,61.9,61.9,03555402000140,PARAGOMINAS HOME CENTER LTDA,PARAGOMINAS HOME CENTER,SANTOS DUMONT,MACEIO
TINTA,375270,HIDROTINTAS PISOS E PAREDES 3L AM DEMAR UN,,7899010493857,32091010,83000000,LT,2026-09-11T12:41:03Z,61.9,61.9,03555402000140,PARAGOMINAS HOME CENTER LTDA,PARAGOMINAS HOME CENTER,SANTOS DUMONT,MACEIO
TINTA,375272,HIDROTINTAS PISOS E PAREDES 3L CINZA UN,,7899010493970,32091010,83000000,LT,2026-09-15T17:54:18Z,61.9,61.9,03555402000140,PARAGOMINAS HOME CENTER LTDA,PARAGOMINAS HOME CENTER,SANTOS DUMONT,MACEIO
TINTA,7891494008527,TINTA SPRAY BR 350ML EPOXY COLORGIN,SPRAY CGIN EPOXY BRANCO 300ML (852),7891494008527,32082019,83000000,UN,2026-09-12T15:20:34Z,61.9,61.9,03656804000131,CARAJAS MATERIAL DE CONSTRUCAO LTDA,CARAJAS CONSTRUCAO,TABULEIRO DOS MARTINS,MACEIO
TINTA,7892948011698,"TINTA FOSC AREIA 3,6L PINTALAR  IQUINE",,0,32091010,83000000,GL,2026-09-16T19:11:21Z,61.9,61.9,03656804000131,CARAJAS MATERIAL DE CONSTRUCAO LTDA,CARAJAS CONSTRUCAO,TABULEIRO DOS MARTINS,MACEIO
TINTA,7892948011711,"TINTA FOSC AZ CEU 3,6L PINTALAR  IQUINE",,0,32091010,83000000,GL,2026-09-12T16:02:19Z,61.9,61.9,03656804000131,CARAJAS MATERIAL DE CONSTRUCAO LTDA,CARAJAS CONSTRUCAO,TABULEIRO DOS MARTINS,MACEIO
TINTA,7892948052035,"TINTA ECON FOS RONDON 3,6L PINTALAR IQUINE",,0,32091010,83000000,BD,2026-09-14T23:05:21Z,61.9,61.9,03656804002428,CARAJAS MATERIAL DE CONSTRUCAO LTDA,CARAJAS CONSTRUCAO,MANGABEIRAS,MACEIO
TINTA,7892948018017,"TINTA FOSC RS PETALA 3,6L PINTALAR  IQUINE",,0,32091010,83000000,GL,2026-09-13T21:18:25Z,61.9,61.9,03656804002428,CARAJAS MATERIAL DE CONSTRUCAO LTDA,CARAJAS CONSTRUCAO,MANGABEIRAS,MACEIO
TINTA,7892948011698,"TINTA FOSC AREIA 3,6L PINTALAR  IQUINE",,0,32091010,83000000,GL,2026-09-16T15:33:56Z,61.9,61.9,03656804002428,CARAJAS MATERIAL DE CONSTRUCAO LTDA,CARAJAS CONSTRUCAO,MANGABEIRAS,MACEIO
TINTA,7892948011650,"TINTA FOSC BR NEVE 3,6L PINTALAR  IQUINE",,0,32091010,83000000,GL,2026-09-15T15:54:47Z,61.9,61.9,03656804002428,CARAJAS MATERIAL DE CONSTRUCAO LTDA,CARAJAS CONSTRUCAO,MANGABEIRAS,MACEIO
TINTA,7891494000514,TINTA SPRAY CROMADO 350ML INT METALLIK COLORGIN,,0,32082019,83000000,UN,2026-09-12T19:23:31Z,61.9,61.9,03656804002428,CARAJAS MATERIAL DE CONSTRUCAO LTDA,CARAJAS CONSTRUCAO,MANGABEIRAS,MACEIO
TINTA,09846,"TINTA ACR ECONOMICA MUDA FACIL ALGODAO EGIPICIO FOSCO 3,6L GLASU",GLASU LX ACR ECO (MUDA FACIL) ALGODAO EGIPCIO GAL,7891260508046,32091010,83000000,GL,2026-09-14T14:00:05Z,62.0,62.0,12270435000992,L. JARDIM & CIA LTDA,Casas Jardim,TABULEIRO DO MARTINS,MACEIO
TINTA,09852,"TINTA ACR ECONOMICA MUDA FACIL LAMINA AFIADA FOSCO 3,6L GLASU FL",GLASU LX ACR ECO (MUDA FACIL) LAMINA AFIADA GAL,7891260508626,32091010,83000000,GL,2026-09-10T16:34:18Z,69.0,62.0,12270435000801,L. JARDIM & CIA LTDA,Casas Jardim,PAJUCARA,MACEIO
TINTA,10412,"TINTA ACR ECONOMICA MUDA FACIL GELO FOSCO 3,6L GLASU",,7891260545959,32091010,83000000,GL,2026-09-12T11:34:53Z,69.0,62.0,12270435000801,L. JARDIM & CIA LTDA,Casas Jardim,PAJUCARA,MACEIO
TINTA,10515,"TINTA ACR ECONOMICA MUDA FACIL PALHA FOSCO 3,6L GLASU",,7891260532676,32091010,83000000,GL,2026-09-14T18:31:13Z,62.0,62.0,12270435000720,L. JARDIM & CIA LTDA,CASA JARDIM,BARRO DURO,MACEIO
TINTA,10922,"TINTA ACR ECONOMICA MUDA FACIL CEU CLARO FOSCO 3,6L GLASU",,7891260545898,32091010,83000000,GL,2026-09-09T19:42:33Z,69.0,62.0,12270435000135,L. JARDIM & CIA LTDA,Casas Jardim,CENTRO,MACEIO
TINTA,10410,"TINTA ACR ECONOMICA MUDA FACIL BRANCO FOSCO 3,6L GLASU",,7891260545881,32091010,83000000,GL,2026-09-15T11:20:57Z,69.0,62.0,12270435000135,L. JARDIM & CIA LTDA,Casas Jardim,CENTRO,MACEIO
TINTA,10515,"TINTA ACR ECONOMICA MUDA FACIL PALHA FOSCO 3,6L GLASU",,7891260532676,32091010,83000000,GL,2026-09-14T15:00:44Z,62.1,62.0,12270435000135,L. JARDIM & CIA LTDA,Casas Jardim,CENTRO,MACEIO
TINTA,1788,"TINTA ACRI INT PINTALAR 3,6L BR NEVE IQUINE",,0,32091010,83000000,UN,2026-09-15T14:32:54Z,62.0,62.0,27449717000171,F P B DOS SANTOS COMERCIO E SERVIÇOS LTDA,FP PECAS E SERVICOS,SERRARIA,MACEIO
TINTA,10410,"TINTA ACR ECONOMICA MUDA FACIL BRANCO FOSCO 3,6L GLASU",,7891260545881,32091010,83000000,GL,2026-09-09T14:31:40Z,62.1,62.02,12270435000720,L. JARDIM & CIA LTDA,CASA JARDIM,BARRO DURO,MACEIO
TINTA,10491,"TINTA ACR ECONOMICA MUDA FACIL MARFIM FOSCO 3,6L GLASU",,7891260532690,32091010,83000000,GL,2026-09-15T20:55:14Z,69.0,62.03666666666667,12270435001026,L. JARDIM & CIA LTDA,Casas Jardim,FAROL,MACEIO
TINTA,10410,"TINTA ACR ECONOMICA MUDA FACIL BRANCO FOSCO 3,6L GLASU",,7891260545881,32091010,83000000,GL,2026-09-15T20:55:14Z,69.0,62.03666666666667,12270435001026,L. JARDIM & CIA LTDA,Casas Jardim,FAROL,MACEIO
TINTA,10410,"TINTA ACR ECONOMICA MUDA FACIL BRANCO FOSCO 3,6L GLASU",,7891260545881,32091010,83000000,GL,2026-09-11T12:54:11Z,62.1,62.04,12270435000992,L. JARDIM & CIA LTDA,Casas Jardim,TABULEIRO DO MARTINS,MACEIO
TINTA,10410,"TINTA ACR ECONOMICA MUDA FACIL BRANCO FOSCO 3,6L GLASU",,7891260545881,32091010,83000000,GL,2026-09-15T19:25:25Z,69.0,62.07,12270435000801,L. JARDIM & CIA LTDA,Casas Jardim,PAJUCARA,MACEIO
TINTA,10412,"TINTA ACR ECONOMICA MUDA FACIL GELO FOSCO 3,6L GLASU",,7891260545959,32091010,83000000,GL,2026-09-10T20:11:23Z,69.0,62.09,12270435000640,L. JARDIM & CIA LTDA,Casas Jardim,JATIUCA,MACEIO
TINTA,10519,"TINTA ACR ECONOMICA MUDA FACIL VERDE PISCINA FOSCO 3,6L GLASU",,7891260546055,32091010,83000000,GL,2026-09-15T20:32:00Z,62.1,62.1,12270435000640,L. JARDIM & CIA LTDA,Casas Jardim,JATIUCA,MACEIO
TINTA,11181,"TINTA ACR ECONOMICA MUDA FACIL LAMINA AFIADA FOSCO 3,6L GLASU",,7891260552414,32091010,83000000,GL,2026-09-08T16:35:41Z,62.1,62.1,12270435000720,L. JARDIM & CIA LTDA,CASA JARDIM,BARRO DURO,MACEIO
TINTA,11181,"TINTA ACR ECONOMICA MUDA FACIL LAMINA AFIADA FOSCO 3,6L GLASU",,7891260552414,32091010,83000000,GL,2026-09-14T17:56:39Z,62.1,62.1,12270435000992,L. JARDIM & CIA LTDA,Casas Jardim,TABULEIRO DO MARTINS,MACEIO
TINTA,10410,"TINTA ACR ECONOMICA MUDA FACIL BRANCO FOSCO 3,6L GLASU",,7891260545881,32091010,83000000,GL,2026-09-15T18:21:18Z,62.1,62.1,12270435000640,L. JARDIM & CIA LTDA,Casas Jardim,JATIUCA,MACEIO
TINTA,07562,BRANCO PU PURO 675ML LAZZURIL,TINTA PU BRANCO PURO II 675 -SHERWIN,7891452420835,32082019,83000000,LT,2026-09-14T17:27:03Z,69.0,62.1,12270435000640,L. JARDIM & CIA LTDA,Casas Jardim,JATIUCA,MACEIO
TINTA,10921,"TINTA ACR ECONOMICA MUDA FACIL AMARELO OURO FOSCO 3,6L GLASU",,7891260546000,32091010,83000000,GL,2026-09-16T16:07:32Z,62.1,62.1,12270435001026,L. JARDIM & CIA LTDA,Casas Jardim,FAROL,MACEIO
TINTA,10515,"TINTA ACR ECONOMICA MUDA FACIL PALHA FOSCO 3,6L GLASU",,7891260532676,32091010,83000000,GL,2026-09-15T20:07:19Z,69.0,62.1,12270435001026,L. JARDIM & CIA LTDA,Casas Jardim,FAROL,MACEIO
TINTA,06084,"FUNDO NIVELADOR FOSCO BRANCO 0,9L CORALIT CORAL",TINTA CORALIT FUN NIVELADOR BRANCO 900ML 1X900MLCORAL,7891019204267,32089010,83000000,UN,2026-09-10T12:09:01Z,62.21,62.21,09326760000400,CASA DAS TINTAS LTDA,,BARRO DURO,MACEIO
TINTA,9329,"TINTA BASE ESM AC 0,8L CORALIT UL RE T C",,0,32089010,83000000,LT,2026-09-14T11:32:35Z,62.4,62.4,05251366000157,RONILDO DE OLIVEIRA LIMA  LTDA,COMERCIAL ESPERANCA,CENTRO,MACEIO
TINTA,29049,TINTA LUXCRIL 15L BRANCO NEVE LUX,,7908147613363,32091010,83000000,UN,2026-09-16T16:15:01Z,249.99,62.5,70015672000156,ENCONTRO DO SOL HOME CENTER LTDA,ENCONTRO DO SOL HOME CENTER,TABULEIRO DO MARTINS,MACEIO
TINTA,7891260561782,"TINTA ACR FOS 0,8L BASE A2 TOQUE FOSCO SUVINIL",,7891260561782,32091010,83000000,UN,2026-09-14T18:11:27Z,62.59,62.59,03656804002428,CARAJAS MATERIAL DE CONSTRUCAO LTDA,CARAJAS CONSTRUCAO,MANGABEIRAS,MACEIO
TINTA,1388,"TINTA MIRACRIL PISO CIM CINZA MEDIO 3,6L",,0,32091010,83000000,GL,2026-09-15T20:48:24Z,65.0,62.8,42524555000182,MARTA DE LIMA CARDOZO,TM CONSTRUCOES,OURO PRETO,MACEIO
TINTA,04692,"TINTA PISO CINZA MEDIO 3,6L MIRAPISO MIRACOR",,9999900033311,32091010,83000000,GL,2026-09-11T13:03:39Z,73.75,62.84,09326760000400,CASA DAS TINTAS LTDA,,BARRO DURO,MACEIO
TINTA,7892948016921,"TINTA ACR FOSC 3,6L PEROLA DIATEX IQUINE",,0,32091010,83000000,GL,2026-09-13T14:52:33Z,62.9,62.9,03656804000131,CARAJAS MATERIAL DE CONSTRUCAO LTDA,CARAJAS CONSTRUCAO,TABULEIRO DOS MARTINS,MACEIO
TINTA,7892948003853,"TINTA ACR FOSC 3,6L MARFIM DIATEX IQUINE",,0,32091010,83000000,GL,2026-09-12T16:18:44Z,62.9,62.9,03656804000131,CARAJAS MATERIAL DE CONSTRUCAO LTDA,CARAJAS CONSTRUCAO,TABULEIRO DOS MARTINS,MACEIO
TINTA,7892948003815,"TINTA ACR FOS CZ 3,6L DIATEX  IQUINE","DIATEX PINTA MAIS CINZA 3,6L -? PRODUTO NAO CLASSIFICADO COMO PERIGOSO PARA FINS DE TRANSPORTE.",7892948003815,32091010,83000000,UN,2026-09-14T19:19:05Z,62.9,62.9,03656804000131,CARAJAS MATERIAL DE CONSTRUCAO LTDA,CARAJAS CONSTRUCAO,TABULEIRO DOS MARTINS,MACEIO
TINTA,7892948003815,"TINTA ACR FOS CZ 3,6L DIATEX  IQUINE",,0,32091010,83000000,UN,2026-09-15T11:39:19Z,62.9,62.9,03656804000131,CARAJAS MATERIAL DE CONSTRUCAO LTDA,CARAJAS CONSTRUCAO,TABULEIRO DOS MARTINS,MACEIO
TINTA,7892948003761,"TINTA ACR FOSC 3,6L BR NEVE DIATEX IQUINE","T DIATEX ACRIL BRANCO NEVE 3,6L IQUINE 1X3,6L IQUINE",7892948003761,32091010,83000000,GL,2026-09-13T15:05:26Z,62.9,62.9,03656804000131,CARAJAS MATERIAL DE CONSTRUCAO LTDA,CARAJAS CONSTRUCAO,TABULEIRO DOS MARTINS,MACEIO
TINTA,7892948003761,"TINTA ACR FOSC 3,6L BR NEVE DIATEX IQUINE",,0,32091010,83000000,GL,2026-09-15T22:42:53Z,62.9,62.9,03656804000131,CARAJAS MATERIAL DE CONSTRUCAO LTDA,CARAJAS CONSTRUCAO,TABULEIRO DOS MARTINS,MACEIO
TINTA,7892948003730,"TINTA ACR FOSC 3,6L BR GELO DIATEX IQUINE","T DIATEX ACRIL BRANCO GELO 3,6L IQUINE 1X3,6LIQUINE",7892948003730,32091010,83000000,GL,2026-09-16T20:28:44Z,62.9,62.9,03656804000131,CARAJAS MATERIAL DE CONSTRUCAO LTDA,CARAJAS CONSTRUCAO,TABULEIRO DOS MARTINS,MACEIO
TINTA,7892948003730,"TINTA ACR FOSC 3,6L BR GELO DIATEX IQUINE",,0,32091010,83000000,GL,2026-09-12T12:54:53Z,62.9,62.9,03656804000131,CARAJAS MATERIAL DE CONSTRUCAO LTDA,CARAJAS CONSTRUCAO,TABULEIRO DOS MARTINS,MACEIO
TINTA,7892948003662,"TINTA ACR FOSC 3,6L AREIA DIATEX IQUINE",,0,32091010,83000000,GL,2026-09-16T13:45:48Z,62.9,62.9,03656804000131,CARAJAS MATERIAL DE CONSTRUCAO LTDA,CARAJAS CONSTRUCAO,TABULEIRO DOS MARTINS,MACEIO
TINTA,7892948016921,"TINTA ACR FOSC 3,6L PEROLA DIATEX IQUINE","TINTA VN ACR 3,6L DIATEX PER IQUINE GL0001GL",7892948016921,32091010,83000000,GL,2026-09-13T19:02:11Z,62.9,62.9,03656804000131,CARAJAS MATERIAL DE CONSTRUCAO LTDA,CARAJAS CONSTRUCAO,TABULEIRO DOS MARTINS,MACEIO
TINTA,7892948016921,"TINTA ACR FOSC 3,6L PEROLA DIATEX IQUINE",,0,32091010,83000000,GL,2026-09-16T19:23:42Z,62.9,62.9,03656804002428,CARAJAS MATERIAL DE CONSTRUCAO LTDA,CARAJAS CONSTRUCAO,MANGABEIRAS,MACEIO
TINTA,7892948003815,"TINTA ACR FOS CZ 3,6L DIATEX  IQUINE","DIATEX PINTA MAIS CINZA 3,6L -? PRODUTO NAO CLASSIFICADO COMO PERIGOSO PARA FINS DE TRANSPORTE.",7892948003815,32091010,83000000,UN,2026-09-11T20:47:09Z,62.9,62.9,03656804002428,CARAJAS MATERIAL DE CONSTRUCAO LTDA,CARAJAS CONSTRUCAO,MANGABEIRAS,MACEIO
TINTA,7892948003761,"TINTA ACR FOSC 3,6L BR NEVE DIATEX IQUINE","T DIATEX ACRIL BRANCO NEVE 3,6L IQUINE 1X3,6L IQUINE",7892948003761,32091010,83000000,GL,2026-09-15T12:46:13Z,62.9,62.9,03656804002428,CARAJAS MATERIAL DE CONSTRUCAO LTDA,CARAJAS CONSTRUCAO,MANGABEIRAS,MACEIO
TINTA,7892948003761,"TINTA ACR FOSC 3,6L BR NEVE DIATEX IQUINE",,0,32091010,83000000,GL,2026-09-14T22:32:12Z,62.9,62.9,03656804002428,CARAJAS MATERIAL DE CONSTRUCAO LTDA,CARAJAS CONSTRUCAO,MANGABEIRAS,MACEIO
TINTA,7891605108009,TINTA P REJUNTE ZAPT BRANCO 200ML,,0,32141020,83000000,UN,2026-09-15T20:08:32Z,62.9,62.9,01438784005590,LEROY MERLIN COMPANHIA BRASILEIRA DE BRICOLAGEM,,CRUZ DAS ALMAS,MACEIO
TINTA,3129,LAZZUDUR BRANCO SUMMIT LISA - WA8624 900ML,TINTA POLIESTER LAZZUDUR BRANCO SUMMIT LISA 900ML - SHERWIN,7891452424888,32081010,83000000,UN,2026-09-10T13:39:27Z,62.99,62.99,66362871000163,COMÉRCIO DAS TINTAS LTDA,CENTRAL DAS TINTAS,Tabuleiro do Martins,MACEIO
TINTA,7891260561782,"TINTA ACR FOS 0,8L BASE A2 TOQUE FOSCO SUVINIL",,0,32091010,83000000,UN,2026-09-12T21:36:00Z,63.71,63.71,03656804002428,CARAJAS MATERIAL DE CONSTRUCAO LTDA,CARAJAS CONSTRUCAO,MANGABEIRAS,MACEIO
TINTA,01655,"ESMALTE PREMIUM CORALIT ANTIFERRUGEM CINZA BRILHANTE 0,9L CORAL","TINTA ESM BR 0,9L CORALIT ANTIF CZ CORAL LT0001LT",7891019173440,32089010,83000000,LT,2026-09-12T13:43:34Z,63.75,63.75,12270435000640,L. JARDIM & CIA LTDA,Casas Jardim,JATIUCA,MACEIO
TINTA,7891019176144,"TINTA ACR FOS 3,6L BR GELO CORALAR CORAL",,0,32091010,83000000,GL,2026-09-16T19:33:45Z,63.9,63.9,03656804002428,CARAJAS MATERIAL DE CONSTRUCAO LTDA,CARAJAS CONSTRUCAO,MANGABEIRAS,MACEIO
TINTA,7891019176144,"TINTA ACR FOS 3,6L BR GELO CORALAR CORAL","TINTA PARA PAREDE ACRILICA CORAL CORALAR 3,6 L BRANCO GELO",7891019176144,32091010,83000000,GL,2026-09-11T20:14:56Z,63.9,63.9,03656804000131,CARAJAS MATERIAL DE CONSTRUCAO LTDA,CARAJAS CONSTRUCAO,TABULEIRO DOS MARTINS,MACEIO
TINTA,0000000001075,TINTA PISO VERMELHO,,9999900055085,32091010,83000000,UN,2026-09-10T14:23:07Z,64.0,63.9,17142345000182,MARIA APARECIDA DA SILVA BRANCO CONSTRUCOES,,CENTRO,MACEIO
TINTA,06885,"TINTA PISO PREMIUM HPISO CINZA 3,6L HIDRACOR",HPISO TINTA PISO CINZA GAL HIDRACOR,7897144038128,32091010,83000000,GL,2026-09-12T14:27:20Z,76.0,64.5,12270435001026,L. JARDIM & CIA LTDA,Casas Jardim,FAROL,MACEIO
TINTA,994394,"TINTA ESM BR 0,75L DIALINE SEC ALU IQUIN LT0001LT",,7892948053124,32081010,83000000,LT,2026-09-15T17:29:16Z,64.99,64.99,00279531000670,TUPAN CONSTRUCOES LTDA,,JARDIM PETROPOLIS,MACEIO
TINTA,24877,"FUNDO MAD 0,9L NIVELAD CORAL",TINTA CORALIT FUN NIVELADOR BRANCO 900ML 1X900MLCORAL,7891019204267,32089010,83000000,LT,2026-09-14T17:35:08Z,64.99,64.99,00279531000670,TUPAN CONSTRUCOES LTDA,,JARDIM PETROPOLIS,MACEIO
TINTA,128,"TINTA PISO CINZA MEDIO 3,6L MIRAPISO MIRACOR",,9999900033311,32091010,83000000,GL,2026-09-14T18:46:15Z,65.0,65.0,15335170000102,BARÃO DAS MANTAS COMERCIO E SERVIÇOS LTDA,BARAO DAS MANTAS COMERCIO E SERVICOS,BENEDITO BENTES,MACEIO
TINTA,2603,TINTA LUXPISO AMARELO DEMARCACAO 3L LUX,,7908147622068,32091010,83000000,UN,2026-09-11T15:22:10Z,65.0,65.0,37461181000163,S. DA. S. FERNANDES GARCIA CONSTRUCOES,CONSTRUÇÃO 4 IRMÃOS LOJA 2,CIDADE UNIVERSITARIA,MACEIO
TINTA,7619,"TINTA PISO BRANCO 3,6L MIRAPISO MIRACOR",,9999900032345,32091010,83000000,GL,2026-09-11T21:04:01Z,65.0,65.0,56952576000103,S DE L S SOUZA,JL Construções,Chã da Jaqueira,MACEIO
TINTA,6927,MASSA CORRIDA BD 20KG- TINTAS MIL,,618341747128,32141020,83000000,UN,2026-09-15T15:39:40Z,65.0,65.0,23959130000151,ELINEIDE SANTOS NASCIMENTO - ME,CASA NASCIMENTO,JACINTINHO,MACEIO
TINTA,1465,KIT BRANCO PURO PU SKYLACK,"TINTA SKYLACK PU BRANCO PURO 0,675L",7898453800598,32089010,83000000,UN,2026-09-16T13:33:43Z,77.0,65.0,20784981000112,M J FERREIRA FILHA LTDA EPP,UNIVERSO TINTAS,SANTA LUCIA,MACEIO
TINTA,220,KIT PRETO CADILLAC PU SKYLACK,"TINTA SKYLACK PU PRETO CADILLAC 0,675L",7898910510916,32089010,83000000,UN,2026-09-16T14:50:09Z,77.0,65.0,20784981000112,M J FERREIRA FILHA LTDA EPP,UNIVERSO TINTAS,SANTA LUCIA,MACEIO
TINTA,1465,KIT BRANCO PURO PU SKYLACK,"TINTA SKYLACK PU BRANCO PURO 0,675L",7898453800598,32089010,83000000,UN,2026-09-15T14:52:01Z,77.0,65.35,52798419000134,MARIA J FERREIRA FILHA LTDA,UNIVERSO TINTAS,Antares,MACEIO
TINTA,07562,BRANCO PU PURO 675ML LAZZURIL,TINTA PU BRANCO PURO II 675 -SHERWIN,7891452420835,32082019,83000000,LT,2026-09-11T13:25:51Z,69.0,65.36,12270435000135,L. JARDIM & CIA LTDA,Casas Jardim,CENTRO,MACEIO
TINTA,219,KIT BRANCO GEADA PU SKYLACK,"TINTA SKYLACK PU BRANCO GEADA VW 95 0,675L",7898910510947,32089010,83000000,UN,2026-09-11T20:44:29Z,77.0,65.42,20784981000112,M J FERREIRA FILHA LTDA EPP,UNIVERSO TINTAS,SANTA LUCIA,MACEIO
TINTA,196,KIT BRANCO CRISTAL II PU VW SKYLACK 900ML,"TINTA SKYLACK PU BRANCO CRISTAL II VW 99 0,675L",7899494502878,32089010,83000000,UN,2026-09-15T20:49:04Z,77.0,65.475,20784981000112,M J FERREIRA FILHA LTDA EPP,UNIVERSO TINTAS,SANTA LUCIA,MACEIO
TINTA,05978,BEGE COSTEIRO 90YR 51/109 DECORA SEDA ACETINADO (NOVO) P LT 4836,"TINTA BASE ACR AC LT0,8L ACAB SEDA P 990 LT0001LT - ALGODAO EGIPCIO - SU",7891019177035,32091010,83000000,UN,2026-09-15T19:01:53Z,65.6363,65.64,12270435000640,L. JARDIM & CIA LTDA,Casas Jardim,JATIUCA,MACEIO
TINTA,220,KIT PRETO CADILLAC PU SKYLACK,"TINTA SKYLACK PU PRETO CADILLAC 0,675L",7898910510916,32089010,83000000,UN,2026-09-16T10:44:28Z,77.0,65.86,52798419000134,MARIA J FERREIRA FILHA LTDA,UNIVERSO TINTAS,Antares,MACEIO
TINTA,7891019169368,"TINTA ACR FOS 3,6L AM FREVO CORALAR CORAL","TINTA PARA PAREDE ACRILICA CORAL CORALAR 3,6 L AMARELO FREVO",7891019169368,32091010,83000000,GL,2026-09-11T20:41:20Z,65.9,65.9,03656804000131,CARAJAS MATERIAL DE CONSTRUCAO LTDA,CARAJAS CONSTRUCAO,TABULEIRO DOS MARTINS,MACEIO
TINTA,01655,"ESMALTE PREMIUM CORALIT ANTIFERRUGEM CINZA BRILHANTE 0,9L CORAL","TINTA ESM BR 0,9L CORALIT ANTIF CZ CORAL LT0001LT",7891019173440,32089010,83000000,LT,2026-09-12T11:15:08Z,67.5,67.31,12270435000992,L. JARDIM & CIA LTDA,Casas Jardim,TABULEIRO DO MARTINS,MACEIO
TINTA,01655,"ESMALTE PREMIUM CORALIT ANTIFERRUGEM CINZA BRILHANTE 0,9L CORAL","TINTA ESM BR 0,9L CORALIT ANTIF CZ CORAL LT0001LT",7891019173440,32089010,83000000,LT,2026-09-10T19:19:39Z,75.0,67.41,12270435000801,L. JARDIM & CIA LTDA,Casas Jardim,PAJUCARA,MACEIO
TINTA,6566,"TINTA RENDE PLUS STANDARD 3,6L AZ OCEANO","NACOR TINTA ACRILICA STANDARD GA 3,6 LTS COR 000007-AZUL OCEANO",7899173407227,32091010,83000000,UN,2026-09-09T10:41:59Z,74.99,67.5,70015672000156,ENCONTRO DO SOL HOME CENTER LTDA,ENCONTRO DO SOL HOME CENTER,TABULEIRO DO MARTINS,MACEIO
TINTA,01654,"ESMALTE PREMIUM CORALIT ANTIFERRUGEM PRETO BRILHANTE 0,9L CORAL","TINTA ESM BR 0,9L CORALIT ANTIF PT CORAL PC0001PC",7891019173372,32089010,83000000,LT,2026-09-11T11:56:39Z,67.5,67.5,12270435000640,L. JARDIM & CIA LTDA,Casas Jardim,JATIUCA,MACEIO
TINTA,01655,"ESMALTE PREMIUM CORALIT ANTIFERRUGEM CINZA BRILHANTE 0,9L CORAL","TINTA ESM BR 0,9L CORALIT ANTIF CZ CORAL LT0001LT",7891019173440,32089010,83000000,LT,2026-09-14T17:50:05Z,75.0,67.5,12270435001026,L. JARDIM & CIA LTDA,Casas Jardim,FAROL,MACEIO
TINTA,01654,"ESMALTE PREMIUM CORALIT ANTIFERRUGEM PRETO BRILHANTE 0,9L CORAL","TINTA ESM BR 0,9L CORALIT ANTIF PT CORAL PC0001PC",7891019173372,32089010,83000000,LT,2026-09-14T11:29:05Z,75.0,67.56,12270435001026,L. JARDIM & CIA LTDA,Casas Jardim,FAROL,MACEIO
TINTA,7891019176120,"TINTA ACR FOS 3,6L BR NEVE CORALAR CORAL",,0,32091010,83000000,GL,2026-09-16T20:07:51Z,67.9,67.9,03656804000131,CARAJAS MATERIAL DE CONSTRUCAO LTDA,CARAJAS CONSTRUCAO,TABULEIRO DOS MARTINS,MACEIO
TINTA,7891019176120,"TINTA ACR FOS 3,6L BR NEVE CORALAR CORAL","TINTA PARA PAREDE ACRILICA CORAL CORALAR 3,6L BRANCO",7891019176120,32091010,83000000,GL,2026-09-16T11:45:14Z,67.9,67.9,03656804000131,CARAJAS MATERIAL DE CONSTRUCAO LTDA,CARAJAS CONSTRUCAO,TABULEIRO DOS MARTINS,MACEIO
TINTA,7891019176120,"TINTA ACR FOS 3,6L BR NEVE CORALAR CORAL",,0,32091010,83000000,GL,2026-09-16T21:26:15Z,67.9,67.9,03656804002428,CARAJAS MATERIAL DE CONSTRUCAO LTDA,CARAJAS CONSTRUCAO,MANGABEIRAS,MACEIO
TINTA,7891019176120,"TINTA ACR FOS 3,6L BR NEVE CORALAR CORAL","TINTA PARA PAREDE ACRILICA CORAL CORALAR 3,6L BRANCO",7891019176120,32091010,83000000,GL,2026-09-16T18:11:53Z,67.9,67.9,03656804002428,CARAJAS MATERIAL DE CONSTRUCAO LTDA,CARAJAS CONSTRUCAO,MANGABEIRAS,MACEIO
TINTA,06888,"TINTA PISO PREMIUM HPISO PRETO 3,6L HIDRACOR",HPISO TINTA PISO PRETO GAL HIDRACOR,7897144710048,32091010,83000000,GL,2026-09-11T18:01:46Z,76.0,68.0,12270435000801,L. JARDIM & CIA LTDA,Casas Jardim,PAJUCARA,MACEIO
TINTA,09931,"TINTA PISO PREMIUM HPISO CINZA ESCURO 3,6L HIDRACOR","HPISO CINZA ESCURO 3,6L",7897144025708,32091010,83000000,GL,2026-09-10T11:06:33Z,76.0,68.0,12270435000640,L. JARDIM & CIA LTDA,Casas Jardim,JATIUCA,MACEIO
TINTA,4948,"TINTA PISO BRANCO 3,6L MIRAPISO MIRACOR",,0,32091010,83000000,GL,2026-09-08T20:13:10Z,68.0,68.0,13712926000151,M F DE BARROS,CONSTRUCOES BARROS,CLIMA BOM,MACEIO
TINTA,06885,"TINTA PISO PREMIUM HPISO CINZA 3,6L HIDRACOR",HPISO TINTA PISO CINZA GAL HIDRACOR,7897144038128,32091010,83000000,GL,2026-09-12T14:17:24Z,68.4,68.0,12270435000640,L. JARDIM & CIA LTDA,Casas Jardim,JATIUCA,MACEIO
TINTA,7214,"TINTA PISO PRETO GL 3,0L- MIL",,618341748194,32091010,83000000,UN,2026-09-09T17:17:31Z,68.0,68.0,23959130000151,ELINEIDE SANTOS NASCIMENTO - ME,CASA NASCIMENTO,JACINTINHO,MACEIO
TINTA,0029000033,TINTA SOLV BRANCO DUPLA FUN KG,,0,32089010,83000000,UN,2026-09-10T14:28:41Z,68.1332,68.135,17235267000160,E O BEZERRA LTDA,CMF,FAROL,MACEIO
TINTA,06890,"TINTA PISO PREMIUM HPISO CONCRETO 3,6L HIDRACOR",HPISO TINTA PISO CONCRETO GAL HIDRACOR,7897144038142,32091010,83000000,GL,2026-09-08T19:19:58Z,68.4,68.15,12270435001026,L. JARDIM & CIA LTDA,Casas Jardim,FAROL,MACEIO
TINTA,7891019138609,"TINTA ACR FOS 3,6L CAMURCA CORALAR CORAL",,0,32091010,83000000,GL,2026-09-11T16:00:17Z,71.9,68.15,03656804000131,CARAJAS MATERIAL DE CONSTRUCAO LTDA,CARAJAS CONSTRUCAO,TABULEIRO DOS MARTINS,MACEIO
TINTA,04822,"ESMALTE BASE AGUA PREMIUM COR E PROTECAO PRETO BRILHANTE 0,9L SUVINIL",TINTA ESMT. SINT. SUVINIL KG PRETO BASE AGUA SEC RAPIDO,7891260259344,32091010,83000000,LT,2026-09-14T11:21:54Z,76.0,68.18,12270435000801,L. JARDIM & CIA LTDA,Casas Jardim,PAJUCARA,MACEIO
TINTA,06882,"TINTA PISO PREMIUM HPISO BRANCO 3,6L HIDRACOR",HPISO TINTA PISO BRANCO GAL HIDRACOR,7897144038098,32091010,83000000,GL,2026-09-15T12:48:13Z,68.4,68.4,12270435000720,L. JARDIM & CIA LTDA,CASA JARDIM,BARRO DURO,MACEIO
TINTA,06883,"TINTA PISO PREMIUM HPISO AZUL 3,6L HIDRACOR",HPISO TINTA PISO AZUL GAL HIDRACOR,7897144709967,32091010,83000000,GL,2026-09-09T11:17:39Z,76.0,68.4,12270435000135,L. JARDIM & CIA LTDA,Casas Jardim,CENTRO,MACEIO
TINTA,09931,"TINTA PISO PREMIUM HPISO CINZA ESCURO 3,6L HIDRACOR","HPISO CINZA ESCURO 3,6L",7897144025708,32091010,83000000,GL,2026-09-15T13:31:39Z,68.4,68.4,12270435000992,L. JARDIM & CIA LTDA,Casas Jardim,TABULEIRO DO MARTINS,MACEIO
TINTA,04658,"ESMALTE BASE AGUA PREMIUM COR E PROTECAO TABACO BRILHANTE 0,9L SUVINIL",SUVINIL SEC RAP EB BASE AGUA TABACO 1/4 TINTA P SR ZEZINHO.,7891260251683,32091010,83000000,LT,2026-09-11T17:21:30Z,68.4,68.4,12270435000640,L. JARDIM & CIA LTDA,Casas Jardim,JATIUCA,MACEIO
TINTA,09931,"TINTA PISO PREMIUM HPISO CINZA ESCURO 3,6L HIDRACOR","HPISO CINZA ESCURO 3,6L",7897144025708,32091010,83000000,GL,2026-09-08T18:01:42Z,68.4,68.4,12270435000720,L. JARDIM & CIA LTDA,CASA JARDIM,BARRO DURO,MACEIO
TINTA,87759133,Esm Sint Ab Coralit,"TINTA ESM BR 0,9L CORALIT ZR PLAT CORAL LT0001LT",7891019165087,32091010,83000000,UN,2026-09-16T17:24:10Z,73.3,68.9,01438784005590,LEROY MERLIN COMPANHIA BRASILEIRA DE BRICOLAGEM,,CRUZ DAS ALMAS,MACEIO
TINTA,91917056,Tinta Eco f br 3 6lLuxens,,7896587047124,32091010,83000000,UN,2026-09-14T22:21:22Z,73.3,68.9,01438784005590,LEROY MERLIN COMPANHIA BRASILEIRA DE BRICOLAGEM,,CRUZ DAS ALMAS,MACEIO
TINTA,3276007449112,Tinta eco int fos gelo 36l luxens            De7330 Por6890,,0,32091010,83000000,UN,2026-09-11T18:31:36Z,73.3,68.9,01438784005590,LEROY MERLIN COMPANHIA BRASILEIRA DE BRICOLAGEM,,CRUZ DAS ALMAS,MACEIO
TINTA,10888,"TINTA ESM FC 0,75L DIALINE SEC PT IQUINE",,7892948054046,32081010,83000000,UN,2026-09-15T17:08:53Z,68.9,68.9,35249960000174,J F ATAIDE FILHO - ME,J F MATERIAIS DE CONSTRUCAO,TAB DOS MARTINS,MACEIO
TINTA,3276007449105,Tinta eco int fos branca 36l luxens          De7330 Por6892,,0,32091010,83000000,UN,2026-09-16T21:02:58Z,73.3,68.92,01438784005590,LEROY MERLIN COMPANHIA BRASILEIRA DE BRICOLAGEM,,CRUZ DAS ALMAS,MACEIO
TINTA,3502,PU BRANCO ARTICO. FORD - SKY,"TINTA SKYLACK PU BRANCO ARTICO III FORD 98 LT.0,675L-CX6",7899494508764,32081010,83000000,MR,2026-09-10T14:37:13Z,83.0,69.08,11749321000100,M M DA S SANTOS - EPP,UNIVERSO TINTAS,CLIMA BOM,MACEIO
TINTA,7891019906826,TINTA ACR FOSC BASE P 800ML DECORA MATTE CORAL,VERDE PRIMAVERA - RM VERDE PRIMAVERA DECORA MATTE FO P LT RM621,7891019906826,32091010,83000000,UN,2026-09-16T21:03:09Z,69.19,69.19,03656804002428,CARAJAS MATERIAL DE CONSTRUCAO LTDA,CARAJAS CONSTRUCAO,MANGABEIRAS,MACEIO
TINTA,05524,"TINTA ACR STANDARD CORALAR + RESISTENTE BRANCO FOSCO 3,6L CORAL","TINTA ACRI EXT COR DUO 3 6L BR CORAL GL C/3,6L",7891019176366,32091010,83000000,GL,2026-09-10T11:48:38Z,69.6,69.6,12270435000640,L. JARDIM & CIA LTDA,Casas Jardim,JATIUCA,MACEIO
TINTA,996,KIT BRANCO CRISTAL PU VW 99 - SKYLACK,"TINTA SKYLACK PU BRANCO CRISTAL II VW 99 0,675L",7899494502878,32089010,83000000,PC,2026-09-09T20:30:05Z,83.0,69.81,11749321000100,M M DA S SANTOS - EPP,UNIVERSO TINTAS,CLIMA BOM,MACEIO
TINTA,0000000005039,TINTA LUXPISO AMARELO DEMARCACAO 3 L LUX,,7908147600158,32081010,83000000,UN,2026-09-10T19:12:13Z,69.9,69.9,13234526000188,FLAVIO BASILIO DE ALMEIDA,COMERCIAL BASILIO,CLIMA BOM,MACEIO
TINTA,7892948057757,"TINTA ACR ACABA MOFO BR NEVE 3,6L IQUINE",,7892948057757,32091010,83000000,UN,2026-09-11T22:35:12Z,69.9,69.9,03656804002428,CARAJAS MATERIAL DE CONSTRUCAO LTDA,CARAJAS CONSTRUCAO,MANGABEIRAS,MACEIO
TINTA,7892948057757,"TINTA ACR ACABA MOFO BR NEVE 3,6L IQUINE",,0,32091010,83000000,UN,2026-09-13T00:04:54Z,69.9,69.9,03656804002428,CARAJAS MATERIAL DE CONSTRUCAO LTDA,CARAJAS CONSTRUCAO,MANGABEIRAS,MACEIO
TINTA,7892948057757,"TINTA ACR ACABA MOFO BR NEVE 3,6L IQUINE",,7892948057757,32091010,83000000,UN,2026-09-14T19:21:31Z,69.9,69.9,03656804000131,CARAJAS MATERIAL DE CONSTRUCAO LTDA,CARAJAS CONSTRUCAO,TABULEIRO DOS MARTINS,MACEIO
TINTA,3134,5155 TINTA CINZA INTERNA BD 15L,,618341747463,32091010,83000000,BD,2026-09-15T14:55:13Z,79.9,69.9,42772381000177,RAMOS BRASIL PERFIL LTDA,PRIME CONSTRUCOES,CIDADE UNIVERSITARIA,MACEIO
TINTA,3118,5132 TINTA BRANCO GELO INTERNO BD 15L,,618341747234,32091010,83000000,BD,2026-09-15T15:10:33Z,69.9,69.9,42772381000177,RAMOS BRASIL PERFIL LTDA,PRIME CONSTRUCOES,CIDADE UNIVERSITARIA,MACEIO
TINTA,54997,"TINTA ACR.F.M.FACIL BR NEVE 3,6L GLASU",,7891260545881,32091010,83000000,UN,2026-09-13T15:00:33Z,69.99,69.99,70015672000156,ENCONTRO DO SOL HOME CENTER LTDA,ENCONTRO DO SOL HOME CENTER,TABULEIRO DO MARTINS,MACEIO
TINTA,891675,"TINTA ACR FC 3,6L CORALAR DES BR CORAL","TINTA PARA PAREDE ACRILICA CORAL CORALAR 3,6L BRANCO",7891019176120,32091010,83000000,GL,2026-09-14T17:23:42Z,69.99,69.99,00279531000670,TUPAN CONSTRUCOES LTDA,,JARDIM PETROPOLIS,MACEIO
TINTA,24888,"TINTA ESM BR 0,9L CERAMICA CORAL LT0001LT",TINTA EMBELEZA CERAMICA 900ML CORAL 1X900MLAKZONOBEL,7891019201631,32089010,83000000,LT,2026-09-10T17:10:12Z,69.99,69.99,00279531000670,TUPAN CONSTRUCOES LTDA,,JARDIM PETROPOLIS,MACEIO
TINTA,61841,"TINTA ACR FC 3,6L CORALAR +DES PALH CORA GL0001GL","TINTA PARA PAREDE ACRILICA CORAL CORALAR 3,6 L PALHA",7891019138661,32091010,83000000,GL,2026-09-09T15:20:21Z,69.99,69.99,00279531000670,TUPAN CONSTRUCOES LTDA,,JARDIM PETROPOLIS,MACEIO
TINTA,4614,TINTA ACR PISO CINZA CLARO 3L - MEGAO,,7898701774381,32091010,83000000,UN,2026-09-15T13:28:39Z,69.99,69.99,66362871000163,COMÉRCIO DAS TINTAS LTDA,CENTRAL DAS TINTAS,Tabuleiro do Martins,MACEIO
TINTA,61843,"TINTA ACR FC 3,6L CORALAR +DES AREIA COR GL0001GL","TINTA PARA PAREDE ACRILICA CORAL CORALAR 3,6 L AREIA",7891019138647,32091010,83000000,GL,2026-09-16T15:18:35Z,69.99,69.99,00279531000670,TUPAN CONSTRUCOES LTDA,,JARDIM PETROPOLIS,MACEIO
TINTA,61847,"TINTA ACR FC 3,6L CORALAR +DES CAMUR COR GL0001GL","TINTA PARA PAREDE ACRILICA CORAL CORALAR 3,6L CAMURCA",7891019138609,32091010,83000000,GL,2026-09-08T20:14:18Z,69.99,69.99,00279531000670,TUPAN CONSTRUCOES LTDA,,JARDIM PETROPOLIS,MACEIO
TINTA,992137,"TINTA ACR FC 3,6L CORALAR +DES DIA NUB GL0004GL",,7891019922123,32091010,83000000,GL,2026-09-14T21:00:45Z,69.99,69.99,00279531000670,TUPAN CONSTRUCOES LTDA,,JARDIM PETROPOLIS,MACEIO
TINTA,92043,"TINTA ACR FC 3,6L CORALAR +DES VD/KW COR GL0001GL","TINTA PARA PAREDE ACRILICA CORAL CORALAR 3,6L VERDE KIWI",7891019169528,32091010,83000000,GL,2026-09-16T15:18:35Z,69.99,69.99,00279531000670,TUPAN CONSTRUCOES LTDA,,JARDIM PETROPOLIS,MACEIO
TINTA,61842,"TINTA ACR FC 3,6L CORALAR +DES MF CORAL GL0001GL","TINTA CORALAR ACRILICA MARFIM 3.6L CORAL 1X3,6L CORAL",7891019138623,32091010,83000000,GL,2026-09-11T12:36:55Z,69.99,69.99,00279531000670,TUPAN CONSTRUCOES LTDA,,JARDIM PETROPOLIS,MACEIO
TINTA,1122,MASSA CORRIDA HIDROTINTAS 22KG,,0,32141020,83000000,UND,2026-09-12T15:10:23Z,77.0,70.0,09177795000263,LOJA DAS VARIEDADES COMERCIO DE FERRAMENTAS E FERRAGENS LTDA,LOJA DAS VARIEDADES,POCO,MACEIO
TINTA,167,KIT BRANCO ARTICO PU FORD SKYLACK,"TINTA SKYLACK PU BRANCO ARTICO III FORD 98 LT.0,675L-CX6",7899494508764,32089010,83000000,UN,2026-09-08T18:56:36Z,83.0,70.0,52798419000134,MARIA J FERREIRA FILHA LTDA,UNIVERSO TINTAS,Antares,MACEIO
TINTA,196,KIT BRANCO CRISTAL II PU VW SKYLACK,"TINTA SKYLACK PU BRANCO CRISTAL II VW 99 0,675L",7899494502878,32089010,83000000,UN,2026-09-15T20:44:23Z,70.0,70.0,52798419000134,MARIA J FERREIRA FILHA LTDA,UNIVERSO TINTAS,Antares,MACEIO
TINTA,5345,"TINTA PISO CINZA MEDIO 3,6L MIRAPISO MIRACOR",,0,32091010,83000000,GL,2026-09-12T14:26:28Z,70.0,70.0,49850828000128,CONSTRUCAR MATERIAL DE CONSTRUCAO LTDA,,Jacintinho,MACEIO
TINTA,10814,SPRAY CGIN PLASTICO PRETO FOSCO (1511) 350ML COLORGIN,TINTA SPRAY PT FOSCO 350ML PLASTICO COLORGIN,7891494015112,32082019,83000000,UND,2026-09-09T14:44:22Z,79.0,70.0,12270435000135,L. JARDIM & CIA LTDA,Casas Jardim,CENTRO,MACEIO
TINTA,06344,PRETO - RM PRETO - RM DECORA SEDA ACETINADO (NOVO) T LT RM008,"TINTA BASE ACR AC LT0,8L ACAB SEDA T 993 LT0001LT - VERMELHO CARDINAL -",7891019177042,32091010,83000000,UN,2026-09-10T15:52:24Z,78.2317,70.0,12270435000640,L. JARDIM & CIA LTDA,Casas Jardim,JATIUCA,MACEIO
TINTA,346,TINTA LATEX 18KG BR GELO LUCRILAR,,0,32141020,83000000,BD,2026-09-10T18:16:54Z,109.99,70.0,05383376000146,M. DE L. CUSTODIO DE CARVALHO LTDA,,ANTARES,MACEIO
TINTA,362960,HIDROTINTAS ESM MAXLIT AB 3L CZ MEDIO UN,,7899010487580,32081010,83000000,UN,2026-09-12T16:05:44Z,94.899999,70.0,03555402000140,PARAGOMINAS HOME CENTER LTDA,PARAGOMINAS HOME CENTER,SANTOS DUMONT,MACEIO
TINTA,10814,SPRAY CGIN PLASTICO PRETO FOSCO (1511) 350ML COLORGIN,TINTA SPRAY PT FOSCO 350ML PLASTICO COLORGIN,7891494015112,32082019,83000000,UND,2026-09-08T16:27:44Z,79.0,70.0,12270435000801,L. JARDIM & CIA LTDA,Casas Jardim,PAJUCARA,MACEIO
TINTA,211760,KIT BRANCO GEADA SKYLAC,"TINTA SKYLACK PU BRANCO GEADA VW 95 0,675L",7898910510947,32081010,83000000,UND,2026-09-15T17:08:02Z,83.0,70.23,11749321000100,M M DA S SANTOS - EPP,UNIVERSO TINTAS,CLIMA BOM,MACEIO
TINTA,3360,KIT PRETO LISZT PU GM 94 SKYLACK 900ML,"TINTA SKYLACK PU PRETO LISZT GM 94 0,675L",7899494505138,32089010,83000000,UN,2026-09-16T12:06:13Z,83.0,70.91,52798419000134,MARIA J FERREIRA FILHA LTDA,UNIVERSO TINTAS,Antares,MACEIO
TINTA,10788,"TINTA ACR PREMIUM TOQUE SEDA BRANCO ACETINADO 0,9L SUVINIL",,7891260563120,32091010,83000000,LT,2026-09-15T13:16:40Z,71.0,71.0,12270435000640,L. JARDIM & CIA LTDA,Casas Jardim,JATIUCA,MACEIO
TINTA,1853,PU BRANCO PURO 900ML -SKYLACK,"TINTA SKYLACK PU BRANCO PURO 0,675L",7898453800598,32081010,83000000,MR,2026-09-16T14:19:28Z,83.0,71.05714285714286,11749321000100,M M DA S SANTOS - EPP,UNIVERSO TINTAS,CLIMA BOM,MACEIO
TINTA,10814,SPRAY CGIN PLASTICO PRETO FOSCO (1511) 350ML COLORGIN,TINTA SPRAY PT FOSCO 350ML PLASTICO COLORGIN,7891494015112,32082019,83000000,UND,2026-09-08T14:11:48Z,71.1,71.1,12270435000992,L. JARDIM & CIA LTDA,Casas Jardim,TABULEIRO DO MARTINS,MACEIO
TINTA,10815,SPRAY CGIN PLASTICO BRANCO FOSCO (1520) 350ML COLORGIN,TINTA SPRAY BR FOSCO 350ML PLASTICO COLORGIN,7891494015204,32082019,83000000,UND,2026-09-11T14:02:28Z,71.1,71.1,12270435000992,L. JARDIM & CIA LTDA,Casas Jardim,TABULEIRO DO MARTINS,MACEIO
TINTA,2550,TINTA INT. ECONOMICA 15L BRANCO NEVE ARACOR 45,,0,32091010,83000000,BL,2026-09-09T12:47:19Z,79.0,71.64,10264955000100,JESIVAN FERREIRA DE LIMA - ME,AQUI TEM MAIS,VERGEL DO LAGO,MACEIO
TINTA,7891019138647,"TINTA ACR FOS 3,6L AREIA CORALAR CORAL",,0,32091010,83000000,GL,2026-09-16T19:56:05Z,71.9,71.9,03656804000131,CARAJAS MATERIAL DE CONSTRUCAO LTDA,CARAJAS CONSTRUCAO,TABULEIRO DOS MARTINS,MACEIO
TINTA,7891019138661,"TINTA ACR FOS 3,6L PALHA CORALAR CORAL",,0,32091010,83000000,GL,2026-09-14T23:54:37Z,71.9,71.9,03656804000131,CARAJAS MATERIAL DE CONSTRUCAO LTDA,CARAJAS CONSTRUCAO,TABULEIRO DOS MARTINS,MACEIO
TINTA,7891019138661,"TINTA ACR FOS 3,6L PALHA CORALAR CORAL","TINTA PARA PAREDE ACRILICA CORAL CORALAR 3,6 L PALHA",7891019138661,32091010,83000000,GL,2026-09-12T17:31:11Z,71.9,71.9,03656804000131,CARAJAS MATERIAL DE CONSTRUCAO LTDA,CARAJAS CONSTRUCAO,TABULEIRO DOS MARTINS,MACEIO
TINTA,7891019169504,"TINTA ACR FOS 3,6L OCEANO CORALAR CORAL",,0,32091010,83000000,GL,2026-09-08T14:30:29Z,71.9,71.9,03656804000131,CARAJAS MATERIAL DE CONSTRUCAO LTDA,CARAJAS CONSTRUCAO,TABULEIRO DOS MARTINS,MACEIO
TINTA,7891019169528,"TINTA ACR FOS 3,6L VD KIWI CORALAR CORAL",,0,32091010,83000000,GL,2026-09-16T18:21:45Z,71.9,71.9,03656804000131,CARAJAS MATERIAL DE CONSTRUCAO LTDA,CARAJAS CONSTRUCAO,TABULEIRO DOS MARTINS,MACEIO
TINTA,7891019922123,"TINTA ACR MAIS DES DIA NUBLADO 3,6L CORALAR CORAL",,0,32091010,83000000,UN,2026-09-11T17:22:05Z,71.9,71.9,03656804000131,CARAJAS MATERIAL DE CONSTRUCAO LTDA,CARAJAS CONSTRUCAO,TABULEIRO DOS MARTINS,MACEIO
TINTA,40073,"IQUINE DIATEX 3,6L AREIA UN","TINTA DIATEX ACRIL AREIA 3,6L IQUI 1X3,6L IQUINE",7892948003662,32091010,83000000,GL,2026-09-13T13:11:37Z,71.9,71.9,03555402000140,PARAGOMINAS HOME CENTER LTDA,PARAGOMINAS HOME CENTER,SANTOS DUMONT,MACEIO
TINTA,353278,"IQUINE DIATEX 3,6L CAJU UN","TINTA DIATEX PINTA MAIS CAJU 3,6L IQUINE",7892948045044,32091010,83000000,UN,2026-09-11T14:55:52Z,71.9,71.9,03555402000655,PARAGOMINAS HOME CENTER LTDA,PARAGOMINAS ANTARES,ANTARES,MACEIO
TINTA,7891019169528,"TINTA ACR FOS 3,6L VD KIWI CORALAR CORAL",,0,32091010,83000000,GL,2026-09-13T15:33:50Z,71.9,71.9,03656804002428,CARAJAS MATERIAL DE CONSTRUCAO LTDA,CARAJAS CONSTRUCAO,MANGABEIRAS,MACEIO
TINTA,7891019162529,"TINTA ACR FOS 3,6L VD VALE CORALAR CORAL",,0,32091010,83000000,GL,2026-09-10T18:29:31Z,71.9,71.9,03656804002428,CARAJAS MATERIAL DE CONSTRUCAO LTDA,CARAJAS CONSTRUCAO,MANGABEIRAS,MACEIO
TINTA,7891019138609,"TINTA ACR FOS 3,6L CAMURCA CORALAR CORAL",,0,32091010,83000000,GL,2026-09-14T23:19:59Z,71.9,71.9,03656804002428,CARAJAS MATERIAL DE CONSTRUCAO LTDA,CARAJAS CONSTRUCAO,MANGABEIRAS,MACEIO
TINTA,6568,"TINTA RENDE PLUS STANDARD 3,6L PALHA IB","NACOR TINTA ACRILICA STANDARD GA 3,6 LTS COR 000020-MARFIM",7899173400709,32091010,83000000,UN,2026-09-09T18:28:09Z,74.99,71.99,70015672000156,ENCONTRO DO SOL HOME CENTER LTDA,ENCONTRO DO SOL HOME CENTER,TABULEIRO DO MARTINS,MACEIO
TINTA,51001,"TINTA EXT STANDARD 3,6L PINK IBRATIN",,0,32091010,83000000,UN,2026-09-13T12:25:55Z,74.99,72.07,70015672000156,ENCONTRO DO SOL HOME CENTER LTDA,ENCONTRO DO SOL HOME CENTER,TABULEIRO DO MARTINS,MACEIO
TINTA,05978,BEGE ETERNO 10YY 75/084 DECORA SEDA ACETINADO (NOVO) P LT 5044,"TINTA BASE ACR AC LT0,8L ACAB SEDA P 990 LT0001LT - ALGODAO EGIPCIO - SU",7891019177035,32091010,83000000,UN,2026-09-12T12:26:01Z,72.2129,72.215,12270435000720,L. JARDIM & CIA LTDA,CASA JARDIM,BARRO DURO,MACEIO
TINTA,05978,PILAR 40YY 67/087 DECORA SEDA ACETINADO (NOVO) P LT 5404,"TINTA BASE ACR AC LT0,8L ACAB SEDA P 990 LT0001LT - ALGODAO EGIPCIO - SU",7891019177035,32091010,83000000,UN,2026-09-10T20:00:20Z,81.0077,72.92,12270435001026,L. JARDIM & CIA LTDA,Casas Jardim,FAROL,MACEIO
TINTA,7891019201631,TINTA CERAMICA 900ML EMBELEZA CERAMICA CORAL,,0,32089010,83000000,LT,2026-09-10T16:22:26Z,75.9,73.62,03656804002428,CARAJAS MATERIAL DE CONSTRUCAO LTDA,CARAJAS CONSTRUCAO,MANGABEIRAS,MACEIO
TINTA,06369,"TINTA PISO AZUL 3,6L MIRAPISO MIRACOR",,9999900033366,32091010,83000000,GL,2026-09-11T13:26:34Z,73.75,73.75,09326760001059,CASA DAS TINTAS LTDA,CASA DAS TINTAS,TABULEIRO DO MARTINS,MACEIO
TINTA,06081,"TINTA PISO AMARELO DEMARCACAO 3,6L MIRAPISO MIRACOR",,9999900033410,32091010,83000000,GL,2026-09-09T13:04:50Z,73.75,73.75,09326760000400,CASA DAS TINTAS LTDA,,BARRO DURO,MACEIO
TINTA,11267,"TINTA IMPERMEA PREMIUM MACTRA VEDBEM PAREDE BRANCO FOSCO 3,6KG CORAL",,7897866455616,32091010,83000000,GL,2026-09-12T12:58:23Z,87.0,73.85,12270435000640,L. JARDIM & CIA LTDA,Casas Jardim,JATIUCA,MACEIO
TINTA,374506,"HIDRACOR HPISO 3,6L AZUL UN","TINTA HPISO HIDRACOR 3,6L AZUL",7897144009968,32091010,83000000,UN,2026-09-16T17:42:47Z,73.9,73.9,03555402000140,PARAGOMINAS HOME CENTER LTDA,PARAGOMINAS HOME CENTER,SANTOS DUMONT,MACEIO
TINTA,374502,"HIDRACOR HPISO 3,6L CONCRETO UN","TINTA HPISO 3,6L CONCRETO HIDRACOR",7897144010001,32091010,83000000,UN,2026-09-11T19:38:33Z,73.9,73.9,03555402000140,PARAGOMINAS HOME CENTER LTDA,PARAGOMINAS HOME CENTER,SANTOS DUMONT,MACEIO
TINTA,7891260560976,"TINTA ACR FOS 0,8L BASE C2 FOSCO COMPLETO SUVINIL",,0,32091010,83000000,UN,2026-09-16T01:16:38Z,77.63,73.91,03656804002428,CARAJAS MATERIAL DE CONSTRUCAO LTDA,CARAJAS CONSTRUCAO,MANGABEIRAS,MACEIO
TINTA,04694,"TINTA PISO CONCRETO 3,6L MIRAPISO MIRACOR",,9999900038767,32091010,83000000,GL,2026-09-08T16:39:36Z,74.0,74.0,09326760001059,CASA DAS TINTAS LTDA,CASA DAS TINTAS,TABULEIRO DO MARTINS,MACEIO
TINTA,9206,"TINTA CORAL BASE ESMALTE BRILHO 0,8L CORALIT BASE DAGUA T",,0,32091010,83000000,LT,2026-09-09T13:48:55Z,74.2,74.2,05251366000157,RONILDO DE OLIVEIRA LIMA  LTDA,COMERCIAL ESPERANCA,CENTRO,MACEIO
TINTA,3152,TINTA INT. ECONOMICA 15L MALVA ARACOR 53,,0,32091010,83000000,BL,2026-09-14T14:30:57Z,74.5,74.5,10264955000100,JESIVAN FERREIRA DE LIMA - ME,AQUI TEM MAIS,VERGEL DO LAGO,MACEIO
TINTA,03147,"BISCOITO DE LEITE ACR ACE BASE P 0,8L DECORA SEDA CORAL 40YY 74/056","TINTA BASE ACR AC LT0,8L ACAB SEDA P 990 LT0001LT - ALGODAO EGIPCIO - SU",7891019177035,32091010,83000000,1/4,2026-09-11T20:48:54Z,76.58,74.64,09326760000400,CASA DAS TINTAS LTDA,,BARRO DURO,MACEIO
TINTA,10730,"TINTA ACR PREMIUM TOQUE BRILHO BRANCO SEMI BRILHO 0,9L SUVINIL",,7891260563137,32091010,83000000,LT,2026-09-15T11:58:37Z,74.7,74.7,12270435000801,L. JARDIM & CIA LTDA,Casas Jardim,PAJUCARA,MACEIO
TINTA,10730,"TINTA ACR PREMIUM TOQUE BRILHO BRANCO SEMI BRILHO 0,9L SUVINIL",,7891260563137,32091010,83000000,LT,2026-09-12T14:04:39Z,83.0,74.77,12270435000135,L. JARDIM & CIA LTDA,Casas Jardim,CENTRO,MACEIO
TINTA,7891019177042,TINTA ACR AC 800ML BASE T DECORA SEDA CORAL,"TINTA BASE ACR AC LT0,8L ACAB SEDA T 993 LT0001LT - VERMELHO CARDINAL -",7891019177042,32091010,83000000,UN,2026-09-16T21:03:09Z,74.89,74.89,03656804002428,CARAJAS MATERIAL DE CONSTRUCAO LTDA,CARAJAS CONSTRUCAO,MANGABEIRAS,MACEIO
TINTA,968574,"TINTA ESM BR 0,9L DIALINE ANTIFER VM IQU",TINTA DIALINE ANTIFERRUGEM VERMELHO 900ML IQUINE,7892948048441,32081010,83000000,LT,2026-09-12T14:59:53Z,74.99,74.99,00279531000670,TUPAN CONSTRUCOES LTDA,,JARDIM PETROPOLIS,MACEIO
TINTA,6562,"TINTA RENDE PLUS STANDARD 3,6L BRANCO IB","NACOR TINTA ACRILICA STANDARD GA 3,6 LTS COR 000010-BRANCO",7899173400624,32091010,83000000,UN,2026-09-10T12:27:16Z,74.99,74.99,70015672000156,ENCONTRO DO SOL HOME CENTER LTDA,ENCONTRO DO SOL HOME CENTER,TABULEIRO DO MARTINS,MACEIO
TINTA,139,TINTA DANLAR BRANCO NEVE 15L,,0,32089010,83000000,UN,2026-09-11T18:50:36Z,75.0,75.0,47907752000102,COSTA ANDRADE MATERIAL DE CONSTRUÇÃO E VARIEDADES LTDA,COSTA ANDRADE MATERIAL DE CONSTRUCAO E VARIEDADES,BENEDITO BENTES,MACEIO
TINTA,7233,TINTA INT. ECONOMICA 15L PEROLA,,0,32091010,83000000,BD,2026-09-09T17:00:34Z,75.0,75.0,10264955000100,JESIVAN FERREIRA DE LIMA - ME,AQUI TEM MAIS,VERGEL DO LAGO,MACEIO
TINTA,13009,TINTA INTERNA ARACOR 15L BRANCO NEVE,,0,32091010,83000000,UN,2026-09-14T10:49:50Z,75.0,75.0,50510657000177,BAU DA CONSTRUCAO LTDA,FTN,LEVADA,MACEIO
TINTA,9217,"LUXPISO 3,0L AMARELO DEMARC TINTAS LUX",,7908147622068,32091010,83000000,UN,2026-09-15T17:28:52Z,79.95,75.0,02138293000101,J. A. DA SILVA MAT. DE CONSTRUCAO - ME,JH COMERCIAL,PRADO,MACEIO
TINTA,06035,"TINTA PISO VERMELHO SEGURANCA 3,6L MIRAPISO MIRACOR",,9999900053951,32091010,83000000,GL,2026-09-10T14:54:22Z,75.0,75.0,09326760000400,CASA DAS TINTAS LTDA,,BARRO DURO,MACEIO
TINTA,4920,MASSA CORRIDA BD 25KG LUX - TINTAS LUX,,7890000049207,32141020,83000000,UN,2026-09-14T20:29:24Z,75.0,75.0,35741347000170,D & R MATERIAIS DE CONSTRUCAO LTDA - ME,R & R CONSTRUCOES,RIO NOVO,MACEIO
TINTA,196,"PU BRANCO CRISTAL II VW 0,675ML -SKYLACK-","TINTA SKYLACK PU BRANCO CRISTAL II VW 99 0,675L",7899494502878,32081010,83000000,MR,2026-09-12T13:09:13Z,89.0,75.42875,11749321000100,M M DA S SANTOS - EPP,UNIVERSO TINTAS,CLIMA BOM,MACEIO
TINTA,1005,KIT BRANCO ARTICO FORD98 PU - SKYLACK,"TINTA SKYLACK PU BRANCO ARTICO III FORD 98 LT.0,675L-CX6",7899494508764,32089010,83000000,PC,2026-09-12T15:58:17Z,89.0,75.56666666666666,11749321000100,M M DA S SANTOS - EPP,UNIVERSO TINTAS,CLIMA BOM,MACEIO
TINTA,3278,NUANCE TINTAS BRANCO NEVE REALCOR 15L,,0,32081010,83000000,UN,2026-09-11T20:25:33Z,89.0,75.72,52798419000134,MARIA J FERREIRA FILHA LTDA,UNIVERSO TINTAS,Antares,MACEIO
TINTA,1576,LUCRILAR TINTA BRANCO NEV INT 18KG,,0,32141020,83000000,UN,2026-09-11T16:05:41Z,80.0,76.1,24309791000102,J & J SOARES MATERIAL DE CONSTRUÇÃO LTDA,,LEVADA,MACEIO
TINTA,3276007449624,Tinta std int fos calla 36l luxens           De9564 Por7651,,0,32091010,83000000,UN,2026-09-16T18:12:39Z,95.64,76.51,01438784005590,LEROY MERLIN COMPANHIA BRASILEIRA DE BRICOLAGEM,,CRUZ DAS ALMAS,MACEIO
TINTA,11093,"TINTA IMPERM 3,6KG VEDBEM PAREDE MACTRA",,7897866455616,32091010,83000000,GL,2026-09-08T19:29:28Z,77.86,77.0,09326760000400,CASA DAS TINTAS LTDA,,BARRO DURO,MACEIO
TINTA,7891260179116,Tinta Acril Fo Neve 09L Teto                 De17638 Por15480,,0,32091010,83000000,UN,2026-09-12T17:53:51Z,88.19,77.4,01438784005590,LEROY MERLIN COMPANHIA BRASILEIRA DE BRICOLAGEM,,CRUZ DAS ALMAS,MACEIO
TINTA,03147,"ONDA DO MAR - SUV ACR ACE BASE P 0,8L DECORA SEDA CORAL  SUV D 335","TINTA BASE ACR AC LT0,8L ACAB SEDA P 990 LT0001LT - ALGODAO EGIPCIO - SU",7891019177035,32091010,83000000,1/4,2026-09-10T11:45:07Z,78.2,77.76,09326760000168,CASA DAS TINTAS LTDA,CASA DAS TINTAS,POCO,MACEIO
TINTA,875928,"TINTA BASE ACR FC 3,2L DELANIL C IQUINE GL0001GL - BAIA DO SUESTE","TINTA BASE ACR FOS 3,2L DELANIL C IQUIN GL0001GL - LARANJA CITRICO",7892948029860,32091010,83000000,GL,2026-09-16T17:05:48Z,78.0,78.0,00279531000670,TUPAN CONSTRUCOES LTDA,,JARDIM PETROPOLIS,MACEIO
TINTA,05524,"TINTA ACR STANDARD CORALAR + RESISTENTE BRANCO FOSCO 3,6L CORAL","TINTA ACRI EXT COR DUO 3 6L BR CORAL GL C/3,6L",7891019176366,32091010,83000000,GL,2026-09-15T16:41:36Z,78.0,78.0,12270435001026,L. JARDIM & CIA LTDA,Casas Jardim,FAROL,MACEIO
TINTA,05524,"TINTA ACR STANDARD CORALAR + RESISTENTE BRANCO FOSCO 3,6L CORAL","TINTA ACRI EXT COR DUO 3 6L BR CORAL GL C/3,6L",7891019176366,32091010,83000000,GL,2026-09-10T16:32:14Z,78.3,78.3,12270435000135,L. JARDIM & CIA LTDA,Casas Jardim,CENTRO,MACEIO
TINTA,01293,"ESMALTE PREMIUM HAMMERITE PRETO BRILHANTE 0,8L CORAL","TINTA ESM BR 0,8L HAMMERITE PT CORAL LT0001LT",7891019208036,32089010,83000000,UN,2026-09-11T13:00:32Z,78.4,78.4,12270435000640,L. JARDIM & CIA LTDA,Casas Jardim,JATIUCA,MACEIO
TINTA,CFOP5405,ESMALTE SINTETICO MAXLIT 3L CREME HIDROTINTAS,,7899010487603,32081010,83000000,GL,2026-09-15T19:15:05Z,110.0,78.44,39679671000166,FABIO REGUEIRA COSTA BARBOSA LTDA,RAMOS CONSTRUCOES,CENTRO,MACEIO
TINTA,03147,"PICO DA NEBLINA ACR ACE BASE P 0,8L DECORA SEDA CORAL 90BG 42/106","TINTA BASE ACR AC LT0,8L ACAB SEDA P 990 LT0001LT - ALGODAO EGIPCIO - SU",7891019177035,32091010,83000000,1/4,2026-09-11T14:48:24Z,78.49,78.49,09326760000753,CASA DAS TINTAS LTDA,CASA DAS TINTAS,PONTA VERDE,MACEIO
TINTA,CFOP5405,TINTA ESMALTE 3L DELANIL BRANCO NEVE IQUINE,,7892948051236,32081010,83000000,GL,2026-09-14T18:37:49Z,110.0,78.63,39679671000166,FABIO REGUEIRA COSTA BARBOSA LTDA,RAMOS CONSTRUCOES,CENTRO,MACEIO
TINTA,7117,TINTA INT. ECONOMICA 15L BRANCO GELO,,0,32091010,83000000,LT,2026-09-16T13:25:58Z,79.0,79.0,10264955000100,JESIVAN FERREIRA DE LIMA - ME,AQUI TEM MAIS,VERGEL DO LAGO,MACEIO
TINTA,05716,"EPOXI TINTA BASE AGUA RENOVA AZULEJOS BRANCO BRILHANTE 0,9L CORAL",CORAL WANDEPOXY (RENOVA AZULEJOS)  BASE AGUA BRIL BRANCO 1/4,7891019176403,32091010,83000000,LT,2026-09-10T16:37:55Z,88.0,79.0,12270435000640,L. JARDIM & CIA LTDA,Casas Jardim,JATIUCA,MACEIO
TINTA,2174,TINTA INT ECONOMICA 15L BRANCO NEVE ARACOR 45,,0,32091010,83000000,UN,2026-09-12T15:24:16Z,88.0,79.0,15095388000129,CAIO ANDERSON DA SILVA MATERIAL DE CONSTRUÇÃO,,CENTRO,MACEIO
TINTA,05769,"ESM BRI PRETO 0,9L CORALIT ANTIFERRUGEM CORAL","TINTA ESM BR 0,9L CORALIT ANTIF PT CORAL PC0001PC",7891019173372,32089010,83000000,UN,2026-09-14T12:28:59Z,79.0,79.0,09326760000400,CASA DAS TINTAS LTDA,,BARRO DURO,MACEIO
TINTA,05716,"EPOXI TINTA BASE AGUA RENOVA AZULEJOS BRANCO BRILHANTE 0,9L CORAL",CORAL WANDEPOXY (RENOVA AZULEJOS)  BASE AGUA BRIL BRANCO 1/4,7891019176403,32091010,83000000,LT,2026-09-08T19:37:50Z,79.2,79.17,12270435000992,L. JARDIM & CIA LTDA,Casas Jardim,TABULEIRO DO MARTINS,MACEIO
TINTA,2629,TINTA INT. ECONOMICA 15L AMARELO CANARIO ARACOR 48,,0,32091010,83000000,BL,2026-09-15T20:13:49Z,79.5,79.5,10264955000100,JESIVAN FERREIRA DE LIMA - ME,AQUI TEM MAIS,VERGEL DO LAGO,MACEIO
TINTA,2675,TINTA INT. ECONOMICA 15L BRANCO GELO ARACOR 46,,0,32091010,83000000,BL,2026-09-10T20:08:04Z,79.5,79.5,10264955000100,JESIVAN FERREIRA DE LIMA - ME,AQUI TEM MAIS,VERGEL DO LAGO,MACEIO
TINTA,2631,TINTA INT. ECONOMICA 15LVERDE CITRICO ARACOR 47,,0,32091010,83000000,BL,2026-09-15T10:39:38Z,79.5,79.5,10264955000100,JESIVAN FERREIRA DE LIMA - ME,AQUI TEM MAIS,VERGEL DO LAGO,MACEIO
TINTA,7892948048847,"TINTA ACR FOS BASE M 3,2L SELA E PINTA IQUINE","BASE ""M"" P/TINTA 2 EM 1 GL SELA E PINTA IQUINE/ICORES",7892948048847,32091010,83000000,UN,2026-09-16T20:31:24Z,79.61,79.61,03656804000131,CARAJAS MATERIAL DE CONSTRUCAO LTDA,CARAJAS CONSTRUCAO,TABULEIRO DOS MARTINS,MACEIO
TINTA,012749,"TINTA ACR FC 3,2L RENOVA BR CORAL","TINTA ACRI EXT RENOVA FO BR 3 2L CORAL GL C/3,2L",7891019915217,32091010,83000000,UND,2026-09-14T20:10:20Z,80.0,79.73,14810475000158,MICHELLI PATRICIA DE ALBUQUERQUE - ME,MICHELLI CONSTRUCOES,CENTRO,MACEIO
TINTA,97,TINTA ALTA TEMPERATURA ALUMINIO 600 - MAZA,TINTA ALTA TEMPERATURA MAZA ALUMINIO 600C 900ML,7899228296400,32081010,83000000,MR,2026-09-10T14:38:26Z,95.0,79.74,11749321000100,M M DA S SANTOS - EPP,UNIVERSO TINTAS,CLIMA BOM,MACEIO
TINTA,1814,TINTA MIL BCO NEVE INT 15L,,618341747227,32091010,83000000,UND,2026-09-11T14:10:12Z,79.9,79.9,26715140000130,IMPERIO DO PISO COMERCIO DE MATERIAL DE CONSTRUCAO LTDA - EPP,IMPERIO DOS PISOS,BARRO DURO,MACEIO
TINTA,1820,TINTA MIL BCO GELO INT 15L,,0,32091010,83000000,UND,2026-09-11T14:15:41Z,79.9,79.9,26715140000130,IMPERIO DO PISO COMERCIO DE MATERIAL DE CONSTRUCAO LTDA - EPP,IMPERIO DOS PISOS,BARRO DURO,MACEIO
TINTA,40249,"IQUINE GALVOMAX 0,9L BRANCO FOSCO UN","GALVOMAX-GALVANIZADOS BCO FOSCO900ML -> COD.ONU: 1263 CL.RISCO: 3,0 GR.EMB: III TINTA CONTENDO SOLVENTE ORGANICO.",7892948008063,32081010,83000000,1/,2026-09-11T15:46:04Z,79.9,79.9,03555402000140,PARAGOMINAS HOME CENTER LTDA,PARAGOMINAS HOME CENTER,SANTOS DUMONT,MACEIO
TINTA,295739,TINTA ACR FC 15L HIPER D+ AREIA HIPERCOR BD0001BD,TINTA ACRILICA AREIA 15L HIPERCOR,7897144027535,32091010,83000000,BD,2026-09-12T16:16:39Z,79.99,79.99,00279531000670,TUPAN CONSTRUCOES LTDA,,JARDIM PETROPOLIS,MACEIO
TINTA,295738,TINTA ACR FC 15L HIPER D+ PALH HIPERCOR BD0001BD,HIPERCOR 15L PALHA ACR ECON,7897144027559,32091010,83000000,BD,2026-09-16T13:47:19Z,79.99,79.99,00279531000670,TUPAN CONSTRUCOES LTDA,,JARDIM PETROPOLIS,MACEIO
TINTA,984934,TINTA ACR FC 15 HIPER D+ MF HIPERCOR BD0001BD,HIPERCOR ECON MARFIM 15L,7897144027528,32091010,83000000,BD,2026-09-09T20:45:02Z,79.99,79.99,00279531000670,TUPAN CONSTRUCOES LTDA,,JARDIM PETROPOLIS,MACEIO
TINTA,984930,TINTA ACR FC 15L HIPER D+ BR/GL HIPERCOR BD0001BD,HIPERCOR ACRIL 15L BRANCO GELO UN,7897144027429,32091010,83000000,BD,2026-09-14T21:42:09Z,79.99,79.99,00279531000670,TUPAN CONSTRUCOES LTDA,,JARDIM PETROPOLIS,MACEIO
TINTA,295744,TINTA ACR FC 15L HIPER D VDAMAZ HIPERC,,7897144027474,32091010,83000000,BD,2026-09-16T15:27:58Z,79.99,79.99,00279531000670,TUPAN CONSTRUCOES LTDA,,JARDIM PETROPOLIS,MACEIO
TINTA,13830,GALVOMAX GALVANIZADOS BR FOSCO 900ML IQU,"GALVOMAX-GALVANIZADOS BCO FOSCO900ML -> COD.ONU: 1263 CL.RISCO: 3,0 GR.EMB: III TINTA CONTENDO SOLVENTE ORGANICO.",7892948008063,32081010,83000000,UN,2026-09-10T19:12:33Z,79.99,79.99,70015672000156,ENCONTRO DO SOL HOME CENTER LTDA,ENCONTRO DO SOL HOME CENTER,TABULEIRO DO MARTINS,MACEIO
TINTA,984929,TINTA ACR FC 15L HIPER D+ BR/NV HIPERCOR BD0001BD,HIDRACOR - ACRILICA ECONOMICA HIPERCOR BRANCO NEVE 15L,7897144027412,32091010,83000000,BD,2026-09-16T16:48:26Z,79.99,79.99,00279531000670,TUPAN CONSTRUCOES LTDA,,JARDIM PETROPOLIS,MACEIO
TINTA,295743,TINTA ACR FC 15L HIPER D+ VD/PM HIPERCOR BD0001BD,TINTA ACRILICA VD PRIMAVERA 15L HIPERCOR,7897144027467,32091010,83000000,BD,2026-09-13T12:31:04Z,79.99,79.99,00279531000670,TUPAN CONSTRUCOES LTDA,,JARDIM PETROPOLIS,MACEIO
TINTA,114,TINTA LATEX BR 18KG LUCRILAR,,0,32141020,83000000,BD,2026-09-12T12:42:19Z,109.99,79.99,55263918000115,M&S COMERCIO VAREJISTA LTDA,M&S COMERCIO VAREJISTA,Antares,MACEIO
TINTA,1510,TINTA ALTA TEMPERATURA PRETO FOSCO 900ML MAZA,,7899228213186,32089010,83000000,MR,2026-09-14T21:09:09Z,95.0,80.0,11749321000100,M M DA S SANTOS - EPP,UNIVERSO TINTAS,CLIMA BOM,MACEIO
TINTA,06519,"TINTA ACR STANDARD CORALAR + RESISTENTE AMARELO FREVO FOSCO 3,6L CORAL","TINTA PARA PAREDE VINIL ACRILICO CORAL DUO 3,6 L AMARELO FREVO",7891019176304,32091010,83000000,GL,2026-09-09T13:44:27Z,92.0,80.0,12270435000992,L. JARDIM & CIA LTDA,Casas Jardim,TABULEIRO DO MARTINS,MACEIO
TINTA,7898701770154,TINTA ACRILICA ECO 15L TINTAS MEGAO AMARELO MANGA,TINTA ACR ECONOMICA 15L AMARELO MANGA MEGAO,7898701770154,32091010,83000000,UN,2026-09-16T15:10:06Z,90.0,80.0,47907752000102,COSTA ANDRADE MATERIAL DE CONSTRUÇÃO E VARIEDADES LTDA,COSTA ANDRADE MATERIAL DE CONSTRUCAO E VARIEDADES,BENEDITO BENTES,MACEIO
TINTA,011900,"TINTA ACR FC 3,6L DECORA BR CORAL","TINTA ACR FO BR NEVE DECORA MATTE 3,6L CORAL",7891019907069,32141020,83000000,BD,2026-09-14T18:58:08Z,113.09,80.0,14810475000158,MICHELLI PATRICIA DE ALBUQUERQUE - ME,MICHELLI CONSTRUCOES,CENTRO,MACEIO
TINTA,017201,TINTA ACR FC 18L PINTA PISO PT CORAL,TINTA ACR FC 18L PINTA PISO PT CORAL LT0001LT,7891019145416,32091010,83000000,LT,2026-09-15T13:08:49Z,80.0,80.0,14810475000158,MICHELLI PATRICIA DE ALBUQUERQUE - ME,MICHELLI CONSTRUCOES,CENTRO,MACEIO
TINTA,3121,ACR INTERIOR FOSCO GELO 15L TINTAX,,9999900070699,32091010,83000000,UN,2026-09-08T13:13:44Z,85.0,80.0,18249861000173,J V DA CONCEICAO MACHADO - ME,JESSICA CONSTRUCOES,TABULEIRO DOS MARTINS,MACEIO
TINTA,1577,LUCRILAR TINTA BRANCO GELO INT 18KG,,0,32141020,83000000,UN,2026-09-15T17:22:36Z,80.0,80.0,24309791000102,J & J SOARES MATERIAL DE CONSTRUÇÃO LTDA,,LEVADA,MACEIO
TINTA,283,"Zarcao Cinza Gl/ Starlux 3,6l","ZANCAO CINZA STARLUX DE 3,6L",7898482121695,32081010,83000000,UN,2026-09-11T18:23:43Z,80.0,80.0,34532809000186,BOLINHA CONSTRUÇÕES LTDA,BOLINHA CONSTRUCOES,CENTRO,MACEIO
TINTA,2461,"TINTA PISO CHUMBO 3,6L",,0,32091010,83000000,UND,2026-09-10T18:04:36Z,80.0,80.0,30842782000177,DUDA TINTAS LTDA.,DUDA COLOR,JATIUCA,MACEIO
TINTA,07302,"TINTA ACR STANDARD CORALAR + RESISTENTE LRJ MARACATU FOSCO 3,6L CORAL","TINTA ACR. DUO LARANJA MARACATU 3,6L CORAL",7891019908042,32091010,83000000,GL,2026-09-09T13:44:27Z,92.0,80.0,12270435000992,L. JARDIM & CIA LTDA,Casas Jardim,TABULEIRO DO MARTINS,MACEIO
TINTA,33686,ESM SINT MAXLIT GL 3L BR HIDROTINTAS,,7899010487559,32081010,83000000,GL,2026-09-14T12:52:39Z,115.0,80.79,46907609000140,M S FEITOSA,M S CONSTRUCOES,PONTA GROSSA,MACEIO
TINTA,000035,TINTAX 15L BRANCO GELO,,9999900070699,32091010,83000000,UN,2026-09-12T12:10:20Z,104.0,80.85,28923975000100,KAROLINY B CARDOSO - ME,COMERCIAL KAROL,JACINTINHO,MACEIO
TINTA,1904,PU PRETO EBONY FORD SKY,TINTA PU PRETO EBONY .SKYLACK,7898453802486,32081010,83000000,MR,2026-09-14T19:32:03Z,95.0,81.13333333333334,11749321000100,M M DA S SANTOS - EPP,UNIVERSO TINTAS,CLIMA BOM,MACEIO
TINTA,2365,TINTA DANLAR INTERNA BRANCO NEVE 15L DANTEX,,0,32089010,83000000,UN,2026-09-14T16:10:44Z,95.55,81.38,56020708000169,J&F VAREJO DE MATERIAL DE CONSTRUÇÃO LTDA,,Benedito Bentes,MACEIO
TINTA,52144,"TINTA SEMI BRILHO 3,0L AREIA LUX",,7908147625496,32091010,83000000,GL,2026-09-16T13:51:43Z,84.99,81.59,70015672000156,ENCONTRO DO SOL HOME CENTER LTDA,ENCONTRO DO SOL HOME CENTER,TABULEIRO DO MARTINS,MACEIO
TINTA,7892948030033,"TINTA ACR FOSC 3,2L ACABA COM BASE M IQUINE","TINTA BASE ACR FC GL3,2L DIACRYL M IQU GL0001GL - PIQUENIQUE NO PARQUE",7892948030033,32091010,83000000,UN,2026-09-16T11:44:10Z,81.77,81.77,03656804000131,CARAJAS MATERIAL DE CONSTRUCAO LTDA,CARAJAS CONSTRUCAO,TABULEIRO DOS MARTINS,MACEIO
TINTA,7892948013777,"TINTA ACR FOSC 3,6L CZ ESCURO DIAPISO IQUINE","DIAPISO SUPER RESIST CZA ESCURO 3,6L -&GT PRODUTO NAO CLASSIFICADO COMO PERIGOSO PARA FINS DE TRANSPORTE.",7892948013777,32091010,83000000,GL,2026-09-09T19:50:33Z,81.9,81.9,03656804002428,CARAJAS MATERIAL DE CONSTRUCAO LTDA,CARAJAS CONSTRUCAO,MANGABEIRAS,MACEIO
TINTA,7892948013869,"TINTA ACR PISO 3,6L PT DIAPISO IQUINE",,0,32091010,83000000,GL,2026-09-12T18:35:29Z,81.9,81.9,03656804002428,CARAJAS MATERIAL DE CONSTRUCAO LTDA,CARAJAS CONSTRUCAO,MANGABEIRAS,MACEIO
TINTA,7892948013890,"TINTA ACR PISO 3,6L AZ PROFUNDO DIAPISO IQUINE",,0,32091010,83000000,GL,2026-09-13T18:44:57Z,81.9,81.9,03656804002428,CARAJAS MATERIAL DE CONSTRUCAO LTDA,CARAJAS CONSTRUCAO,MANGABEIRAS,MACEIO
TINTA,7892948017065,"TINTA ACR PISO 3,6L CERAMICA DIAPISO IQUINE",,0,32091010,83000000,GL,2026-09-10T22:46:37Z,81.9,81.9,03656804000131,CARAJAS MATERIAL DE CONSTRUCAO LTDA,CARAJAS CONSTRUCAO,TABULEIRO DOS MARTINS,MACEIO
TINTA,7892948013654,"TINTA ACR PISO 3,6L BR NEVE DIAPISO IQUINE",,0,32091010,83000000,GL,2026-09-16T12:37:34Z,81.9,81.9,03656804000131,CARAJAS MATERIAL DE CONSTRUCAO LTDA,CARAJAS CONSTRUCAO,TABULEIRO DOS MARTINS,MACEIO
TINTA,7892948013685,"TINTA ACR PISO 3,6L CZ MEDIO DIAPISO IQUINE",,0,32091010,83000000,GL,2026-09-10T22:32:40Z,81.9,81.9,03656804000131,CARAJAS MATERIAL DE CONSTRUCAO LTDA,CARAJAS CONSTRUCAO,TABULEIRO DOS MARTINS,MACEIO
TINTA,7892948013685,"TINTA ACR PISO 3,6L CZ MEDIO DIAPISO IQUINE","DIAPISO SUPER RESIST CZA MEDIO 3,6L -&GT PRODUTO NAO CLASSIFICADO COMO PERIGOSO PARA FINS DE TRANSPORTE.",7892948013685,32091010,83000000,GL,2026-09-13T15:15:30Z,81.9,81.9,03656804000131,CARAJAS MATERIAL DE CONSTRUCAO LTDA,CARAJAS CONSTRUCAO,TABULEIRO DOS MARTINS,MACEIO
TINTA,7892948013715,"TINTA ACR PISO 3,6L AM DEMARC DIAPISO IQUINE",,0,32091010,83000000,GL,2026-09-09T12:28:32Z,81.9,81.9,03656804000131,CARAJAS MATERIAL DE CONSTRUCAO LTDA,CARAJAS CONSTRUCAO,TABULEIRO DOS MARTINS,MACEIO
TINTA,7892948013746,"TINTA ACR PISO 3,6L CONCRETO DIAPISO IQUINE",,0,32091010,83000000,GL,2026-09-16T15:29:11Z,81.9,81.9,03656804000131,CARAJAS MATERIAL DE CONSTRUCAO LTDA,CARAJAS CONSTRUCAO,TABULEIRO DOS MARTINS,MACEIO
TINTA,7892948013746,"TINTA ACR PISO 3,6L CONCRETO DIAPISO IQUINE","DIAPISO SUPER RESIST CONCRETO 3,6L -> PRODUTO NAO CLASSIFICADO COMO PERIGOSO PARA FINS DE TRANSPORTE.",7892948013746,32091010,83000000,GL,2026-09-12T14:12:26Z,81.9,81.9,03656804000131,CARAJAS MATERIAL DE CONSTRUCAO LTDA,CARAJAS CONSTRUCAO,TABULEIRO DOS MARTINS,MACEIO
TINTA,7892948013807,"TINTA ACR PISO 3,6L VD FOLHA DIAPISO IQUINE",,0,32091010,83000000,GL,2026-09-13T11:29:03Z,81.9,81.9,03656804000131,CARAJAS MATERIAL DE CONSTRUCAO LTDA,CARAJAS CONSTRUCAO,TABULEIRO DOS MARTINS,MACEIO
TINTA,7892948013890,"TINTA ACR PISO 3,6L AZ PROFUNDO DIAPISO IQUINE",,0,32091010,83000000,GL,2026-09-13T18:29:20Z,81.9,81.9,03656804000131,CARAJAS MATERIAL DE CONSTRUCAO LTDA,CARAJAS CONSTRUCAO,TABULEIRO DOS MARTINS,MACEIO
TINTA,7892948013777,"TINTA ACR FOSC 3,6L CZ ESCURO DIAPISO IQUINE",,0,32091010,83000000,GL,2026-09-11T19:17:10Z,81.9,81.9,03656804002428,CARAJAS MATERIAL DE CONSTRUCAO LTDA,CARAJAS CONSTRUCAO,MANGABEIRAS,MACEIO
TINTA,7892948013746,"TINTA ACR PISO 3,6L CONCRETO DIAPISO IQUINE",,0,32091010,83000000,GL,2026-09-08T17:09:44Z,81.9,81.9,03656804002428,CARAJAS MATERIAL DE CONSTRUCAO LTDA,CARAJAS CONSTRUCAO,MANGABEIRAS,MACEIO
TINTA,7892948013685,"TINTA ACR PISO 3,6L CZ MEDIO DIAPISO IQUINE","DIAPISO SUPER RESIST CZA MEDIO 3,6L -&GT PRODUTO NAO CLASSIFICADO COMO PERIGOSO PARA FINS DE TRANSPORTE.",7892948013685,32091010,83000000,GL,2026-09-12T18:29:17Z,81.9,81.9,03656804002428,CARAJAS MATERIAL DE CONSTRUCAO LTDA,CARAJAS CONSTRUCAO,MANGABEIRAS,MACEIO
TINTA,7892948013685,"TINTA ACR PISO 3,6L CZ MEDIO DIAPISO IQUINE",,0,32091010,83000000,GL,2026-09-13T22:18:41Z,81.9,81.9,03656804002428,CARAJAS MATERIAL DE CONSTRUCAO LTDA,CARAJAS CONSTRUCAO,MANGABEIRAS,MACEIO
TINTA,7892948013654,"TINTA ACR PISO 3,6L BR NEVE DIAPISO IQUINE",,0,32091010,83000000,GL,2026-09-16T14:49:08Z,81.9,81.9,03656804002428,CARAJAS MATERIAL DE CONSTRUCAO LTDA,CARAJAS CONSTRUCAO,MANGABEIRAS,MACEIO
TINTA,9593,Tinta Lucrilar branco neve 15l /,,0,32141020,83000000,UN,2026-09-09T16:11:16Z,85.0,82.0,31581137000100,LARISSA MAYARA SAPUCAIA DOS SANTOS,MAYARA CONSTRUCOES,CENTRO,MACEIO
TINTA,306,MASSA CORRIDA BD 25KG LUX - TINTAS LUX,,0,32141020,83000000,UN,2026-09-15T20:35:50Z,82.5,82.5,27449717000171,F P B DOS SANTOS COMERCIO E SERVIÇOS LTDA,FP PECAS E SERVICOS,SERRARIA,MACEIO
TINTA,07305,"TINTA ACR STANDARD CORALAR + RESISTENTE AREIA FOSCO 3,6L CORAL","TINTA ACR. DUO AREIA 3,6L CORAL",7891019908028,32091010,83000000,GL,2026-09-11T12:37:05Z,92.0,82.53,12270435000640,L. JARDIM & CIA LTDA,Casas Jardim,JATIUCA,MACEIO
TINTA,000037,TINTAX 15L MARFIN,,0,32091010,83000000,UN,2026-09-12T16:56:34Z,104.0,82.72,28923975000100,KAROLINY B CARDOSO - ME,COMERCIAL KAROL,JACINTINHO,MACEIO
TINTA,07305,"TINTA ACR STANDARD CORALAR + RESISTENTE AREIA FOSCO 3,6L CORAL","TINTA ACR. DUO AREIA 3,6L CORAL",7891019908028,32091010,83000000,GL,2026-09-16T15:12:00Z,82.8,82.8,12270435000720,L. JARDIM & CIA LTDA,CASA JARDIM,BARRO DURO,MACEIO
TINTA,05715,"EPOXI TINTA BASE AGUA RENOVA AZULEJOS BRANCO ACETINADO 0,9L CORAL",CORAL WANDEPOXY (RENOVA AZULEJOS) BASE AGUA ACET BRANCO 1/4,7891019176588,32091010,83000000,LT,2026-09-15T20:07:17Z,92.0,82.8,12270435001026,L. JARDIM & CIA LTDA,Casas Jardim,FAROL,MACEIO
TINTA,05715,"EPOXI TINTA BASE AGUA RENOVA AZULEJOS BRANCO ACETINADO 0,9L CORAL",CORAL WANDEPOXY (RENOVA AZULEJOS) BASE AGUA ACET BRANCO 1/4,7891019176588,32091010,83000000,LT,2026-09-15T11:27:38Z,82.8,82.8,12270435000720,L. JARDIM & CIA LTDA,CASA JARDIM,BARRO DURO,MACEIO
TINTA,07302,"TINTA ACR STANDARD CORALAR + RESISTENTE LRJ MARACATU FOSCO 3,6L CORAL","TINTA ACR. DUO LARANJA MARACATU 3,6L CORAL",7891019908042,32091010,83000000,GL,2026-09-15T20:31:11Z,92.0,82.8,12270435000135,L. JARDIM & CIA LTDA,Casas Jardim,CENTRO,MACEIO
TINTA,06519,"TINTA ACR STANDARD CORALAR + RESISTENTE AMARELO FREVO FOSCO 3,6L CORAL","TINTA PARA PAREDE VINIL ACRILICO CORAL DUO 3,6 L AMARELO FREVO",7891019176304,32091010,83000000,GL,2026-09-08T13:05:06Z,92.0,82.85,12270435000135,L. JARDIM & CIA LTDA,Casas Jardim,CENTRO,MACEIO
TINTA,07300,"TINTA ACR STANDARD CORALAR + RESISTENTE OCEANO FOSCO 3,6L CORAL","TINTA ACR FC GL3,6L CORALAR DUO OCEANO",7891019908127,32091010,83000000,GL,2026-09-08T15:32:00Z,92.0,83.0,12270435000135,L. JARDIM & CIA LTDA,Casas Jardim,CENTRO,MACEIO
TINTA,354752,"IQUINE ESM DIALINE ANTIFERRUG 0,9 PLATI UN",TINTA DIALINE ANTIFERRUGEM PLATINA 900ML IQUINE,7892948048366,32081010,83000000,UN,2026-09-11T14:23:46Z,83.1,83.1,03555402000140,PARAGOMINAS HOME CENTER LTDA,PARAGOMINAS HOME CENTER,SANTOS DUMONT,MACEIO
TINTA,354366,"IQUINE ESM DIALINE ANTIFERRUG 0,9 B NEVE UN","DIALINE ANTIFERRUGEM BCO NEVE 900ML -> COD.ONU: 1263 CL.RISCO: 3,0 GR.EMB: III TINTA CONTENDO SOLVEN",7892948048342,32081010,83000000,UN,2026-09-16T11:41:13Z,83.1,83.1,03555402000655,PARAGOMINAS HOME CENTER LTDA,PARAGOMINAS ANTARES,ANTARES,MACEIO
TINTA,354553,"IQUINE ESM DIALINE ANTIFERRUG 0,9 M TAB UN","TINTA ESM BR 0,9L DIALINE ANTIFER MR/TB GL0001GL",7892948048403,32081010,83000000,UN,2026-09-14T22:27:15Z,83.1,83.1,03555402000140,PARAGOMINAS HOME CENTER LTDA,PARAGOMINAS HOME CENTER,SANTOS DUMONT,MACEIO
TINTA,7892948048861,"TINTA ACR FOS BASE C 3,2L SELA E PINTA IQUINE","ICORES SELA & PINTA BASE (C) 3,2L PRODUTO NAO CLASSIFICADO COMO PERIGOSO PARA FINS DE TRANSPORTE.",7892948048861,32091010,83000000,UN,2026-09-14T23:03:44Z,83.2,83.2,03656804000131,CARAJAS MATERIAL DE CONSTRUCAO LTDA,CARAJAS CONSTRUCAO,TABULEIRO DOS MARTINS,MACEIO
TINTA,85139180,Tin Embel Ceram 0 9L,TINTA EMBELEZA CERAMICA 900ML CORAL 1X900MLAKZONOBEL,7891019201631,32089010,83000000,UN,2026-09-16T13:53:38Z,83.94,83.94,01438784005590,LEROY MERLIN COMPANHIA BRASILEIRA DE BRICOLAGEM,,CRUZ DAS ALMAS,MACEIO
TINTA,7891260559291,"TINTA ACR SB 0,8L BASE B2 TOQUE BRILHO SUVINIL",,0,32091010,83000000,UN,2026-09-11T19:35:20Z,84.24,84.24,03656804000131,CARAJAS MATERIAL DE CONSTRUCAO LTDA,CARAJAS CONSTRUCAO,TABULEIRO DOS MARTINS,MACEIO
TINTA,2370,TINTA DANLAR INTERNA VERDE LIMAO 15L DANTEX,,0,32089010,83000000,UN,2026-09-13T11:52:26Z,95.55,84.5,56020708000169,J&F VAREJO DE MATERIAL DE CONSTRUÇÃO LTDA,,Benedito Bentes,MACEIO
TINTA,52146,"TINTA SEMI BRILHO 3,0L BR NEVE LUX",,7908147625632,32091010,83000000,UN,2026-09-14T17:49:29Z,84.99,84.99,70015672000156,ENCONTRO DO SOL HOME CENTER LTDA,ENCONTRO DO SOL HOME CENTER,TABULEIRO DO MARTINS,MACEIO
TINTA,52142,"TINTA SEMI BRILHO 3,0L BR GELO LUX",,7908147625519,32091010,83000000,UN,2026-09-10T14:20:56Z,84.99,84.99,70015672000156,ENCONTRO DO SOL HOME CENTER LTDA,ENCONTRO DO SOL HOME CENTER,TABULEIRO DO MARTINS,MACEIO
TINTA,8305.000015.0,"TINTA PARA PISO - GA 3,6 LTS COR 000015-CINZA MEDIO LOTE 95132448","TINTA PARA PISO - GA 3,6 LTS COR 000015-CINZA MEDIO",7899173400884,32091010,83000000,Peca,2026-09-08T13:22:10Z,85.0,85.0,24168648000130,RAMIRO RIBEIRO FILHO - ME,,CIDADE UNIVERSITARIA,MACEIO
TINTA,005600,TINTA INT ECON 15L BRANCO NEVE ARACOR,,7890000054621,32091010,83000000,UN,2026-09-10T14:46:58Z,105.99,85.0,70012570000187,CARMEM LUCIA LINS DE SOUZA - ME,COMERCIAL LINS,PONTA GROSSA,MACEIO
TINTA,002385,TINTA LTX 15L BRANCO NEVE ARACOR,,7890000054621,32091010,83000000,UN,2026-09-11T19:25:50Z,85.0,85.0,12832317000173,ANTONIO SOARES MACHADO -  ME,ELETRO SOARES,LEVADA,MACEIO
TINTA,833,ACR FOSCO GELO TINTAX 15L LT MIRACOR,,9999900070699,32091010,83000000,UN,2026-09-12T14:53:30Z,85.0,85.0,29174391000142,A.G DE VASCONCELOS FILHO,,CIDADE UNIVERSITARIA,MACEIO
TINTA,832,ACR FOSCO BRANCO TINTAX 15L LT MIRACOR,,9999900068191,32091010,83000000,UN,2026-09-11T20:24:08Z,85.0,85.0,29174391000142,A.G DE VASCONCELOS FILHO,,CIDADE UNIVERSITARIA,MACEIO
TINTA,001561,"ACR INTERIOR FOSCO AMARELO ENERGIA 3,6L TINTAX",,0,32091010,83000000,UND,2026-09-12T14:05:29Z,85.0,85.0,33907929000158,R DA SILVA FERREIRA CONSTRUCOES,PEDRO CONSTRUCAO,BENEDITO BENTES,MACEIO
TINTA,3296,"TINTA P/ PISO 3,6L CONCRETO - CORAL",,0,32091010,83000000,UN,2026-09-14T16:09:26Z,89.9,85.0,05251366000157,RONILDO DE OLIVEIRA LIMA  LTDA,COMERCIAL ESPERANCA,CENTRO,MACEIO
TINTA,2316,KIT PRETO NINJA PU SKYLACK,"TINTA SKYLACK PU PRETO NINJA VW 95 0,675L",7899494502281,32089010,83000000,UN,2026-09-15T20:44:23Z,85.0,85.0,52798419000134,MARIA J FERREIRA FILHA LTDA,UNIVERSO TINTAS,Antares,MACEIO
TINTA,1899,TINTA ECONOMICA BRANCO GELO ARACOR 18L,,0,32091010,83000000,UN,2026-09-14T20:40:02Z,85.0,85.0,00779253000105,MARIA DE FATIMA OLIVEIRA CAVALCANTE - ME,DEPOSITO PRECO BOM,PONTA GROSSA,MACEIO
TINTA,366385,HIDROTINTAS DEMAIS 15L BR GELO UN,,7899010490504,32091010,83000000,UN,2026-09-08T20:24:30Z,99.9,85.0,03555402000655,PARAGOMINAS HOME CENTER LTDA,PARAGOMINAS ANTARES,ANTARES,MACEIO
TINTA,01292,"ESMALTE PREMIUM HAMMERITE BRANCO BRILHANTE 0,8L CORAL","TINTA ESM BR 0,8L HAMMERITE BR CORAL LT0001LT",7891019207916,32089010,83000000,UN,2026-09-09T15:26:38Z,86.24,85.84,12270435000640,L. JARDIM & CIA LTDA,Casas Jardim,JATIUCA,MACEIO
TINTA,008637,TINTA INT. ECONOMICA 15L BRANCO NEVE - ARACOR,,0,32091010,83000000,LT,2026-09-16T13:16:05Z,105.99,85.88,70012570000187,CARMEM LUCIA LINS DE SOUZA - ME,COMERCIAL LINS,PONTA GROSSA,MACEIO
TINTA,300469,"TINTA ACR FC 3,6L RT SEL PINT CAMUR IQUI GL0001GL",,7892948057801,32091010,83000000,GL,2026-09-09T14:51:10Z,85.99,85.99,00279531000670,TUPAN CONSTRUCOES LTDA,,JARDIM PETROPOLIS,MACEIO
TINTA,300467,"TINTA ACR FC 3,6L RT SEL PINT BR/NV IQUI GL0001GL",,7892948057764,32091010,83000000,GL,2026-09-16T18:29:58Z,85.99,85.99,00279531000670,TUPAN CONSTRUCOES LTDA,,JARDIM PETROPOLIS,MACEIO
TINTA,300461,"TINTA ACR FC 3,6L RT SEL PINT AREIA IQUI GL0001GL",,7892948057795,32091010,83000000,GL,2026-09-13T13:31:17Z,85.99,85.99,00279531000670,TUPAN CONSTRUCOES LTDA,,JARDIM PETROPOLIS,MACEIO
TINTA,300477,"TINTA ACR FC 3,6L RT SEL PINT PALH IQUIN GL0001GL",,7892948057788,32091010,83000000,GL,2026-09-09T11:59:18Z,85.99,85.99,00279531000670,TUPAN CONSTRUCOES LTDA,,JARDIM PETROPOLIS,MACEIO
TINTA,92302245,Tinta Economica 15L,,7899698425942,32091010,83000000,UN,2026-09-16T13:24:43Z,106.28,86.37,01438784005590,LEROY MERLIN COMPANHIA BRASILEIRA DE BRICOLAGEM,,CRUZ DAS ALMAS,MACEIO
TINTA,7891019145485,"TINTA PISO PREM FOS 3,6L AM DEMAR PINTA PISO CORAL","TINTA PISO FOS 3,6L AM DEMARCACAO PINTA PISO CORAL",7891019145485,32091010,83000000,GL,2026-09-08T20:28:45Z,103.9,86.77,03656804002428,CARAJAS MATERIAL DE CONSTRUCAO LTDA,CARAJAS CONSTRUCAO,MANGABEIRAS,MACEIO
TINTA,674,"Tinta esmalte 0,9l Branco Coralit Coral",CORALIT ZERO SECAGEM RAPIDA BALANCE BRILHANTE BRANCO NEVE 1/4,7891019164967,32091010,83000000,UN,2026-09-08T19:26:27Z,87.0,87.0,34532809000186,BOLINHA CONSTRUÇÕES LTDA,BOLINHA CONSTRUCOES,CENTRO,MACEIO
TINTA,361,TINTA LATEX LUX 18 LITRO,,0,32091010,83000000,UN,2026-09-14T19:51:18Z,87.0,87.0,32738604000126,HORIZONTE MATERIAIS DE CONSTRUCAO,HORIZONTE MATERIAIS DE CONSTRUCAO,TABULEIRO DO MARTINS,MACEIO
TINTA,09854,"TINTA ACR STANDARD MAXIMA EFICIENCIA LAMINA AFIADA FOSCO 3,6L GLASU",GLASU ACR FOSCO LAMINA AFIADA GAL MAXIMA EFICIENCIA,7891260509968,32091010,83000000,GL,2026-09-09T11:19:55Z,87.2,87.2,12270435000992,L. JARDIM & CIA LTDA,Casas Jardim,TABULEIRO DO MARTINS,MACEIO
TINTA,0000000003029,TINTA ECONOMICA INTE,,0,32091010,83000000,UN,2026-09-15T13:31:54Z,88.0,88.0,17142345000182,MARIA APARECIDA DA SILVA BRANCO CONSTRUCOES,,CENTRO,MACEIO
TINTA,1774,ACR INTERIOR FOSCO AMARELO ENERGIA 15L TINTAX,,0,32091010,83000000,ND,2026-09-08T16:06:15Z,90.0,88.0,18249861000173,J V DA CONCEICAO MACHADO - ME,JESSICA CONSTRUCOES,TABULEIRO DOS MARTINS,MACEIO
TINTA,01298,"ESMALTE PREMIUM HAMMERITE CINZA BRILHANTE 0,8L CORAL","TINTA ESM BR 0,8L HAMMERITE CZ CORAL LT0001LT",7891019207930,32089010,83000000,UN,2026-09-08T12:03:13Z,88.2,88.2,12270435001026,L. JARDIM & CIA LTDA,Casas Jardim,FAROL,MACEIO
TINTA,01292,"ESMALTE PREMIUM HAMMERITE BRANCO BRILHANTE 0,8L CORAL","TINTA ESM BR 0,8L HAMMERITE BR CORAL LT0001LT",7891019207916,32089010,83000000,UN,2026-09-10T16:15:42Z,88.2,88.2,12270435000720,L. JARDIM & CIA LTDA,CASA JARDIM,BARRO DURO,MACEIO
TINTA,01302,"ESMALTE PREMIUM HAMMERITE MARROM BRILHANTE 0,8L CORAL","TINTA ESM BR 0,8L HAMMERITE MR CORAL LT0001LT",7891019208050,32089010,83000000,UN,2026-09-16T13:00:40Z,98.0,88.2,12270435000720,L. JARDIM & CIA LTDA,CASA JARDIM,BARRO DURO,MACEIO
TINTA,01298,"ESMALTE PREMIUM HAMMERITE CINZA BRILHANTE 0,8L CORAL","TINTA ESM BR 0,8L HAMMERITE CZ CORAL LT0001LT",7891019207930,32089010,83000000,UN,2026-09-14T18:56:49Z,88.2,88.2,12270435000720,L. JARDIM & CIA LTDA,CASA JARDIM,BARRO DURO,MACEIO
TINTA,01293,"ESMALTE PREMIUM HAMMERITE PRETO BRILHANTE 0,8L CORAL","TINTA ESM BR 0,8L HAMMERITE PT CORAL LT0001LT",7891019208036,32089010,83000000,UN,2026-09-14T18:56:49Z,88.2,88.2,12270435000720,L. JARDIM & CIA LTDA,CASA JARDIM,BARRO DURO,MACEIO
TINTA,01293,"ESMALTE PREMIUM HAMMERITE PRETO BRILHANTE 0,8L CORAL","TINTA ESM BR 0,8L HAMMERITE PT CORAL LT0001LT",7891019208036,32089010,83000000,UN,2026-09-12T11:54:37Z,98.0,88.22,12270435000801,L. JARDIM & CIA LTDA,Casas Jardim,PAJUCARA,MACEIO
TINTA,01292,"ESMALTE PREMIUM HAMMERITE BRANCO BRILHANTE 0,8L CORAL","TINTA ESM BR 0,8L HAMMERITE BR CORAL LT0001LT",7891019207916,32089010,83000000,UN,2026-09-09T12:06:29Z,98.0,88.26,12270435000135,L. JARDIM & CIA LTDA,Casas Jardim,CENTRO,MACEIO
TINTA,01293,"ESMALTE PREMIUM HAMMERITE PRETO BRILHANTE 0,8L CORAL","TINTA ESM BR 0,8L HAMMERITE PT CORAL LT0001LT",7891019208036,32089010,83000000,UN,2026-09-10T13:28:16Z,98.0,88.32,12270435000135,L. JARDIM & CIA LTDA,Casas Jardim,CENTRO,MACEIO
TINTA,000105930,REMOVEDOR TINTA/VERNIZ GEL 750GR ALABASTINE,,0,38140090,83000000,UN,2026-09-11T16:41:57Z,89.0,89.0,36075101000179,C J C DE MELO JUNIOR  LTDA,FERNANDES LIMA CONSTRUCOES,PITANGUINHA,MACEIO
TINTA,2024,THINNER 5000 FARBEN 5L,ESM.PU ACR.VERMELHO BARI FD 00ONU 1263 QUANT.LTDA TINTA 3 II 3.888 KG,7899381732104,38140090,83000000,UN,2026-09-15T20:45:50Z,106.0,89.275,52798419000134,MARIA J FERREIRA FILHA LTDA,UNIVERSO TINTAS,Antares,MACEIO
TINTA,7892948057764,"TINTA ACR FOS 3,6L BR NEVE SELA PINTA IQUINE",,0,32091010,83000000,UN,2026-09-09T00:46:44Z,89.9,89.9,03656804002428,CARAJAS MATERIAL DE CONSTRUCAO LTDA,CARAJAS CONSTRUCAO,MANGABEIRAS,MACEIO
TINTA,7892948057771,"TINTA ACR FOS 3,6L BR GELO SELA  PINTA IQUINE",,7892948057771,32091010,83000000,UN,2026-09-14T13:03:41Z,89.9,89.9,03656804002428,CARAJAS MATERIAL DE CONSTRUCAO LTDA,CARAJAS CONSTRUCAO,MANGABEIRAS,MACEIO
TINTA,04205,ACR INTERIOR FOSCO BRANCO 15L TINTAX,,9999900068191,32091010,83000000,BD,2026-09-12T13:04:02Z,89.9,89.9,09326760001059,CASA DAS TINTAS LTDA,CASA DAS TINTAS,TABULEIRO DO MARTINS,MACEIO
TINTA,7892948030002,"TINTA ACR FOSC 3,2L ACABA COM BASE P IQUINE",,0,32091010,83000000,UN,2026-09-12T18:35:29Z,89.9,89.9,03656804002428,CARAJAS MATERIAL DE CONSTRUCAO LTDA,CARAJAS CONSTRUCAO,MANGABEIRAS,MACEIO
TINTA,7892948043187,TINTA ACR FOS 15L BR NEVE PINTALAR IQUINE,,0,32091010,83000000,BD,2026-09-16T22:31:53Z,89.9,89.9,03656804002428,CARAJAS MATERIAL DE CONSTRUCAO LTDA,CARAJAS CONSTRUCAO,MANGABEIRAS,MACEIO
TINTA,7892948043187,TINTA ACR FOS 15L BR NEVE PINTALAR IQUINE,PINTALAR FA BRANCO NEVE BALDE 15L -&GT PRODUTO NAO CLASSIFICADO COMO PERIGOSO PARA FINS DE TRANSPORTE.,7892948043187,32091010,83000000,BD,2026-09-16T20:38:20Z,89.9,89.9,03656804002428,CARAJAS MATERIAL DE CONSTRUCAO LTDA,CARAJAS CONSTRUCAO,MANGABEIRAS,MACEIO
TINTA,7892948048823,"TINTA ACR FOS BASE P 3,2L SELA E PINTA IQUINE",,0,32091010,83000000,UN,2026-09-12T16:21:52Z,89.9,89.9,03656804002428,CARAJAS MATERIAL DE CONSTRUCAO LTDA,CARAJAS CONSTRUCAO,MANGABEIRAS,MACEIO
TINTA,04205,ACR INTERIOR FOSCO BRANCO 15L TINTAX,,9999900068191,32091010,83000000,BD,2026-09-15T17:21:53Z,89.9,89.9,09326760000168,CASA DAS TINTAS LTDA,CASA DAS TINTAS,POCO,MACEIO
TINTA,674,ACR INTERIOR FOSCO BRANCO 15L TINTAX,,0,32091010,83000000,BD,2026-09-15T20:24:04Z,89.9,89.9,55532304000191,TOP TINTAS LTDA,TOP TINTAS,Prado,MACEIO
TINTA,3276007449488,Tinta std int fos lamA 36L Luxens            De9564 Por8990,,0,32091010,83000000,UN,2026-09-15T20:39:01Z,95.64,89.9,01438784005590,LEROY MERLIN COMPANHIA BRASILEIRA DE BRICOLAGEM,,CRUZ DAS ALMAS,MACEIO
TINTA,03551,ACR INTERIOR FOSCO GELO 15L TINTAX,,9999900070699,32091010,83000000,BD,2026-09-11T12:02:30Z,89.9,89.9,09326760000168,CASA DAS TINTAS LTDA,CASA DAS TINTAS,POCO,MACEIO
TINTA,04205,ACR INTERIOR FOSCO BRANCO 15L TINTAX,,9999900068191,32091010,83000000,BD,2026-09-15T18:23:13Z,89.9,89.9,09326760000400,CASA DAS TINTAS LTDA,,BARRO DURO,MACEIO
TINTA,365080,HIDROTINTAS DEMAIS 15L BR NEVE UN,,7899010490511,32091010,83000000,LT,2026-09-15T22:38:00Z,89.9,89.9,03555402000140,PARAGOMINAS HOME CENTER LTDA,PARAGOMINAS HOME CENTER,SANTOS DUMONT,MACEIO
TINTA,7892948057887,"TINTA ACR FOS 3,6L AZUL PETROLEO SELA PINTA IQUI",,0,32091010,83000000,UN,2026-09-16T20:02:12Z,89.9,89.9,03656804000131,CARAJAS MATERIAL DE CONSTRUCAO LTDA,CARAJAS CONSTRUCAO,TABULEIRO DOS MARTINS,MACEIO
TINTA,7892948057863,"TINTA ACR FOS 3,6L CANJICA SELA  PINTA IQUINE",,7892948057863,32091010,83000000,UN,2026-09-10T15:43:10Z,89.9,89.9,03656804000131,CARAJAS MATERIAL DE CONSTRUCAO LTDA,CARAJAS CONSTRUCAO,TABULEIRO DOS MARTINS,MACEIO
TINTA,924378,TINTA VN ACR FC BD15L PINTALAR BR/NV IQU BD0001BD,PINTALAR FA BRANCO NEVE BALDE 15L -&GT PRODUTO NAO CLASSIFICADO COMO PERIGOSO PARA FINS DE TRANSPORTE.,7892948043187,32091010,83000000,LT,2026-09-16T14:49:28Z,89.9,89.9,00279531000670,TUPAN CONSTRUCOES LTDA,,JARDIM PETROPOLIS,MACEIO
TINTA,2634,BRANCO NEVE INTERNO BD 15L - TINTAS MIL,,0,32091010,83000000,KG,2026-09-14T18:02:35Z,89.9,89.9,52681878000133,FEDERAL - TINTAS & MATERIAIS ELETRICOS LTDA,CASA 7 CORES - TINTAS E MATERIAIS ELETRICOS,Clima Bom,MACEIO
TINTA,3242,"TINTA P/ PISO 3,6L CINZA MEDIO - CORAL",,0,32091010,83000000,UN,2026-09-14T13:11:53Z,89.9,89.9,05251366000157,RONILDO DE OLIVEIRA LIMA  LTDA,COMERCIAL ESPERANCA,CENTRO,MACEIO
TINTA,7892948030002,"TINTA ACR FOSC 3,2L ACABA COM BASE P IQUINE",,0,32091010,83000000,UN,2026-09-12T16:46:50Z,89.9,89.9,03656804000131,CARAJAS MATERIAL DE CONSTRUCAO LTDA,CARAJAS CONSTRUCAO,TABULEIRO DOS MARTINS,MACEIO
TINTA,7892948043187,TINTA ACR FOS 15L BR NEVE PINTALAR IQUINE,,0,32091010,83000000,BD,2026-09-16T19:25:44Z,89.9,89.9,03656804000131,CARAJAS MATERIAL DE CONSTRUCAO LTDA,CARAJAS CONSTRUCAO,TABULEIRO DOS MARTINS,MACEIO
TINTA,7892948043187,TINTA ACR FOS 15L BR NEVE PINTALAR IQUINE,PINTALAR FA BRANCO NEVE BALDE 15L -&GT PRODUTO NAO CLASSIFICADO COMO PERIGOSO PARA FINS DE TRANSPORTE.,7892948043187,32091010,83000000,BD,2026-09-16T17:45:38Z,89.9,89.9,03656804000131,CARAJAS MATERIAL DE CONSTRUCAO LTDA,CARAJAS CONSTRUCAO,TABULEIRO DOS MARTINS,MACEIO
TINTA,7892948057764,"TINTA ACR FOS 3,6L BR NEVE SELA PINTA IQUINE",,0,32091010,83000000,UN,2026-09-16T19:11:21Z,89.9,89.9,03656804000131,CARAJAS MATERIAL DE CONSTRUCAO LTDA,CARAJAS CONSTRUCAO,TABULEIRO DOS MARTINS,MACEIO
TINTA,7892948057764,"TINTA ACR FOS 3,6L BR NEVE SELA  PINTA IQUINE",,7892948057764,32091010,83000000,UN,2026-09-14T23:01:34Z,89.9,89.9,03656804000131,CARAJAS MATERIAL DE CONSTRUCAO LTDA,CARAJAS CONSTRUCAO,TABULEIRO DOS MARTINS,MACEIO
TINTA,7892948057771,"TINTA ACR FOS 3,6L BR GELO SELA  PINTA IQUINE",,7892948057771,32091010,83000000,UN,2026-09-13T15:15:30Z,89.9,89.9,03656804000131,CARAJAS MATERIAL DE CONSTRUCAO LTDA,CARAJAS CONSTRUCAO,TABULEIRO DOS MARTINS,MACEIO
TINTA,7892948057795,"TINTA ACR FOS 3,6L AREIA SELA PINTA IQUINE",,0,32091010,83000000,UN,2026-09-16T20:04:07Z,89.9,89.9,03656804000131,CARAJAS MATERIAL DE CONSTRUCAO LTDA,CARAJAS CONSTRUCAO,TABULEIRO DOS MARTINS,MACEIO
TINTA,7892948057795,"TINTA ACR FOS 3,6L AREIA SELA  PINTA IQUINE",,7892948057795,32091010,83000000,UN,2026-09-15T12:30:54Z,89.9,89.9,03656804000131,CARAJAS MATERIAL DE CONSTRUCAO LTDA,CARAJAS CONSTRUCAO,TABULEIRO DOS MARTINS,MACEIO
TINTA,56473,TINTA NACOR ECON 15L BR CSA IBRATIN 7897 - 95141718 1,,7899173407692,32091010,83000000,UN,2026-09-16T17:52:29Z,89.99,89.99,70015672000156,ENCONTRO DO SOL HOME CENTER LTDA,ENCONTRO DO SOL HOME CENTER,TABULEIRO DO MARTINS,MACEIO
TINTA,7630,"TINTA PINTA PISO CINZA MEDIO 3,6L CORAL","TINTA ACR FC 3,6L PINTA PISO CZ/MD CORAL GL0001GL",7891019145348,32091010,83000000,UN,2026-09-16T14:15:18Z,89.99,89.99,70015672000156,ENCONTRO DO SOL HOME CENTER LTDA,ENCONTRO DO SOL HOME CENTER,TABULEIRO DO MARTINS,MACEIO
TINTA,51039,TINTA DURAMAIS 15L BR.NEVE LUX,,7908147609229,32091010,83000000,UN,2026-09-16T15:19:53Z,89.99,89.99,70015672000156,ENCONTRO DO SOL HOME CENTER LTDA,ENCONTRO DO SOL HOME CENTER,TABULEIRO DO MARTINS,MACEIO
TINTA,75748,"TINTA ACR FC 3,6L DIAPISO VM IQUNE GL0001GL","DIAPISO SUPER RESIST VERMELHO 3,6L -&GT PRODUTO NAO CLASSIFICADO COMO PERIGOSO PARA FINS DE TRANSPORTE.",7892948013838,32091010,83000000,PC,2026-09-13T17:39:08Z,99.99,89.99,00279531000670,TUPAN CONSTRUCOES LTDA,,JARDIM PETROPOLIS,MACEIO
TINTA,21586,TINTA PINTA PISO CINZA ESCURO 3.6L CORAL,"TINTA PARA PISO CORAL PINTAPISO 3,6 L CINZA ESCURO",7891019145362,32091010,83000000,UN,2026-09-10T19:55:23Z,89.99,89.99,70015672000156,ENCONTRO DO SOL HOME CENTER LTDA,ENCONTRO DO SOL HOME CENTER,TABULEIRO DO MARTINS,MACEIO
TINTA,305323,"TINTA ACR FC 3,6L RT SEL PINT GESS BR/NV GL0001GL",,7892948058112,32091010,83000000,GL,2026-09-16T13:47:19Z,89.99,89.99,00279531000670,TUPAN CONSTRUCOES LTDA,,JARDIM PETROPOLIS,MACEIO
TINTA,5338,TINTA REVESTIMENTO LATEX INT BR LUCRILAR 18 KG,,0,32141020,83000000,BD,2026-09-15T19:43:55Z,90.0,90.0,13967170000191,SAMEPE MATERIAL DE CONSTRUCAO,,JACINTINHO,MACEIO
TINTA,454,ACR INTERIOR FOSCO CINZA SAO PAULO 15L TINTAX,,0,32091010,83000000,BD,2026-09-12T11:43:02Z,90.0,90.0,55532304000191,TOP TINTAS LTDA,TOP TINTAS,Prado,MACEIO
TINTA,711,"ESMALTE SINTETICO MAXILIT 3,6L LARANJA HIDROTINTAS","TINTA ESMAL SINT LARANJA 3,6GL HIDROTINT",7899010475266,32081010,83000000,UN,2026-09-12T14:04:57Z,90.0,90.0,34532809000186,BOLINHA CONSTRUÇÕES LTDA,BOLINHA CONSTRUCOES,CENTRO,MACEIO
TINTA,3576,TINTA ACR SOFT 15L - CINZA MEDIO,,0,32091010,83000000,UN,2026-09-14T15:41:17Z,90.0,90.0,29217117000103,COMERCIAL MIRELI,COMERCIAL MIRELI,CIDADE UNIVERSITARIA,MACEIO
TINTA,9923,"Zarcao Gl/ Starlux 3,l /","ZANCAO CINZA STARLUX DE 3,6L",7898482121695,32081010,83000000,UN,2026-09-16T13:49:17Z,90.0,90.0,31581137000100,LARISSA MAYARA SAPUCAIA DOS SANTOS,MAYARA CONSTRUCOES,CENTRO,MACEIO
TINTA,9577,"Tinta Esmalte Az Del Rey Glasu 3,6l /","ESMALTE BRI 3,6L AZ DEL REY GLASURIT SUVINIL",7891260059272,32081010,83000000,UN,2026-09-09T14:10:21Z,90.0,90.0,31581137000100,LARISSA MAYARA SAPUCAIA DOS SANTOS,MAYARA CONSTRUCOES,CENTRO,MACEIO
TINTA,888,"HIPERLAR ESM SINT MARFIM 3,0L -> COD.ONU: 1263 CL.RISCO: 3,0 GR.EMB: III TINTA CONTENDO SOLVENTE ORG",,0,32081010,83000000,UN,2026-09-11T20:09:45Z,90.0,90.0,55532304000191,TOP TINTAS LTDA,TOP TINTAS,Prado,MACEIO
TINTA,889,"HIPERLAR ESM SINT CZA ESCURO 3,0L -> COD.ONU: 1263 CL.RISCO: 3,0 GR.EMB: III TINTA CONTENDO SOLVENTE",,0,32081010,83000000,UN,2026-09-11T11:18:05Z,90.0,90.0,55532304000191,TOP TINTAS LTDA,TOP TINTAS,Prado,MACEIO
TINTA,1039,"HIPERLAR ESM SINT CZA MEDIO 3,0L -> COD.ONU: 1263 CL.RISCO: 3,0 GR.EMB: III TINTA CONTENDO SOLVENTE",,0,32081010,83000000,UN,2026-09-10T12:29:42Z,90.0,90.0,55532304000191,TOP TINTAS LTDA,TOP TINTAS,Prado,MACEIO
TINTA,1647,TINTA PISO AZUL 3.6LT FUTURA,,0,32091010,83000000,UND,2026-09-15T19:57:35Z,90.0,90.0,55031412000180,ILSON TENORIO ECCARDD - TINTAS LTDA,LOJAO DAS TINTAS,Levada,MACEIO
TINTA,234,BP PRATA BARI MET. FIAT 0316 SKYLACK 900ML,"TINTA SKYLACK BP PRATA BARI MET. FIAT 0316 0,900L",7898910510022,32081010,83000000,UN,2026-09-15T20:39:44Z,106.0,90.0,20784981000112,M J FERREIRA FILHA LTDA EPP,UNIVERSO TINTAS,SANTA LUCIA,MACEIO
TINTA,1777,ACR INTERIOR FOSCO BCO 15L TINTAX,,0,32091010,83000000,ND,2026-09-09T18:42:10Z,90.0,90.0,18249861000173,J V DA CONCEICAO MACHADO - ME,JESSICA CONSTRUCOES,TABULEIRO DOS MARTINS,MACEIO
TINTA,3145,TINTA INT ECONOMICA 15L BANCO NEVE - ARACOR,,7890000054621,32091010,83000000,UN,2026-09-12T14:23:20Z,90.0,90.0,19164559000185,DAKAZA COMERCIO DE MATERIAIS DE CONSTRUCAO LTDA - ME,DAKAZA,TRAPICHE DA BARRA,MACEIO
TINTA,7891019177035,TINTA ACR AC 800ML BASE P DECORA SEDA CORAL,,0,32091010,83000000,UN,2026-09-10T13:39:40Z,90.67,90.0,03656804002428,CARAJAS MATERIAL DE CONSTRUCAO LTDA,CARAJAS CONSTRUCAO,MANGABEIRAS,MACEIO
TINTA,7891019177035,TINTA ACR AC 800ML BASE P DECORA SEDA CORAL,"TINTA BASE ACR AC LT0,8L ACAB SEDA P 990 LT0001LT - ALGODAO EGIPCIO - SU",7891019177035,32091010,83000000,UN,2026-09-10T19:39:21Z,90.25,90.25,03656804000131,CARAJAS MATERIAL DE CONSTRUCAO LTDA,CARAJAS CONSTRUCAO,TABULEIRO DOS MARTINS,MACEIO
TINTA,62363,"TINTA ESM BR 0,8L HAMMERITE CZ CORAL LT0001LT","TINTA ESM BR 0,8L HAMMERITE CZ CORAL LT0001LT",7891019207930,32089010,83000000,LT,2026-09-15T19:04:39Z,96.99,90.34,00279531000670,TUPAN CONSTRUCOES LTDA,,JARDIM PETROPOLIS,MACEIO
TINTA,1947,TINTA ACR SOFT 15L - BRANCO NEVE MEGA O,TINTA ACR ECONOMICA 15L - BRANCO NEVE MEGAO,7898701770215,32091010,83000000,Un,2026-09-11T16:05:41Z,95.0,90.3675,24309791000102,J & J SOARES MATERIAL DE CONSTRUÇÃO LTDA,,LEVADA,MACEIO
TINTA,214,"ZARCAO PRETO 3,600L -ALPAR-PERNAMBUCO","ZARCAO PRETO PERNAMBUCO TINTAS E SOLVENTES 3,6L",7898929326904,32089010,83000000,MR,2026-09-09T14:53:10Z,107.0,90.38,11749321000100,M M DA S SANTOS - EPP,UNIVERSO TINTAS,CLIMA BOM,MACEIO
TINTA,01309,"BRANCO AREIA TINTA EPOXI B/AGUA BRI BASE PM 0,8L RENOVA AZULEJOS CORAL 30YY 58/082 5300",REFRESCO DE MENTA 01GG 59/285 RENOVA AZULEJOS BR / WANDEPOXY B AGUA LT L5.21.73,7891019176984,32091010,83000000,UN,2026-09-11T12:19:46Z,90.39,90.39,09326760000168,CASA DAS TINTAS LTDA,CASA DAS TINTAS,POCO,MACEIO
TINTA,3565,TINTA LATEX SEMI-BRILHO BR NEVE 3L LUX,,7908147625632,32091010,83000000,UN,2026-09-09T20:25:59Z,91.0,91.0,05087080000188,ROSIMEIRE DA SILVA SANTOS - EPP,KOMANDO CONSTRUCOES,CIDADE UNIVESITARIA,MACEIO
TINTA,7892948048823,"TINTA ACR FOS BASE P 3,2L SELA E PINTA IQUINE",,0,32091010,83000000,UN,2026-09-09T23:46:54Z,91.2,91.2,03656804000131,CARAJAS MATERIAL DE CONSTRUCAO LTDA,CARAJAS CONSTRUCAO,TABULEIRO DOS MARTINS,MACEIO
TINTA,211732,"ZARCAO CINZA 3,600L-PERNAMBUCO","ZARCAO CINZA PERNAMBUCO TINTAS E SOLVENTES 3,6L",7898929326751,32089010,83000000,UND,2026-09-11T14:57:31Z,107.0,91.305,11749321000100,M M DA S SANTOS - EPP,UNIVERSO TINTAS,CLIMA BOM,MACEIO
TINTA,100258,ACR INTERIOR FOSCO ROSA BEBE 15L TINTAX,,0,32091010,83000000,UN,2026-09-15T16:30:20Z,99.9,91.43,07848663000100,PROKASA LTDA,PROKASA,CIDADE UNIVERSITARIA,MACEIO
TINTA,015447,TINTA ACR FC 16L REND MUIT BR/GL CORAL,TINTA ACRILICA RENDE MUITO STANDARD FOSCO GELO 16L CORAL,7891019919673,32091010,83000000,LT,2026-09-12T16:47:18Z,91.5,91.5,58284781000173,M P DE ALBUQUERQUE LTDA,MICHELLI CONSTRUÇÕES,Centro,MACEIO
TINTA,362959,HIDROTINTAS ESM MAXLIT AB 3L BRANCO UN,,7899010487559,32081010,83000000,UN,2026-09-16T12:30:12Z,94.9,91.58,03555402000140,PARAGOMINAS HOME CENTER LTDA,PARAGOMINAS HOME CENTER,SANTOS DUMONT,MACEIO
TINTA,05450,"TINTA ACR STANDARD RENDE E COBRE MUITO UVA VERDE FOSCO 3,6L SUVINIL FL",SUVINIL ACR STD FOSCO RENDE E COBRE MUITO UVA VERDE GAL,7891260336656,32091010,83000000,GL,2026-09-15T17:37:40Z,92.4,92.4,12270435000640,L. JARDIM & CIA LTDA,Casas Jardim,JATIUCA,MACEIO
TINTA,08750,"TINTA ACR STANDARD MAXIMA EFICIENCIA PALHA FOSCO 3,6L GLASU",GLASURIT ACR FOSCO MAXIMA EFICIENCIA PALHA GAL,7891260168066,32091010,83000000,GL,2026-09-12T14:32:30Z,109.0,92.65,12270435000640,L. JARDIM & CIA LTDA,Casas Jardim,JATIUCA,MACEIO
TINTA,1946,TINTA ACR SOFT 15L - BRANCO GELO MEGA O,BALDE DE TINTA - BRANCO GELO -15L INT - MEGAO,7898701770208,32091010,83000000,Un,2026-09-12T12:18:44Z,95.0,92.89,24309791000102,J & J SOARES MATERIAL DE CONSTRUÇÃO LTDA,,LEVADA,MACEIO
TINTA,7891019177042,TINTA ACR AC 800ML BASE T DECORA SEDA CORAL,,0,32091010,83000000,UN,2026-09-10T18:24:53Z,92.99,92.99,03656804002428,CARAJAS MATERIAL DE CONSTRUCAO LTDA,CARAJAS CONSTRUCAO,MANGABEIRAS,MACEIO
TINTA,979556,TINTA ESM BR 3L DELANIL AZ/FR IQUINE GL0001GL,,7892948051533,32081010,83000000,GL,2026-09-15T12:23:39Z,99.99,93.0,00279531000670,TUPAN CONSTRUCOES LTDA,,JARDIM PETROPOLIS,MACEIO
TINTA,2852,TINTA LATEX ARACOR BRANCO NEVE15L OK,,0,32091010,83000000,UN,2026-09-10T17:24:18Z,97.9,93.0,43906461000130,AUROCON CONSTRUCAO LTDA,MIX  DA CONSTRUCAO,BARRO DURO,MACEIO
TINTA,7891019145386,Tinta Piso Concr 36L Coral                   De12755 Por9304,,0,32091010,83000000,UN,2026-09-13T14:41:34Z,127.55,93.04,01438784005590,LEROY MERLIN COMPANHIA BRASILEIRA DE BRICOLAGEM,,CRUZ DAS ALMAS,MACEIO
TINTA,7892948048847,"TINTA ACR FOS BASE M 3,2L SELA E PINTA IQUINE",,0,32091010,83000000,UN,2026-09-14T19:58:24Z,93.27,93.27,03656804000131,CARAJAS MATERIAL DE CONSTRUCAO LTDA,CARAJAS CONSTRUCAO,TABULEIRO DOS MARTINS,MACEIO
TINTA,10425,"TINTA PISO PREMIUM SUVINIL PISO BRANCO 3,6L PLASTICO SUVINIL",,7891260539644,32091010,83000000,GL,2026-09-15T16:55:46Z,93.6,93.6,12270435000640,L. JARDIM & CIA LTDA,Casas Jardim,JATIUCA,MACEIO
TINTA,10423,"TINTA PISO PREMIUM SUVINIL PISO PRETO 3,6L PLASTICO SUVINIL",,7891260539699,32091010,83000000,GL,2026-09-11T11:49:34Z,93.6,93.6,12270435000720,L. JARDIM & CIA LTDA,CASA JARDIM,BARRO DURO,MACEIO
TINTA,7891019907038,TINTA ACR SB 800ML BASE P DECORA DIAMANTECORAL,,0,32091010,83000000,LT,2026-09-11T20:12:52Z,93.83,93.83,03656804002428,CARAJAS MATERIAL DE CONSTRUCAO LTDA,CARAJAS CONSTRUCAO,MANGABEIRAS,MACEIO
TINTA,5097,ACR INTERIOR FOSCO BRANCO 15L TINTAX,,0,32091010,83000000,BD,2026-09-10T19:45:45Z,99.99,94.0,16672699000176,R. FREITAS MOURA SILVA CONSTRUCOES,M R CONSTRUCOES,SANTA LUCIA,MACEIO
TINTA,7004,TINTA LUX DURA + INT BRANCO NEVE 15L,,0,32091010,83000000,UN,2026-09-11T19:40:53Z,99.9,94.37,05251366000157,RONILDO DE OLIVEIRA LIMA  LTDA,COMERCIAL ESPERANCA,CENTRO,MACEIO
TINTA,362958,HIDROTINTAS ESM MAXLIT AB 3L VD FOLHA UN,,7899010487498,32081010,83000000,UN,2026-09-10T18:31:38Z,94.9,94.9,03555402000140,PARAGOMINAS HOME CENTER LTDA,PARAGOMINAS HOME CENTER,SANTOS DUMONT,MACEIO
TINTA,363031,HIDROTINTAS ESM MAXLIT AB 3L AZ FRANCA UN,,7899010487474,32081010,83000000,UN,2026-09-15T19:13:36Z,94.9,94.9,03555402000140,PARAGOMINAS HOME CENTER LTDA,PARAGOMINAS HOME CENTER,SANTOS DUMONT,MACEIO
TINTA,2793,SELADOR ACRILICO BD 15L - TINTAS MIL,,0,32091010,83000000,KG,2026-09-09T20:02:21Z,99.9,94.9,52681878000133,FEDERAL - TINTAS & MATERIAIS ELETRICOS LTDA,CASA 7 CORES - TINTAS E MATERIAIS ELETRICOS,Clima Bom,MACEIO
TINTA,10417,"TINTA PISO PREMIUM SUVINIL PISO CINZA 3,6L PLASTICO SUVINIL",,7891260539668,32091010,83000000,GL,2026-09-10T16:12:10Z,105.3,94.93,12270435000992,L. JARDIM & CIA LTDA,Casas Jardim,TABULEIRO DO MARTINS,MACEIO
TINTA,4043,ACR INTERIOR FOSCO BRANCO 15L TINTAX,,0,32091010,83000000,BD,2026-09-12T12:54:05Z,95.0,95.0,22819860000194,MARIA PEREIRA DE LIMA,THAMIRES CONSTRUCAO,FEITOSA,MACEIO
TINTA,5279,ACR INTERIOR FOSCO BRANCO 15L TINTAX,,0,32091010,83000000,BD,2026-09-16T17:15:31Z,95.0,95.0,22819860000194,MARIA PEREIRA DE LIMA,THAMIRES CONSTRUCAO,FEITOSA,MACEIO
TINTA,5280,ACR INTERIOR FOSCO GELO 15L TINTAX,,0,32091010,83000000,BD,2026-09-16T12:25:39Z,95.0,95.0,22819860000194,MARIA PEREIRA DE LIMA,THAMIRES CONSTRUCAO,FEITOSA,MACEIO
TINTA,7908147609229,TINTA LATEX DURAMAIS LUX 15L BRANCO NEVE,,7908147609229,32091010,83000000,UN,2026-09-08T15:21:13Z,95.0,95.0,47907752000102,COSTA ANDRADE MATERIAL DE CONSTRUÇÃO E VARIEDADES LTDA,COSTA ANDRADE MATERIAL DE CONSTRUCAO E VARIEDADES,BENEDITO BENTES,MACEIO
TINTA,327,TINTA DANLAR AREIA 15 LT,,0,32091010,83000000,UN,2026-09-13T13:09:00Z,95.0,95.0,54674975000124,J C DA SILVA MATERIAIS DE CONSTRUÇÃO LTDA,JC CONSTRUÇÃO,Benedito Bentes,MACEIO
TINTA,1395,TINTAX ACR ECONOMICO INT BRANCO 15L,,0,32091010,83000000,BD,2026-09-09T12:34:09Z,95.0,95.0,42524555000182,MARTA DE LIMA CARDOZO,TM CONSTRUCOES,OURO PRETO,MACEIO
TINTA,6928,TINTA BRANCO NEVE INTERNO BD 15L- TINTAS MIL,,618341747227,32091010,83000000,UN,2026-09-10T19:07:43Z,95.0,95.0,23959130000151,ELINEIDE SANTOS NASCIMENTO - ME,CASA NASCIMENTO,JACINTINHO,MACEIO
TINTA,325,TINTA DANLAR CONCRETO 15 LT,,0,32091010,83000000,UN,2026-09-09T12:28:50Z,95.0,95.0,54674975000124,J C DA SILVA MATERIAIS DE CONSTRUÇÃO LTDA,JC CONSTRUÇÃO,Benedito Bentes,MACEIO
TINTA,3670,TINTA LTX SEMI-BRILHO BR NEVE 3L C/4 LUX,,7908147625632,32091010,83000000,PT,2026-09-11T11:25:04Z,95.0,95.0,37461181000163,S. DA. S. FERNANDES GARCIA CONSTRUCOES,CONSTRUÇÃO 4 IRMÃOS LOJA 2,CIDADE UNIVERSITARIA,MACEIO
TINTA,2065,TINTA BD 15L LPRO BR,,0,32091010,83000000,UN,2026-09-15T10:40:04Z,95.0,95.0,11437022000130,CASA PRONTA COMERCIO DE MATERIAIS DE CONSTRUCAO LTDA  - ME,CASA PRONTA CONSTRUCOES,SANTOS DUMONT,MACEIO
TINTA,310,TINTAS LUX L.PRO INTERIOR 15L BRANCO NEVE,,7908147622426,32091010,83000000,BA,2026-09-09T14:30:16Z,95.0,95.0,47264579000163,47.264.579 DENISE DA SILVA SANTOS,,CIDADE UNIVERSITARIA,MACEIO
TINTA,7894422008316,Tinta Piso Vde Fos Pre 36L Luxens,,0,32091010,83000000,UN,2026-09-12T23:42:54Z,95.64,95.64,01438784005590,LEROY MERLIN COMPANHIA BRASILEIRA DE BRICOLAGEM,,CRUZ DAS ALMAS,MACEIO
TINTA,7894422008279,Tinta Piso Amar Fos Pre 36L Luxens,,0,32091010,83000000,UN,2026-09-15T18:00:26Z,95.64,95.64,01438784005590,LEROY MERLIN COMPANHIA BRASILEIRA DE BRICOLAGEM,,CRUZ DAS ALMAS,MACEIO
TINTA,7894422008231,Tinta Piso Cz Esc Fos Pre 36L Luxens,,0,32091010,83000000,UN,2026-09-15T11:39:03Z,95.64,95.64,01438784005590,LEROY MERLIN COMPANHIA BRASILEIRA DE BRICOLAGEM,,CRUZ DAS ALMAS,MACEIO
TINTA,7894422007999,Tinta Piso Concr Fos Pre 36L Luxens,,0,32091010,83000000,UN,2026-09-12T13:35:47Z,95.64,95.64,01438784005590,LEROY MERLIN COMPANHIA BRASILEIRA DE BRICOLAGEM,,CRUZ DAS ALMAS,MACEIO
TINTA,1270,TINTA BRANCO NEVE FOSCO 15L DURATON,,0,32091010,83000000,UND,2026-09-11T11:47:27Z,99.0,95.64,55031412000180,ILSON TENORIO ECCARDD - TINTAS LTDA,LOJAO DAS TINTAS,Levada,MACEIO
TINTA,3276007449297,Tinta std int fos branca 36L Luxens          De10202 Por9589,,0,32091010,83000000,UN,2026-09-10T12:06:23Z,102.02,95.89,01438784005590,LEROY MERLIN COMPANHIA BRASILEIRA DE BRICOLAGEM,,CRUZ DAS ALMAS,MACEIO
TINTA,91917140,Tinta Std f br 3 6lLuxens,,7896587047216,32091010,83000000,UN,2026-09-12T20:51:52Z,102.02,95.89,01438784005590,LEROY MERLIN COMPANHIA BRASILEIRA DE BRICOLAGEM,,CRUZ DAS ALMAS,MACEIO
TINTA,3276007449907,Tinta std int fos pArola azu 36L Luxens      De10202 Por9589,,0,32091010,83000000,UN,2026-09-16T19:39:44Z,102.02,95.89,01438784005590,LEROY MERLIN COMPANHIA BRASILEIRA DE BRICOLAGEM,,CRUZ DAS ALMAS,MACEIO
TINTA,3276007449822,Tinta std int fos verde nobre 36L Luxen      De10202 Por9589,,0,32091010,83000000,UN,2026-09-12T19:38:07Z,102.02,95.89,01438784005590,LEROY MERLIN COMPANHIA BRASILEIRA DE BRICOLAGEM,,CRUZ DAS ALMAS,MACEIO
TINTA,3276007449631,Tinta std int fos preto 36L Luxens           De10202 Por9589,,0,32091010,83000000,UN,2026-09-11T13:54:30Z,102.02,95.89,01438784005590,LEROY MERLIN COMPANHIA BRASILEIRA DE BRICOLAGEM,,CRUZ DAS ALMAS,MACEIO
TINTA,91917266,Tinta Std f pt 3 6lLuxens,,3276007449631,32091010,83000000,UN,2026-09-08T15:32:21Z,102.02,95.89,01438784005590,LEROY MERLIN COMPANHIA BRASILEIRA DE BRICOLAGEM,,CRUZ DAS ALMAS,MACEIO
TINTA,3276007449389,Tinta std int fos cetim 36l luxens           De20404 Por19178,,0,32091010,83000000,UN,2026-09-15T22:32:14Z,102.02,95.89,01438784005590,LEROY MERLIN COMPANHIA BRASILEIRA DE BRICOLAGEM,,CRUZ DAS ALMAS,MACEIO
TINTA,91917154,Tinta Std f gl 3 6lLuxens,,3276007449327,32091010,83000000,UN,2026-09-10T11:25:38Z,102.02,95.9,01438784005590,LEROY MERLIN COMPANHIA BRASILEIRA DE BRICOLAGEM,,CRUZ DAS ALMAS,MACEIO
TINTA,3276007449594,Tinta std int fos crAmio 36L Luxens          De10202 Por9590,,0,32091010,83000000,UN,2026-09-09T17:05:22Z,102.02,95.9,01438784005590,LEROY MERLIN COMPANHIA BRASILEIRA DE BRICOLAGEM,,CRUZ DAS ALMAS,MACEIO
TINTA,3276007449327,Tinta std int fos gelo 36L Luxens            De10202 Por9591,,0,32091010,83000000,UN,2026-09-15T20:23:41Z,102.02,95.91,01438784005590,LEROY MERLIN COMPANHIA BRASILEIRA DE BRICOLAGEM,,CRUZ DAS ALMAS,MACEIO
TINTA,5166,"TINTA P PISO 3,6L CZ MEDIO IBRATIN","TINTA PARA PISO - GA 3,6 LTS COR 000015-CINZA MEDIO",7899173400884,32091010,83000000,UN,2026-09-09T17:19:04Z,99.99,95.99,70015672000156,ENCONTRO DO SOL HOME CENTER LTDA,ENCONTRO DO SOL HOME CENTER,TABULEIRO DO MARTINS,MACEIO
TINTA,02005,"TINTA IMPERMEA PREMIUM VEDAPREN PAREDE BRANCO FOSCO 3,6KG VEDACIT",,17897321120216,32091010,83000000,GL,2026-09-15T20:40:19Z,98.1,96.46,12270435000720,L. JARDIM & CIA LTDA,CASA JARDIM,BARRO DURO,MACEIO
TINTA,62,"ESMALTE MAZA PRETO 3,6L","TINTA ESM SINT PT 3,6L 1X3,6LT MAZA",7898289931572,32081010,83000000,MR,2026-09-15T12:52:56Z,118.0,96.72,11749321000100,M M DA S SANTOS - EPP,UNIVERSO TINTAS,CLIMA BOM,MACEIO
TINTA,10126,"TINTA ACR STANDARD RENDE MUITO GELO FOSCO 3,2L CORAL","TINTA ACRILICA RENDE MUITO STANDARD FOSCO GELO 3,2L CORAL",7891019919925,32091010,83000000,GL,2026-09-11T15:21:16Z,96.8,96.8,12270435000720,L. JARDIM & CIA LTDA,CASA JARDIM,BARRO DURO,MACEIO
TINTA,62366,"TINTA ESM BR 0,8L HAMMERITE BR CORAL LT0001LT","TINTA ESM BR 0,8L HAMMERITE BR CORAL LT0001LT",7891019207916,32089010,83000000,LT,2026-09-13T18:33:41Z,96.99,96.99,00279531000670,TUPAN CONSTRUCOES LTDA,,JARDIM PETROPOLIS,MACEIO
TINTA,000784,"TINTA RENDE MUITO+ INT/EXT 3,6L SANTTAFE",,0,32081010,83000000,UN,2026-09-08T19:48:44Z,97.0,97.0,59442899000145,SARMENTO COMERCIO E SERVIÇOS LTDA,REI DAS ARGAMASSAS,Jaraguá,MACEIO
TINTA,3117,5130 TINTA BRANCO NEVE INTERNA BD 15L,,618341747227,32091010,83000000,BD,2026-09-15T15:25:35Z,97.0,97.0,42772381000177,RAMOS BRASIL PERFIL LTDA,PRIME CONSTRUCOES,CIDADE UNIVERSITARIA,MACEIO
TINTA,09848,"TINTA ACR STANDARD MAXIMA EFICIENCIA ALGODAO EGIPICIO FOSCO 3,6L GLASU",GLASU ACR FOSCO ALGODAO EGIPCIO GAL MAXIMA EFICIENCIA,7891260509418,32091010,83000000,GL,2026-09-08T20:30:35Z,109.0,97.94,12270435000640,L. JARDIM & CIA LTDA,Casas Jardim,JATIUCA,MACEIO
TINTA,09842,"TINTA ACR STANDARD MAXIMA EFICIENCIA FOTO ANTIGA FOSCO 3,6L GLASU",GLASU ACR FOSCO FOTO ANTIGA GAL MAXIMA EFICIENCIA,7891260509937,32091010,83000000,GL,2026-09-09T14:31:40Z,98.1,97.98,12270435000720,L. JARDIM & CIA LTDA,CASA JARDIM,BARRO DURO,MACEIO
TINTA,02005,"TINTA IMPERMEA PREMIUM VEDAPREN PAREDE BRANCO FOSCO 3,6KG VEDACIT",,17897321120216,32091010,83000000,GL,2026-09-11T19:23:43Z,109.0,98.0,12270435000801,L. JARDIM & CIA LTDA,Casas Jardim,PAJUCARA,MACEIO
TINTA,5462,TINTA INT. ECONOMICA 15L BRANCO NEVE ARACOR 45,,7890000054621,32091010,83000000,Peca,2026-09-10T17:22:22Z,98.0,98.0,24168648000130,RAMIRO RIBEIRO FILHO - ME,,CIDADE UNIVERSITARIA,MACEIO
TINTA,8971,TINTA INTERNA BR GELO 18KG,,7898667254217,32141020,83000000,BD,2026-09-11T11:40:49Z,98.0,98.0,37461181000163,S. DA. S. FERNANDES GARCIA CONSTRUCOES,CONSTRUÇÃO 4 IRMÃOS LOJA 2,CIDADE UNIVERSITARIA,MACEIO
TINTA,8972,TINTA LATEX INTERNA BR 18 KG,,7898667253524,32141020,83000000,BD,2026-09-11T14:57:31Z,98.0,98.0,37461181000163,S. DA. S. FERNANDES GARCIA CONSTRUCOES,CONSTRUÇÃO 4 IRMÃOS LOJA 2,CIDADE UNIVERSITARIA,MACEIO
TINTA,0000000003474,LATEX 15L GELO MIRACOR TINTAX,,0,32091010,83000000,UN,2026-09-15T12:43:30Z,98.0,98.0,00837552000159,JOSE CARLOS DOS SANTOS CONSTRUCAO LTDA,GG CASA & CONSTRUCAO,CLIMA BOM,MACEIO
TINTA,08742,"TINTA ACR STANDARD MAXIMA EFICIENCIA AREIA FOSCO 3,6L GLASU","TINTA FOSCA GLASURIT MAX EFIC AREIA 3,6L GLASURIT",7891260168035,32091010,83000000,GL,2026-09-12T12:00:15Z,109.0,98.0,12270435000720,L. JARDIM & CIA LTDA,CASA JARDIM,BARRO DURO,MACEIO
TINTA,02005,"TINTA IMPERMEA PREMIUM VEDAPREN PAREDE BRANCO FOSCO 3,6KG VEDACIT",,17897321120216,32091010,83000000,GL,2026-09-11T12:07:11Z,98.1,98.1,12270435000992,L. JARDIM & CIA LTDA,Casas Jardim,TABULEIRO DO MARTINS,MACEIO
TINTA,02005,"TINTA IMPERMEA PREMIUM VEDAPREN PAREDE BRANCO FOSCO 3,6KG VEDACIT",,17897321120216,32091010,83000000,GL,2026-09-08T17:25:20Z,109.0,98.1,12270435000640,L. JARDIM & CIA LTDA,Casas Jardim,JATIUCA,MACEIO
TINTA,09943,"TINTA ACR STANDARD MAXIMA EFICIENCIA CEU CLARO FOSCO 3,6L GLASU","GLA M EFICIENCIA FO HARMO 3,6L IP31 UN",7891260298497,32091010,83000000,GL,2026-09-09T20:49:30Z,98.1,98.1,12270435000992,L. JARDIM & CIA LTDA,Casas Jardim,TABULEIRO DO MARTINS,MACEIO
TINTA,2750,TINTA ESM SINT MIRALIT 3L BRANCO - MIRACOR,,9000000006676,32089010,83000000,UN,2026-09-08T19:37:52Z,105.0,98.53,50799419000123,J L B NUNES MATERIAL DE CONSTRUCAO,BB PISOS,BENEDITO BENTES,MACEIO
TINTA,09591,TINTA ACR ECONOMICA HIPER D+ BRANCO FOSCO 15L HIPERCOR,HIDRACOR - ACRILICA ECONOMICA HIPERCOR BRANCO NEVE 15L,7897144027412,32091010,83000000,LA,2026-09-14T17:04:44Z,110.89,98.57,12270435000801,L. JARDIM & CIA LTDA,Casas Jardim,PAJUCARA,MACEIO
TINTA,340,ACR INTERIOR FOSCO BRANCO 15L TINTAX,,9999900068191,32091010,83000000,BD,2026-09-12T21:45:11Z,99.0,99.0,33915734000150,LUIZ JOSE DE SOUZA FILHO MATERIAL DE CONSTRUÇÃOE REPRESENTAÇÃO E COMPANHIA LTDA.,TCHARLES CONSTRUCOES,SANTA LUCIA,MACEIO
TINTA,10489,"TINTA PISO PREMIUM SUVINIL PISO CONCRETO 3,6L PLASTICO SUVINIL",,7891260539682,32091010,83000000,GL,2026-09-11T20:02:31Z,99.45,99.45,12270435000640,L. JARDIM & CIA LTDA,Casas Jardim,JATIUCA,MACEIO
TINTA,09666,TINTA ACR ECONOMICA HIPER D+ GELO FOSCO 15L HIPERCOR,,1001002096663,32091010,83000000,LA,2026-09-12T15:20:03Z,110.89,99.71,12270435000801,L. JARDIM & CIA LTDA,Casas Jardim,PAJUCARA,MACEIO
TINTA,09591,TINTA ACR ECONOMICA HIPER D+ BRANCO FOSCO 15L HIPERCOR,HIDRACOR - ACRILICA ECONOMICA HIPERCOR BRANCO NEVE 15L,7897144027412,32091010,83000000,LA,2026-09-12T12:25:20Z,110.89,99.79,12270435000135,L. JARDIM & CIA LTDA,Casas Jardim,CENTRO,MACEIO
TINTA,09591,TINTA ACR ECONOMICA HIPER D+ BRANCO FOSCO 15L HIPERCOR,HIDRACOR - ACRILICA ECONOMICA HIPERCOR BRANCO NEVE 15L,7897144027412,32091010,83000000,LA,2026-09-08T15:58:51Z,99.801,99.8,12270435001026,L. JARDIM & CIA LTDA,Casas Jardim,FAROL,MACEIO
TINTA,09666,TINTA ACR ECONOMICA HIPER D+ GELO FOSCO 15L HIPERCOR,,1001002096663,32091010,83000000,LA,2026-09-08T12:21:52Z,99.801,99.8,12270435001026,L. JARDIM & CIA LTDA,Casas Jardim,FAROL,MACEIO
TINTA,09591,TINTA ACR ECONOMICA HIPER D+ BRANCO FOSCO 15L HIPERCOR,HIDRACOR - ACRILICA ECONOMICA HIPERCOR BRANCO NEVE 15L,7897144027412,32091010,83000000,LA,2026-09-11T11:12:56Z,110.89,99.8,12270435000720,L. JARDIM & CIA LTDA,CASA JARDIM,BARRO DURO,MACEIO
TINTA,09591,TINTA ACR ECONOMICA HIPER D+ BRANCO FOSCO 15L HIPERCOR,HIDRACOR - ACRILICA ECONOMICA HIPERCOR BRANCO NEVE 15L,7897144027412,32091010,83000000,LA,2026-09-14T17:52:00Z,99.801,99.8,12270435000992,L. JARDIM & CIA LTDA,Casas Jardim,TABULEIRO DO MARTINS,MACEIO
TINTA,09591,TINTA ACR ECONOMICA HIPER D+ BRANCO FOSCO 15L HIPERCOR,HIDRACOR - ACRILICA ECONOMICA HIPERCOR BRANCO NEVE 15L,7897144027412,32091010,83000000,LA,2026-09-16T14:25:29Z,110.89,99.8,12270435000640,L. JARDIM & CIA LTDA,Casas Jardim,JATIUCA,MACEIO
TINTA,366385,HIDROTINTAS DEMAIS 15L BR GELO UN,,7899010490504,32091010,83000000,UN,2026-09-11T14:34:58Z,99.9,99.9,03555402000140,PARAGOMINAS HOME CENTER LTDA,PARAGOMINAS HOME CENTER,SANTOS DUMONT,MACEIO
TINTA,363419,IQUINE DIATEX 15L CINZA UN,TINTA VN ACR BD15L DIATEX CZ IQUINE BD0001BD,7892948050611,32091010,83000000,LT,2026-09-15T15:57:50Z,99.9,99.9,03555402000140,PARAGOMINAS HOME CENTER LTDA,PARAGOMINAS HOME CENTER,SANTOS DUMONT,MACEIO
TINTA,363419,IQUINE DIATEX 15L CINZA UN,TINTA VN ACR BD15L DIATEX CZ IQUINE BD0001BD,7892948050611,32091010,83000000,LT,2026-09-12T12:50:43Z,99.9,99.9,03555402000655,PARAGOMINAS HOME CENTER LTDA,PARAGOMINAS ANTARES,ANTARES,MACEIO
TINTA,7892948050574,TINTA ACR FOS BR NEVE 15L BD DIATEX IQUINE,TINTA VN ACR BD15L DIATEX BR/NV IQUINE BD0001BD,7892948050574,32091010,83000000,UN,2026-09-13T20:08:46Z,99.9,99.9,03656804002428,CARAJAS MATERIAL DE CONSTRUCAO LTDA,CARAJAS CONSTRUCAO,MANGABEIRAS,MACEIO
TINTA,7891019101467,"TINTA ACR FOS 3,6L BR NEVE RENDE MUITO CORAL","TINTA PARA PAREDE VINIL ACRILICO CORAL RENDE MUITO 3,6 L BRANCO NEVE",7891019101467,32091010,83000000,GL,2026-09-16T19:04:48Z,99.9,99.9,03656804002428,CARAJAS MATERIAL DE CONSTRUCAO LTDA,CARAJAS CONSTRUCAO,MANGABEIRAS,MACEIO
TINTA,7891019101467,"TINTA ACR FOS 3,6L BR NEVE RENDE MUITO CORAL",,0,32091010,83000000,GL,2026-09-16T22:44:10Z,99.9,99.9,03656804002428,CARAJAS MATERIAL DE CONSTRUCAO LTDA,CARAJAS CONSTRUCAO,MANGABEIRAS,MACEIO
TINTA,92450673,TINTA PISO ANT BRANCA 4KG,,7898570235655,32091010,83000000,UN,2026-09-12T20:51:52Z,106.28,99.9,01438784005590,LEROY MERLIN COMPANHIA BRASILEIRA DE BRICOLAGEM,,CRUZ DAS ALMAS,MACEIO
TINTA,1792,TINTA MIL CHOCOLATE EXT 15L,,618341747517,32091010,83000000,UND,2026-09-11T18:14:57Z,99.9,99.9,26715140000130,IMPERIO DO PISO COMERCIO DE MATERIAL DE CONSTRUCAO LTDA - EPP,IMPERIO DOS PISOS,BARRO DURO,MACEIO
TINTA,7899698425942,Tinta eco Int fosc br 15L Klasse NPB         De10628 Por9990,,0,32091010,83000000,UN,2026-09-15T23:21:42Z,106.28,99.9,01438784005590,LEROY MERLIN COMPANHIA BRASILEIRA DE BRICOLAGEM,,CRUZ DAS ALMAS,MACEIO
TINTA,7891019101467,"TINTA ACR FOS 3,6L BR NEVE RENDE MUITO CORAL","TINTA PARA PAREDE VINIL ACRILICO CORAL RENDE MUITO 3,6 L BRANCO NEVE",7891019101467,32091010,83000000,GL,2026-09-16T21:11:17Z,99.9,99.9,03656804000131,CARAJAS MATERIAL DE CONSTRUCAO LTDA,CARAJAS CONSTRUCAO,TABULEIRO DOS MARTINS,MACEIO
TINTA,7891019101467,"TINTA ACR FOS 3,6L BR NEVE RENDE MUITO CORAL",,0,32091010,83000000,GL,2026-09-16T16:52:54Z,99.9,99.9,03656804000131,CARAJAS MATERIAL DE CONSTRUCAO LTDA,CARAJAS CONSTRUCAO,TABULEIRO DOS MARTINS,MACEIO
TINTA,10420,"TINTA PISO PREMIUM SUVINIL PISO VERDE 3,6L PLASTICO SUVINIL",,7891260539705,32091010,83000000,GL,2026-09-08T19:01:11Z,117.0,99.9,12270435001026,L. JARDIM & CIA LTDA,Casas Jardim,FAROL,MACEIO
TINTA,979534,TINTA ESM BR 3L DELANIL CZ/MD IQUINE GL0001GL,,7892948051298,32081010,83000000,GL,2026-09-15T16:20:51Z,99.99,99.99,00279531000670,TUPAN CONSTRUCOES LTDA,,JARDIM PETROPOLIS,MACEIO
TINTA,979527,TINTA ESM BR 3L DELANIL BR/NV IQUINE GL0001GL,,7892948051236,32081010,83000000,GL,2026-09-14T21:24:17Z,99.99,99.99,00279531000670,TUPAN CONSTRUCOES LTDA,,JARDIM PETROPOLIS,MACEIO
TINTA,300447,"TINTA ACR FC 3,6L RT DELANIL BOI/GAR IQU GL0001GL",,7892948057603,32091010,83000000,GL,2026-09-15T12:20:14Z,99.99,99.99,00279531000670,TUPAN CONSTRUCOES LTDA,,JARDIM PETROPOLIS,MACEIO
TINTA,51040,TINTA DURAMAIS 15L BR NEVE LUX,,0,32091010,83000000,UN,2026-09-14T21:58:26Z,99.99,99.99,70015672000156,ENCONTRO DO SOL HOME CENTER LTDA,ENCONTRO DO SOL HOME CENTER,TABULEIRO DO MARTINS,MACEIO
TINTA,5440,"TINTA P PISO 3,6L CONCRETO IBRATIN 16","TINTA PARA PISO - GA 3,6 LTS COR 000016-CONCRETO",7899173400907,32091010,83000000,UN,2026-09-12T13:06:58Z,99.99,99.99,70015672000156,ENCONTRO DO SOL HOME CENTER LTDA,ENCONTRO DO SOL HOME CENTER,TABULEIRO DO MARTINS,MACEIO
TINTA,75753,"TINTA ACR FC 3,6L DIAPISO VDFOLH IQUNE","DIAPISO SUPER RESIST VDE FOLHA 3,6L -&GT PRODUTO NAO CLASSIFICADO COMO PERIGOSO PARA FINS DE TRANSPORTE.",7892948013807,32091010,83000000,GL,2026-09-13T14:38:17Z,99.99,99.99,00279531000670,TUPAN CONSTRUCOES LTDA,,JARDIM PETROPOLIS,MACEIO
TINTA,300442,"TINTA ACR FC 3,6L RT DELANIL RIV IQUINE GL0001GL",,7892948057672,32091010,83000000,GL,2026-09-12T18:34:35Z,99.99,99.99,00279531000670,TUPAN CONSTRUCOES LTDA,,JARDIM PETROPOLIS,MACEIO
TINTA,55024,"TINTA EMBORRACHADA GP 3,2LT IBRATIN",,0,32091010,83000000,UN,2026-09-15T18:23:52Z,99.99,99.99,70015672000156,ENCONTRO DO SOL HOME CENTER LTDA,ENCONTRO DO SOL HOME CENTER,TABULEIRO DO MARTINS,MACEIO
TINTA,300420,"TINTA ACR FC 3,6L RT DELANIL BR/NV IQUIN GL0001GL",,7892948057481,32091010,83000000,GL,2026-09-11T19:38:40Z,99.99,99.99,00279531000670,TUPAN CONSTRUCOES LTDA,,JARDIM PETROPOLIS,MACEIO
TINTA,75749,"TINTA ACR FC 3,6L DIAPISO CZMD IQUINE","DIAPISO SUPER RESIST CZA MEDIO 3,6L -&GT PRODUTO NAO CLASSIFICADO COMO PERIGOSO PARA FINS DE TRANSPORTE.",7892948013685,32091010,83000000,GL,2026-09-15T16:12:03Z,99.99,99.99,00279531000670,TUPAN CONSTRUCOES LTDA,,JARDIM PETROPOLIS,MACEIO
TINTA,5442,"TINTA P PISO 3,6L BRANCO IBRATIN 10","TINTA PARA PISO - GA 3,6 LTS COR 000010-BRANCO",7899173400846,32091010,83000000,UN,2026-09-14T17:33:13Z,99.99,99.99,70015672000156,ENCONTRO DO SOL HOME CENTER LTDA,ENCONTRO DO SOL HOME CENTER,TABULEIRO DO MARTINS,MACEIO
TINTA,268,TINTA ACR INTERIOR FOSCO AMARELO ENERGIA 15L TINTAX,,0,32091010,83000000,BD,2026-09-16T18:54:24Z,100.0,100.0,24479546000135,24.479.546 EVERTON TAVARES DA SILVA,,CIDADE UNIVERSITARIA,MACEIO
TINTA,006140,TINTA INTERNA BRANCO GELO-15L - TINTAX*,,9999900070699,32089010,83000000,UN,2026-09-11T18:22:41Z,110.0,100.0,12024911000138,I. SILVA SANTOS CONSTRUCOES,VAL CONSTRUCOES,CIDADE UNIVERSITARIA,MACEIO
TINTA,248,Tintax int. Branco neve 15L,,9999900068191,32091010,83000000,BD,2026-09-12T13:52:50Z,100.0,100.0,59904566000190,R L DE MELO,RR CASA E CONSTRUCAO,JACINTINHO,MACEIO
TINTA,2694,TINTA LTX DURA + 15L BR NEVE - LUX,,0,32091010,83000000,BD,2026-09-11T13:57:22Z,100.0,100.0,42524555000182,MARTA DE LIMA CARDOZO,TM CONSTRUCOES,OURO PRETO,MACEIO
TINTA,7342,TINTA MANIPULADA,,0,32091010,83000000,LA,2026-09-10T20:12:29Z,100.0,100.0,22454634000157,COMERCIAL DE TINTAS DA JATIUCA LTDA,M&C TINTAS,JATIUCA,MACEIO
TINTA,315,ACR INTERIOR FOSCO BRANCO 15L TINTAX,,9999900068191,32091010,83000000,UN,2026-09-09T11:19:48Z,100.0,100.0,44353096000147,44.353.096 ALBENES TAVARES DE FRANCA,EDSON CONSTRUCOES,CIDADE UNIVERSITARIA,MACEIO
TINTA,2369,TINTA BD 15L LUX,,0,32091010,83000000,UN,2026-09-10T20:58:42Z,100.0,100.0,11437022000130,CASA PRONTA COMERCIO DE MATERIAIS DE CONSTRUCAO LTDA  - ME,CASA PRONTA CONSTRUCOES,SANTOS DUMONT,MACEIO
TINTA,979535,TINTA ESM BR 3L DELANIL CZ/ES IQUINE GL0001GL,,7892948051311,32081010,83000000,GL,2026-09-12T14:04:22Z,100.0,100.0,00279531000670,TUPAN CONSTRUCOES LTDA,,JARDIM PETROPOLIS,MACEIO
TINTA,979536,TINTA ESM BR 3L DELANIL AREIA IQUINE GL0001GL,,7892948051335,32081010,83000000,GL,2026-09-09T15:14:41Z,100.0,100.0,00279531000670,TUPAN CONSTRUCOES LTDA,,JARDIM PETROPOLIS,MACEIO
TINTA,979537,TINTA ESM BR 3L DELANIL MF IQUINE GL0001GL,,7892948051359,32081010,83000000,GL,2026-09-16T15:48:37Z,100.0,100.0,00279531000670,TUPAN CONSTRUCOES LTDA,,JARDIM PETROPOLIS,MACEIO
TINTA,979538,TINTA ESM BR 3L DELANIL MR/CQ IQUINE GL0001GL,,7892948051373,32081010,83000000,GL,2026-09-12T16:16:39Z,100.0,100.0,00279531000670,TUPAN CONSTRUCOES LTDA,,JARDIM PETROPOLIS,MACEIO
TINTA,979542,TINTA ESM BR 3L DELANIL MR/TB IQUINE GL0001GL,,7892948051397,32081010,83000000,GL,2026-09-14T16:35:21Z,100.0,100.0,00279531000670,TUPAN CONSTRUCOES LTDA,,JARDIM PETROPOLIS,MACEIO
TINTA,979547,TINTA ESM BR 3L DELANIL VD/NL IQUINE GL0001GL,,7892948051434,32081010,83000000,GL,2026-09-13T19:41:04Z,100.0,100.0,00279531000670,TUPAN CONSTRUCOES LTDA,,JARDIM PETROPOLIS,MACEIO
TINTA,979558,TINTA ESM BR 3L DELANIL PT IQUINE GL0001GL,,7892948051564,32081010,83000000,GL,2026-09-14T20:59:18Z,100.0,100.0,00279531000670,TUPAN CONSTRUCOES LTDA,,JARDIM PETROPOLIS,MACEIO
TINTA,6274,ACR INTERIOR FOSCO BRANCO 15L TINTAX,,9999900068191,32091010,83000000,BD,2026-09-16T18:39:04Z,100.0,100.0,49850828000128,CONSTRUCAR MATERIAL DE CONSTRUCAO LTDA,,Jacintinho,MACEIO
TINTA,6656,ACR INTERIOR FOSCO GELO 15L TINTAX,,0,32091010,83000000,BD,2026-09-14T20:54:45Z,100.0,100.0,49850828000128,CONSTRUCAR MATERIAL DE CONSTRUCAO LTDA,,Jacintinho,MACEIO
TINTA,5488,ZARCAO 3L CINZA - TINTAS LUX,,0,32081010,83000000,UN,2026-09-16T13:12:59Z,100.0,100.0,35334579000103,J BERNARDO DA SILVA CONSTRUCOES,RIO NEGRO CONSTRUCOES,PETROPOLIS,MACEIO
TINTA,944,ACR INTERIOR FOSCO BRANCO 15L TINTAX,,0,32091010,83000000,BD,2026-09-15T14:17:05Z,100.0,100.0,57508484000100,57.508.484 JOSILDA DOS SANTOS,COMERCIAL SAO PAULO,Ipioca,MACEIO
TINTA,1633,TINTA STARLUX 3L BRANCO,,0,32081010,83000000,GL,2026-09-09T13:41:15Z,105.9,100.0,05251366000157,RONILDO DE OLIVEIRA LIMA  LTDA,COMERCIAL ESPERANCA,CENTRO,MACEIO
TINTA,0001525,TINTA LATEX DEMAIS BD 15L BRANCO HIDROTINTAS,TINTA LATEX SUPER DEMAIS LT 15L BRANCO NEVE HIDROTINTAS,7899010483469,32091010,83000000,BD,2026-09-11T20:19:14Z,100.0,100.0,08610072000162,A. E. FERREIRA -  ME,,BENEDITO BENTES,MACEIO
TINTA,9590,Tinta Iquine Pintalar 15L- Branco Neve /,PINTALAR FA BRANCO NEVE BALDE 15L -&GT PRODUTO NAO CLASSIFICADO COMO PERIGOSO PARA FINS DE TRANSPORTE.,7892948043187,32091010,83000000,UN,2026-09-08T13:25:16Z,100.0,100.0,31581137000100,LARISSA MAYARA SAPUCAIA DOS SANTOS,MAYARA CONSTRUCOES,CENTRO,MACEIO
TINTA,90,Tinta Pintalar 15L Marfim Iquine,"PINTALAR-VINIL ACRIL MARFIM 15,0L -> PRODUTO NAO CLASSIFICADO COMO PERIGOSO PARA FINS DE TRANSPORTE.",7892948045372,32091010,83000000,UN,2026-09-14T12:51:25Z,100.0,100.0,34532809000186,BOLINHA CONSTRUÇÕES LTDA,BOLINHA CONSTRUCOES,CENTRO,MACEIO
TINTA,001361,TINTA LTX 15L PESSEGO LUX,,7908147611680,32091010,83000000,UN,2026-09-13T12:34:56Z,105.0,100.0,12832317000173,ANTONIO SOARES MACHADO -  ME,ELETRO SOARES,LEVADA,MACEIO
TINTA,426,TINTA INTERNA BRANCO NEVE BALDE,,0,32091010,83000000,BD,2026-09-14T17:38:11Z,100.0,100.0,01784458000141,V.L.M.NASCIMENTO - ME,AKALANTO FERRAGENS,BENEDITO BENTES I,MACEIO
TINTA,2344,TINTA LTX DURA + INT BR NEVE 15L LUX,,7908147609229,32091010,83000000,UN,2026-09-16T14:07:23Z,110.0,100.0,57417694000184,GUIGO CONSTRUÇÕES LTDA,GUIGO CONSTRUÇÕES,São Jorge,MACEIO
TINTA,10425,"TINTA PISO PREMIUM SUVINIL PISO BRANCO 3,6L PLASTICO SUVINIL",,7891260539644,32091010,83000000,GL,2026-09-08T14:53:55Z,117.0,100.045,12270435000801,L. JARDIM & CIA LTDA,Casas Jardim,PAJUCARA,MACEIO
TINTA,7891260561843,"TINTA ACR FOS 0,8L BASE C2 TOQUE FOSCO SUVINIL",,0,32091010,83000000,UN,2026-09-15T13:25:46Z,100.2,100.2,03656804000131,CARAJAS MATERIAL DE CONSTRUCAO LTDA,CARAJAS CONSTRUCAO,TABULEIRO DOS MARTINS,MACEIO
TINTA,8370,TINTA STARLUX 3L PRETO,,0,32081010,83000000,GL,2026-09-12T15:19:48Z,105.9,100.26,05251366000157,RONILDO DE OLIVEIRA LIMA  LTDA,COMERCIAL ESPERANCA,CENTRO,MACEIO
TINTA,08748,"TINTA ACR STANDARD MAXIMA EFICIENCIA MARFIM FOSCO 3,6L GLASU","TINTA SUV GLAS M EFIC FOSCO MARFIM 3,6L 57850837",7891260167380,32091010,83000000,GL,2026-09-08T12:26:57Z,100.28,100.26,12270435000640,L. JARDIM & CIA LTDA,Casas Jardim,JATIUCA,MACEIO
TINTA,27,"ESMALTE MAZA CINZA MEDIO 3,6L",TINTA ESM SINT CZ,7898289933064,32081010,83000000,UN,2026-09-10T20:51:23Z,118.0,100.39,20784981000112,M J FERREIRA FILHA LTDA EPP,UNIVERSO TINTAS,SANTA LUCIA,MACEIO
TINTA,6017,"ZARCAO CINZA PERNAMBUCO TINTAS E SOLVENTES 3,6L",,7908147600905,32081010,83000000,GL,2026-09-08T12:24:02Z,118.0,100.71,52798419000134,MARIA J FERREIRA FILHA LTDA,UNIVERSO TINTAS,Antares,MACEIO
TINTA,01964,"TINTA GESSO ECONOMICA RENOVA GESSO E DRYWALL BRANCO FOSCO 3,6L CORAL","TINTA LATEX FOSCA RENOVA GESSO E DRYWALL BRANCO 3,6 L CORAL",7891019139712,32091010,83000000,GL,2026-09-15T11:52:45Z,100.8,100.8,12270435000640,L. JARDIM & CIA LTDA,Casas Jardim,JATIUCA,MACEIO
TINTA,8369,TINTA STARLUX 3L PLATINA,,0,32081010,83000000,GL,2026-09-09T13:47:10Z,105.9,100.93,05251366000157,RONILDO DE OLIVEIRA LIMA  LTDA,COMERCIAL ESPERANCA,CENTRO,MACEIO
TINTA,05542,"TINTA PISO CONCRETO 3,6L CORAL","TINTA ACR FC 3,6L PINTA PISO CONC CORAL GL0001GL",7891019145386,32091010,83000000,GL,2026-09-11T13:12:40Z,101.44,101.44,09326760001059,CASA DAS TINTAS LTDA,CASA DAS TINTAS,TABULEIRO DO MARTINS,MACEIO
TINTA,62,"ESMALTE MAZA PRETO BRILHANTE 3,6L","TINTA ESM SINT PT 3,6L 1X3,6LT MAZA",7898289931572,32089010,83000000,UN,2026-09-14T12:36:01Z,118.0,101.565,20784981000112,M J FERREIRA FILHA LTDA EPP,UNIVERSO TINTAS,SANTA LUCIA,MACEIO
TINTA,11504,"TINTA PISO PREMIUM SUPER NOVO PISO AMARELO DEMARCACAO SEMI BRILHO 3,6L HYDRONORTH",,7896257518213,32091010,83000000,GL,2026-09-10T14:15:13Z,102.0,102.0,12270435000640,L. JARDIM & CIA LTDA,Casas Jardim,JATIUCA,MACEIO
TINTA,3276007449426,Tinta Acr Sta Int Fos Cream 36L Luxens,,0,32091010,83000000,UN,2026-09-10T00:17:35Z,102.02,102.02,01438784005590,LEROY MERLIN COMPANHIA BRASILEIRA DE BRICOLAGEM,,CRUZ DAS ALMAS,MACEIO
TINTA,3276007449433,Tinta std int fos grAo areia 36L Luxens,,0,32091010,83000000,UN,2026-09-10T00:17:35Z,102.02,102.02,01438784005590,LEROY MERLIN COMPANHIA BRASILEIRA DE BRICOLAGEM,,CRUZ DAS ALMAS,MACEIO
TINTA,363326,HIDROTINTAS ESM SECAMAX 3L CONHAQUE UN,,7899010487832,32081010,83000000,UN,2026-09-16T20:06:49Z,109.9893,102.3,03555402000140,PARAGOMINAS HOME CENTER LTDA,PARAGOMINAS HOME CENTER,SANTOS DUMONT,MACEIO
TINTA,7891019170586,"TINTA ACR SB 3,2L BASE PM BRILHO E PROTECAO CORAL",,0,32091010,83000000,GL,2026-09-15T13:19:06Z,119.9,102.43,03656804000131,CARAJAS MATERIAL DE CONSTRUCAO LTDA,CARAJAS CONSTRUCAO,TABULEIRO DOS MARTINS,MACEIO
TINTA,7892948048847,"TINTA ACR FOS BASE M 3,2L SELA E PINTA IQUINE",,0,32091010,83000000,UN,2026-09-08T15:13:02Z,102.84,102.84,03656804002428,CARAJAS MATERIAL DE CONSTRUCAO LTDA,CARAJAS CONSTRUCAO,MANGABEIRAS,MACEIO
TINTA,04768,"TINTA ACR STANDARD RENDE MUITO BRANCO FOSCO 3,6L CORAL","TINTA PARA PAREDE VINIL ACRILICO CORAL RENDE MUITO 3,6 L BRANCO NEVE",7891019101467,32091010,83000000,GL,2026-09-15T17:07:32Z,102.85,102.85,12270435000801,L. JARDIM & CIA LTDA,Casas Jardim,PAJUCARA,MACEIO
TINTA,7891019919895,Tinta Acril Stan Rend Mto Areia 32L          De13287 Por10287,,0,32091010,83000000,UN,2026-09-15T17:21:34Z,132.87,102.87,01438784005590,LEROY MERLIN COMPANHIA BRASILEIRA DE BRICOLAGEM,,CRUZ DAS ALMAS,MACEIO
TINTA,377221,HIDROTINTAS SELADAO ACRIL PIGMENTADO 15L UN,,7899010494342,32091010,83000000,LT,2026-09-12T14:44:52Z,102.9,102.9,03555402000140,PARAGOMINAS HOME CENTER LTDA,PARAGOMINAS HOME CENTER,SANTOS DUMONT,MACEIO
TINTA,882068,"TINTA BASE ACR FC 3,2L ACABA MOFO P IQUI LT0001LT - ROBALO","TINTA BASE ACR FC GL3,2L DIACRYL P IQUIN GL0001GL - CANJICA COM CARAMELO",7892948030002,32091010,83000000,GL,2026-09-16T16:05:40Z,102.99,102.99,00279531000670,TUPAN CONSTRUCOES LTDA,,JARDIM PETROPOLIS,MACEIO
TINTA,8367,TINTA STARLUX 3L AZUL MAR,,0,32081010,83000000,GL,2026-09-15T14:20:37Z,105.9,103.62,05251366000157,RONILDO DE OLIVEIRA LIMA  LTDA,COMERCIAL ESPERANCA,CENTRO,MACEIO
TINTA,8373,TINTA STARLUX 3L VERMELHO,,0,32081010,83000000,GL,2026-09-15T14:20:37Z,105.9,103.62,05251366000157,RONILDO DE OLIVEIRA LIMA  LTDA,COMERCIAL ESPERANCA,CENTRO,MACEIO
TINTA,10897,TINTA ACR ECONOMICA NACOR+ BRANCO FOSCO 15L IBRATIN,,7899173409160,32091010,83000000,LA,2026-09-15T20:37:28Z,119.0,103.66,12270435000801,L. JARDIM & CIA LTDA,Casas Jardim,PAJUCARA,MACEIO
TINTA,3457,"TINTA CORAL 3,6L ACRILICA SEMI BRILHO BR",,0,32091010,83000000,UN,2026-09-10T13:17:48Z,109.9,103.83,05251366000157,RONILDO DE OLIVEIRA LIMA  LTDA,COMERCIAL ESPERANCA,CENTRO,MACEIO
TINTA,1511,TINTA ACR BR FOSCO 15L TINTAX - MIRACOR,,9999900068191,32091010,83000000,UN,2026-09-16T16:00:58Z,103.9,103.9,07848663000100,PROKASA LTDA,PROKASA,CIDADE UNIVERSITARIA,MACEIO
TINTA,7891019145461,"TINTA PISO PREM FOS 3,6L VM PINTA PISO CORAL",,0,32091010,83000000,GL,2026-09-16T13:34:32Z,103.9,103.9,03656804002428,CARAJAS MATERIAL DE CONSTRUCAO LTDA,CARAJAS CONSTRUCAO,MANGABEIRAS,MACEIO
TINTA,001698,TINTAX ACR ECONOMICO INT BRANCO BALDE 15L,,9999900068191,32091010,83000000,UN,2026-09-15T20:00:43Z,104.0,104.0,28923975000100,KAROLINY B CARDOSO - ME,COMERCIAL KAROL,JACINTINHO,MACEIO
TINTA,363322,HIDROTINTAS ESM SECAMAX 3L AMARELO UN,,7899010487696,32081010,83000000,UN,2026-09-15T13:49:21Z,109.9895,104.49,03555402000140,PARAGOMINAS HOME CENTER LTDA,PARAGOMINAS HOME CENTER,SANTOS DUMONT,MACEIO
TINTA,10509,"TINTA PISO PREMIUM SUVINIL PISO VERMELHO 3,6L PLASTICO SUVINIL",,7891260539712,32091010,83000000,GL,2026-09-08T20:17:46Z,117.0,104.66,12270435000640,L. JARDIM & CIA LTDA,Casas Jardim,JATIUCA,MACEIO
TINTA,10416,"TINTA PISO PREMIUM SUVINIL PISO CERAMICA 3,6L PLASTICO SUVINIL",,7891260539651,32091010,83000000,GL,2026-09-10T20:06:15Z,117.0,104.9,12270435000720,L. JARDIM & CIA LTDA,CASA JARDIM,BARRO DURO,MACEIO
TINTA,002880,TINTA INT. ECONOMICA 15L BRANCO NEVE,,0,32091010,83000000,UN,2026-09-15T19:01:07Z,105.0,105.0,18858120000190,GRACILENE CORREIA DA SILVA CANDIDO,HIDROGRAF,SANTA LUCIA,MACEIO
TINTA,6055273,TINTA TINTAX GELO 15L,,0,32091010,83000000,BALDE,2026-09-15T20:09:31Z,109.65,105.0,24163873000183,CAMILA S DA L NASCIMENTO,,FEITOSA,MACEIO
TINTA,1820,TINTAX ACR ECONOMICO INT GELO BALDE 15L,,0,32091010,83000000,BD,2026-09-11T20:58:13Z,105.0,105.0,56952576000103,S DE L S SOUZA,JL Construções,Chã da Jaqueira,MACEIO
TINTA,10417,"TINTA PISO PREMIUM SUVINIL PISO CINZA 3,6L PLASTICO SUVINIL",,7891260539668,32091010,83000000,GL,2026-09-15T15:42:43Z,117.0,105.0,12270435001026,L. JARDIM & CIA LTDA,Casas Jardim,FAROL,MACEIO
TINTA,003145,TINTA ESM EXTRALUX 3L MARROM TABACO,,7908147620057,32081010,83000000,UN,2026-09-12T12:39:43Z,105.0,105.0,12832317000173,ANTONIO SOARES MACHADO -  ME,ELETRO SOARES,LEVADA,MACEIO
TINTA,10416,"TINTA PISO PREMIUM SUVINIL PISO CERAMICA 3,6L PLASTICO SUVINIL",,7891260539651,32091010,83000000,GL,2026-09-11T17:22:22Z,117.0,105.0,12270435000992,L. JARDIM & CIA LTDA,Casas Jardim,TABULEIRO DO MARTINS,MACEIO
TINTA,001233,TINTA LTX 15L BRANCO GELO LUX,,7908147611253,32091010,83000000,UN,2026-09-16T11:49:47Z,105.0,105.0,12832317000173,ANTONIO SOARES MACHADO -  ME,ELETRO SOARES,LEVADA,MACEIO
TINTA,10415,"TINTA PISO PREMIUM SUVINIL PISO AMARELO 3,6L PLASTICO SUVINIL",,7891260539620,32091010,83000000,GL,2026-09-14T16:42:47Z,105.3,105.0,12270435000640,L. JARDIM & CIA LTDA,Casas Jardim,JATIUCA,MACEIO
TINTA,10415,"TINTA PISO PREMIUM SUVINIL PISO AMARELO 3,6L PLASTICO SUVINIL",,7891260539620,32091010,83000000,GL,2026-09-12T12:25:20Z,117.0,105.29,12270435000135,L. JARDIM & CIA LTDA,Casas Jardim,CENTRO,MACEIO
TINTA,10489,"TINTA PISO PREMIUM SUVINIL PISO CONCRETO 3,6L PLASTICO SUVINIL",,7891260539682,32091010,83000000,GL,2026-09-15T18:28:06Z,105.3,105.3,12270435000992,L. JARDIM & CIA LTDA,Casas Jardim,TABULEIRO DO MARTINS,MACEIO
TINTA,10417,"TINTA PISO PREMIUM SUVINIL PISO CINZA 3,6L PLASTICO SUVINIL",,7891260539668,32091010,83000000,GL,2026-09-15T11:57:01Z,105.3,105.3,12270435000640,L. JARDIM & CIA LTDA,Casas Jardim,JATIUCA,MACEIO
TINTA,10420,"TINTA PISO PREMIUM SUVINIL PISO VERDE 3,6L PLASTICO SUVINIL",,7891260539705,32091010,83000000,GL,2026-09-09T11:26:18Z,105.3,105.3,12270435000640,L. JARDIM & CIA LTDA,Casas Jardim,JATIUCA,MACEIO
TINTA,10416,"TINTA PISO PREMIUM SUVINIL PISO CERAMICA 3,6L PLASTICO SUVINIL",,7891260539651,32091010,83000000,GL,2026-09-10T20:18:16Z,105.3,105.3,12270435000640,L. JARDIM & CIA LTDA,Casas Jardim,JATIUCA,MACEIO
TINTA,10489,"TINTA PISO PREMIUM SUVINIL PISO CONCRETO 3,6L PLASTICO SUVINIL",,7891260539682,32091010,83000000,GL,2026-09-14T20:02:45Z,105.3,105.3,12270435000720,L. JARDIM & CIA LTDA,CASA JARDIM,BARRO DURO,MACEIO
TINTA,10417,"TINTA PISO PREMIUM SUVINIL PISO CINZA 3,6L PLASTICO SUVINIL",,7891260539668,32091010,83000000,GL,2026-09-11T12:07:10Z,117.0,105.49,12270435000720,L. JARDIM & CIA LTDA,CASA JARDIM,BARRO DURO,MACEIO
TINTA,21337,TINTA DURAMAIS 15L CZ.HARMONIA LUX,,7908147605085,32091010,83000000,UN,2026-09-12T13:51:55Z,109.99,105.59,70015672000156,ENCONTRO DO SOL HOME CENTER LTDA,ENCONTRO DO SOL HOME CENTER,TABULEIRO DO MARTINS,MACEIO
TINTA,1461,TINTA DURAMAIS 15L BR GELO LUX,,7908147611253,32091010,83000000,UN,2026-09-15T20:13:58Z,109.99,105.59,70015672000156,ENCONTRO DO SOL HOME CENTER LTDA,ENCONTRO DO SOL HOME CENTER,TABULEIRO DO MARTINS,MACEIO
TINTA,11182,"TINTA ACR STANDARD RENDE E COBRE MUITO BRANCO FOSCO 3,6L PLASTICO SUVINIL",,7891260552322,32091010,83000000,GL,2026-09-16T12:58:20Z,105.6,105.6,12270435000720,L. JARDIM & CIA LTDA,CASA JARDIM,BARRO DURO,MACEIO
TINTA,05541,"TINTA PISO CINZA 3,6L CORAL","TINTA ACR FC 3,6L PINTA PISO CZ/MD CORAL GL0001GL",7891019145348,32091010,83000000,GL,2026-09-11T19:47:04Z,105.67,105.67,09326760000400,CASA DAS TINTAS LTDA,,BARRO DURO,MACEIO
TINTA,10416,"TINTA PISO PREMIUM SUVINIL PISO CERAMICA 3,6L PLASTICO SUVINIL",,7891260539651,32091010,83000000,GL,2026-09-12T13:24:59Z,117.0,105.67,12270435001026,L. JARDIM & CIA LTDA,Casas Jardim,FAROL,MACEIO
TINTA,05540,"TINTA PISO CINZA ESCURO 3,6L CORAL","TINTA PARA PISO CORAL PINTAPISO 3,6 L CINZA ESCURO",7891019145362,32091010,83000000,GL,2026-09-14T16:12:12Z,105.67,105.67,09326760000168,CASA DAS TINTAS LTDA,CASA DAS TINTAS,POCO,MACEIO
TINTA,05541,"TINTA PISO CINZA 3,6L CORAL","TINTA ACR FC 3,6L PINTA PISO CZ/MD CORAL GL0001GL",7891019145348,32091010,83000000,GL,2026-09-09T16:39:44Z,105.67,105.67,09326760000753,CASA DAS TINTAS LTDA,CASA DAS TINTAS,PONTA VERDE,MACEIO
TINTA,7891019145423,"TINTA PISO PREM FOS 3,6L AZ PINTA PISO CORAL",,0,32091010,83000000,GL,2026-09-14T19:51:14Z,105.9,105.9,03656804000131,CARAJAS MATERIAL DE CONSTRUCAO LTDA,CARAJAS CONSTRUCAO,TABULEIRO DOS MARTINS,MACEIO
TINTA,7891260539699,"TINTA PISO PREM FOS 3,6L PT PISOS SUVINIL",,0,32091010,83000000,UN,2026-09-14T23:59:18Z,105.9,105.9,03656804000131,CARAJAS MATERIAL DE CONSTRUCAO LTDA,CARAJAS CONSTRUCAO,TABULEIRO DOS MARTINS,MACEIO
TINTA,5464,"TINTA CORAL 3,6L ACR FC RENDE MUITO BR NEVE",,0,32091010,83000000,UN,2026-09-16T14:03:36Z,105.9,105.9,05251366000157,RONILDO DE OLIVEIRA LIMA  LTDA,COMERCIAL ESPERANCA,CENTRO,MACEIO
TINTA,1547,NACOR TINTA AC ECO (LARANJA) 15LTS,,0,32091010,83000000,UN,2026-09-15T19:55:02Z,105.9,105.9,52681878000133,FEDERAL - TINTAS & MATERIAIS ELETRICOS LTDA,CASA 7 CORES - TINTAS E MATERIAIS ELETRICOS,Clima Bom,MACEIO
TINTA,7891260539699,"TINTA PISO PREM FOS 3,6L PT PISOS SUVINIL",,0,32091010,83000000,UN,2026-09-12T19:20:48Z,105.9,105.9,03656804002428,CARAJAS MATERIAL DE CONSTRUCAO LTDA,CARAJAS CONSTRUCAO,MANGABEIRAS,MACEIO
TINTA,7891019145324,"TINTA PISO PREM FOS 3,6L BR NEVE PINTA PISO CORAL",,0,32091010,83000000,GL,2026-09-15T19:42:57Z,105.9,105.9,03656804000131,CARAJAS MATERIAL DE CONSTRUCAO LTDA,CARAJAS CONSTRUCAO,TABULEIRO DOS MARTINS,MACEIO
TINTA,05521,"ESMALTE PREMIUM HAMMERITE OURO BRILHANTE 0,8L CORAL","TINTA ESM BR 0,8L HAMMERITE OU CORAL LT0001LT",7891019176755,32089010,83000000,UN,2026-09-14T19:48:24Z,118.0,105.96,12270435001026,L. JARDIM & CIA LTDA,Casas Jardim,FAROL,MACEIO
TINTA,000106157,TINTA INT/ACR FC BR/GELO TINTAX 15LTS MIRACOR BALD,,0,32091010,83000000,UN,2026-09-15T20:44:05Z,106.0,106.0,36075101000179,C J C DE MELO JUNIOR  LTDA,FERNANDES LIMA CONSTRUCOES,PITANGUINHA,MACEIO
TINTA,9290,TINTA PVA DURAMAIS LUX LT MARF 15L BD,,7908147611628,32091010,83000000,BD,2026-09-10T18:13:44Z,111.9,106.0,01493748000306,CONSTRUÇÕES IPANEMA LTDA,CONSTRUCOES IPANEMA,CENTRO,MACEIO
TINTA,10897,TINTA ACR ECONOMICA NACOR+ BRANCO FOSCO 15L IBRATIN,,7899173409160,32091010,83000000,LA,2026-09-08T12:18:21Z,107.1,106.075,12270435000992,L. JARDIM & CIA LTDA,Casas Jardim,TABULEIRO DO MARTINS,MACEIO
TINTA,498,TINTA ACRI PINTALAR 15L BR NEVE IQUINE,PINTALAR FA BRANCO NEVE BALDE 15L -&GT PRODUTO NAO CLASSIFICADO COMO PERIGOSO PARA FINS DE TRANSPORTE.,7892948043187,32091010,83000000,UN,2026-09-09T11:58:20Z,115.0,106.35,18249861000173,J V DA CONCEICAO MACHADO - ME,JESSICA CONSTRUCOES,TABULEIRO DOS MARTINS,MACEIO
TINTA,7892948030064,"TINTA ACR FOSC 3,2L ACABA COM BASE C IQUINE",,0,32091010,83000000,UN,2026-09-16T15:24:44Z,106.93,106.93,03656804000131,CARAJAS MATERIAL DE CONSTRUCAO LTDA,CARAJAS CONSTRUCAO,TABULEIRO DOS MARTINS,MACEIO
TINTA,953088,"TINTA ACR FC 3,6L PINTA PISO VDQUA CORA","TINTA ACR FC 3,6L PINTA PISO VD/QUA CORA GL0001GL",7891019145447,32091010,83000000,GL,2026-09-15T21:56:14Z,106.99,106.99,00279531000670,TUPAN CONSTRUCOES LTDA,,JARDIM PETROPOLIS,MACEIO
TINTA,69763,"TINTA ACR FC 3,6L PINTA PISO CZES CORAL","TINTA PARA PISO CORAL PINTAPISO 3,6 L CINZA ESCURO",7891019145362,32091010,83000000,GL,2026-09-14T17:23:42Z,106.99,106.99,00279531000670,TUPAN CONSTRUCOES LTDA,,JARDIM PETROPOLIS,MACEIO
TINTA,64099,"TINTA ACR FC 3,6L PINTA PISO PT CORAL","TINTA ACR FC 3,6L PINTA PISO PT CORAL GL0001GL",7891019145409,32091010,83000000,GL,2026-09-15T20:20:39Z,106.99,106.99,00279531000670,TUPAN CONSTRUCOES LTDA,,JARDIM PETROPOLIS,MACEIO
TINTA,892234,"TINTA ACR FC 3,6L PINTA PISO VM/SEG CORA GL0001GL","TINTA PINTA PISO VM SEGURANCA 3.6L CORAL 1X3,6LCORAL",7891019176151,32091010,83000000,GL,2026-09-10T15:00:38Z,106.99,106.99,00279531000670,TUPAN CONSTRUCOES LTDA,,JARDIM PETROPOLIS,MACEIO
TINTA,10898,TINTA ACR ECONOMICA NACOR+ GELO FOSCO 15L IBRATIN,,7899173409184,32091010,83000000,LA,2026-09-08T12:23:57Z,107.1,107.1,12270435000720,L. JARDIM & CIA LTDA,CASA JARDIM,BARRO DURO,MACEIO
TINTA,10898,TINTA ACR ECONOMICA NACOR+ GELO FOSCO 15L IBRATIN,,7899173409184,32091010,83000000,LA,2026-09-14T19:36:39Z,119.0,107.1,12270435000640,L. JARDIM & CIA LTDA,Casas Jardim,JATIUCA,MACEIO
TINTA,10897,TINTA ACR ECONOMICA NACOR+ BRANCO FOSCO 15L IBRATIN,,7899173409160,32091010,83000000,LA,2026-09-15T18:50:48Z,107.1,107.1,12270435000640,L. JARDIM & CIA LTDA,Casas Jardim,JATIUCA,MACEIO
TINTA,10898,TINTA ACR ECONOMICA NACOR+ GELO FOSCO 15L IBRATIN,,7899173409184,32091010,83000000,LA,2026-09-09T17:15:12Z,107.1,107.1,12270435000992,L. JARDIM & CIA LTDA,Casas Jardim,TABULEIRO DO MARTINS,MACEIO
TINTA,10897,TINTA ACR ECONOMICA NACOR+ BRANCO FOSCO 15L IBRATIN,,7899173409160,32091010,83000000,LA,2026-09-11T13:15:53Z,107.1,107.1,12270435000135,L. JARDIM & CIA LTDA,Casas Jardim,CENTRO,MACEIO
TINTA,10897,TINTA ACR ECONOMICA NACOR+ BRANCO FOSCO 15L IBRATIN,,7899173409160,32091010,83000000,LA,2026-09-16T12:15:21Z,107.1,107.1,12270435000720,L. JARDIM & CIA LTDA,CASA JARDIM,BARRO DURO,MACEIO
TINTA,7892948043507,TINTA ACR FOS BR GELO 15L PINTALAR IQUINE,,0,32091010,83000000,UN,2026-09-15T15:17:30Z,133.9,107.13,03656804000131,CARAJAS MATERIAL DE CONSTRUCAO LTDA,CARAJAS CONSTRUCAO,TABULEIRO DOS MARTINS,MACEIO
TINTA,7891260539637,"TINTA PISO PREM FOS 3,6L AZ PISOS SUVINIL",,0,32091010,83000000,UN,2026-09-12T22:33:33Z,113.9,107.19,03656804002428,CARAJAS MATERIAL DE CONSTRUCAO LTDA,CARAJAS CONSTRUCAO,MANGABEIRAS,MACEIO
TINTA,10897,TINTA ACR ECONOMICA NACOR+ BRANCO FOSCO 15L IBRATIN,,7899173409160,32091010,83000000,LA,2026-09-14T11:57:05Z,119.0,107.21,12270435001026,L. JARDIM & CIA LTDA,Casas Jardim,FAROL,MACEIO
TINTA,000104374,"TINTA EXT/ACR FC BR/NEVE RENDE MUITO 3,6LTS CORAL",,0,32091010,83000000,UN,2026-09-10T15:58:54Z,115.0,107.72,36075101000179,C J C DE MELO JUNIOR  LTDA,FERNANDES LIMA CONSTRUCOES,PITANGUINHA,MACEIO
TINTA,11499,"TINTA PISO PREMIUM SUPER NOVO PISO CONCRETO SEMI BRILHO 3,6L HYDRONORTH",,7896257524931,32091010,83000000,GL,2026-09-14T12:21:03Z,120.0,107.96,12270435000640,L. JARDIM & CIA LTDA,Casas Jardim,JATIUCA,MACEIO
TINTA,2857,ESM SINT MAXLIT GL 3L (PRETO) - HIDROTINTAS,,0,32081010,83000000,UN,2026-09-11T15:27:15Z,113.9,108.2,52681878000133,FEDERAL - TINTAS & MATERIAIS ELETRICOS LTDA,CASA 7 CORES - TINTAS E MATERIAIS ELETRICOS,Clima Bom,MACEIO
TINTA,04768,"TINTA ACR STANDARD RENDE MUITO BRANCO FOSCO 3,6L CORAL","TINTA PARA PAREDE VINIL ACRILICO CORAL RENDE MUITO 3,6 L BRANCO NEVE",7891019101467,32091010,83000000,GL,2026-09-15T18:51:49Z,121.0,108.5,12270435000640,L. JARDIM & CIA LTDA,Casas Jardim,JATIUCA,MACEIO
TINTA,10126,"TINTA ACR STANDARD RENDE MUITO GELO FOSCO 3,2L CORAL","TINTA ACRILICA RENDE MUITO STANDARD FOSCO GELO 3,2L CORAL",7891019919925,32091010,83000000,GL,2026-09-10T17:22:54Z,121.0,108.61,12270435000640,L. JARDIM & CIA LTDA,Casas Jardim,JATIUCA,MACEIO
TINTA,0000000003423,TINTA ACRILICA INTERNA 15L BD AMARELO PRIMAVERA QUIMILUX,,0,32091010,83000000,UN,2026-09-16T12:13:53Z,112.7,108.67,24483653000137,JOSE VALDIR BARROS DE OLIVEIRA - ME         EPP,NOME DE FANTASIA - NULA,PETROPOLIS,MACEIO
TINTA,7891260509128,"TINTA GLASU BRILHO PRATICO FT ANTIGA 3,6L SUVINIL",,0,32091010,83000000,UN,2026-09-15T21:48:57Z,135.9,108.73,03656804000131,CARAJAS MATERIAL DE CONSTRUCAO LTDA,CARAJAS CONSTRUCAO,TABULEIRO DOS MARTINS,MACEIO
TINTA,10321,"TINTA ACR STANDARD RENDE MUITO TUBARAO BRANCO FOSCO 3,2L CORAL","TINTA ACR FC 3,2L REND MUIT TUBAR/BR COR GL0001GL",7891019919871,32091010,83000000,GL,2026-09-10T12:04:11Z,121.0,108.82,12270435000135,L. JARDIM & CIA LTDA,Casas Jardim,CENTRO,MACEIO
TINTA,04768,"TINTA ACR STANDARD RENDE MUITO BRANCO FOSCO 3,6L CORAL","TINTA PARA PAREDE VINIL ACRILICO CORAL RENDE MUITO 3,6 L BRANCO NEVE",7891019101467,32091010,83000000,GL,2026-09-16T12:29:58Z,108.9,108.9,12270435000720,L. JARDIM & CIA LTDA,CASA JARDIM,BARRO DURO,MACEIO
TINTA,04768,"TINTA ACR STANDARD RENDE MUITO BRANCO FOSCO 3,6L CORAL","TINTA PARA PAREDE VINIL ACRILICO CORAL RENDE MUITO 3,6 L BRANCO NEVE",7891019101467,32091010,83000000,GL,2026-09-14T14:25:48Z,108.9,108.9,12270435001026,L. JARDIM & CIA LTDA,Casas Jardim,FAROL,MACEIO
TINTA,04768,"TINTA ACR STANDARD RENDE MUITO BRANCO FOSCO 3,6L CORAL","TINTA PARA PAREDE VINIL ACRILICO CORAL RENDE MUITO 3,6 L BRANCO NEVE",7891019101467,32091010,83000000,GL,2026-09-15T20:33:24Z,121.0,108.9,12270435000992,L. JARDIM & CIA LTDA,Casas Jardim,TABULEIRO DO MARTINS,MACEIO
TINTA,04768,"TINTA ACR STANDARD RENDE MUITO BRANCO FOSCO 3,6L CORAL","TINTA PARA PAREDE VINIL ACRILICO CORAL RENDE MUITO 3,6 L BRANCO NEVE",7891019101467,32091010,83000000,GL,2026-09-11T11:34:21Z,121.0,108.94,12270435000135,L. JARDIM & CIA LTDA,Casas Jardim,CENTRO,MACEIO
TINTA,6024,TINTA VINIL ACR LT15L PINTALAR BR GELO IQUINE,,0,32091010,83000000,UN,2026-09-11T19:33:32Z,119.9,109.25,22442491000163,MADSON LUAN CORRERIA RAMOS,OURO PRETO MATERIAIS DE CONSTRUCAO,OURO PRETO,MACEIO
TINTA,9286,TINTA PVA DURAMAIS LUX LT BR NEVE 15L BD,,7908147609229,32091010,83000000,BD,2026-09-15T19:19:34Z,117.9022,109.27,01493748000306,CONSTRUÇÕES IPANEMA LTDA,CONSTRUCOES IPANEMA,CENTRO,MACEIO
TINTA,7892948057443,"TINTA ACR SB 3,6L BR NEVE LIMPA FACIL IQUINE",,0,32091010,83000000,UN,2026-09-14T18:52:35Z,109.9,109.9,03656804002428,CARAJAS MATERIAL DE CONSTRUCAO LTDA,CARAJAS CONSTRUCAO,MANGABEIRAS,MACEIO
TINTA,7892948050574,TINTA ACR FOS BR NEVE 15L BD DIATEX IQUINE,,0,32091010,83000000,UN,2026-09-16T22:59:49Z,109.9,109.9,03656804002428,CARAJAS MATERIAL DE CONSTRUCAO LTDA,CARAJAS CONSTRUCAO,MANGABEIRAS,MACEIO
TINTA,363329,HIDROTINTAS ESM SECAMAX FOSCO 3L PRETO UN,,7899010487993,32081010,83000000,UN,2026-09-11T16:35:10Z,109.9,109.9,03555402000140,PARAGOMINAS HOME CENTER LTDA,PARAGOMINAS HOME CENTER,SANTOS DUMONT,MACEIO
TINTA,7892948057474,"TINTA ACR SB 3,6L PEROLA LIMPA FACIL IQUINE",,7892948057474,32091010,83000000,UN,2026-09-16T11:38:17Z,109.9,109.9,03656804000131,CARAJAS MATERIAL DE CONSTRUCAO LTDA,CARAJAS CONSTRUCAO,TABULEIRO DOS MARTINS,MACEIO
TINTA,7892948057474,"TINTA ACR SB 3,6L PEROLA LIMPA FACIL IQUINE",,0,32091010,83000000,UN,2026-09-12T13:51:51Z,109.9,109.9,03656804000131,CARAJAS MATERIAL DE CONSTRUCAO LTDA,CARAJAS CONSTRUCAO,TABULEIRO DOS MARTINS,MACEIO
TINTA,7892948057467,"TINTA ACR SB 3,6L PALHA LIMPA FACIL IQUINE",,7892948057467,32091010,83000000,UN,2026-09-09T17:53:11Z,109.9,109.9,03656804000131,CARAJAS MATERIAL DE CONSTRUCAO LTDA,CARAJAS CONSTRUCAO,TABULEIRO DOS MARTINS,MACEIO
TINTA,7892948057450,"TINTA ACR SB 3,6L BR GELO LIMPA FACIL IQUINE",,7892948057450,32091010,83000000,UN,2026-09-09T20:01:25Z,109.9,109.9,03656804000131,CARAJAS MATERIAL DE CONSTRUCAO LTDA,CARAJAS CONSTRUCAO,TABULEIRO DOS MARTINS,MACEIO
TINTA,7892948057450,"TINTA ACR SB 3,6L BR GELO LIMPA FACIL IQUINE",,0,32091010,83000000,UN,2026-09-15T13:27:37Z,109.9,109.9,03656804000131,CARAJAS MATERIAL DE CONSTRUCAO LTDA,CARAJAS CONSTRUCAO,TABULEIRO DOS MARTINS,MACEIO
TINTA,7892948057450,"TINTA ACR SB 3,6L BR GELO LIMPA FACIL IQUINE",,7892948057450,32091010,83000000,UN,2026-09-16T17:55:22Z,109.9,109.9,03656804002428,CARAJAS MATERIAL DE CONSTRUCAO LTDA,CARAJAS CONSTRUCAO,MANGABEIRAS,MACEIO
TINTA,2437,TINTA PINTALAR DE 15L BRANCO NEVE IQUINE,,0,32091010,83000000,UN,2026-09-08T12:25:26Z,109.9,109.9,13390079000156,JULIANA DOS SANTOS LEITE - ME,MAMUSKA CONSTRUCOES,VERGEL DO LAGO,MACEIO
TINTA,4005,TINTA PINTALAR DE 15L BRANCO GELO IQUINE,,0,32091010,83000000,UN,2026-09-08T12:25:26Z,109.9,109.9,13390079000156,JULIANA DOS SANTOS LEITE - ME,MAMUSKA CONSTRUCOES,VERGEL DO LAGO,MACEIO
TINTA,3637,TINTA LATEX HIDROTINTAS 15L BR NEVE INT.,,7899010490511,32091010,83000000,UNID,2026-09-09T15:39:24Z,109.9,109.9,30952984000171,PEIXOTO & CANSANÇÃO COMÉRCIO DE MATERIAIS DE CONSTRUÇÃO LTDA,COMERCIAL ZENITH,SERRARIA,MACEIO
TINTA,6023,TINTA VINIL ACR LT15L PINTALAR BR NEVE IQUINE,,0,32091010,83000000,UN,2026-09-11T12:04:04Z,119.9,109.9,22442491000163,MADSON LUAN CORRERIA RAMOS,OURO PRETO MATERIAIS DE CONSTRUCAO,OURO PRETO,MACEIO
TINTA,373781,HIPERCOR ACR 15L AREIA BALDE UN,TINTA ACRILICA AREIA 15L HIPERCOR,7897144027535,32091010,83000000,UN,2026-09-16T19:06:19Z,109.9,109.9,03555402000140,PARAGOMINAS HOME CENTER LTDA,PARAGOMINAS HOME CENTER,SANTOS DUMONT,MACEIO
TINTA,7892948057443,"TINTA ACR SB 3,6L BR NEVE LIMPA FACIL IQUINE",,0,32091010,83000000,UN,2026-09-16T15:48:39Z,109.9,109.9,03656804000131,CARAJAS MATERIAL DE CONSTRUCAO LTDA,CARAJAS CONSTRUCAO,TABULEIRO DOS MARTINS,MACEIO
TINTA,7892948057450,"TINTA ACR SB 3,6L BR GELO LIMPA FACIL IQUINE",,0,32091010,83000000,UN,2026-09-16T17:32:00Z,109.9,109.9,03656804002428,CARAJAS MATERIAL DE CONSTRUCAO LTDA,CARAJAS CONSTRUCAO,MANGABEIRAS,MACEIO
TINTA,7892948057443,"TINTA ACR SB 3,6L BR NEVE LIMPA FACIL IQUINE",,7892948057443,32091010,83000000,UN,2026-09-16T21:03:08Z,109.9,109.9,03656804002428,CARAJAS MATERIAL DE CONSTRUCAO LTDA,CARAJAS CONSTRUCAO,MANGABEIRAS,MACEIO
TINTA,7892948050574,TINTA ACR FOS BR NEVE 15L BD DIATEX IQUINE,,0,32091010,83000000,UN,2026-09-16T20:55:12Z,109.9,109.9,03656804000131,CARAJAS MATERIAL DE CONSTRUCAO LTDA,CARAJAS CONSTRUCAO,TABULEIRO DOS MARTINS,MACEIO
TINTA,7892948050574,TINTA ACR FOS BR NEVE 15L BD DIATEX IQUINE,TINTA VN ACR BD15L DIATEX BR/NV IQUINE BD0001BD,7892948050574,32091010,83000000,UN,2026-09-16T21:04:15Z,109.9,109.9,03656804000131,CARAJAS MATERIAL DE CONSTRUCAO LTDA,CARAJAS CONSTRUCAO,TABULEIRO DOS MARTINS,MACEIO
TINTA,7891019919932,Tinta Acril Stan Rend Mto CamurAa 32L        De11691 Por10991,,0,32091010,83000000,UN,2026-09-15T16:47:24Z,116.91,109.91,01438784005590,LEROY MERLIN COMPANHIA BRASILEIRA DE BRICOLAGEM,,CRUZ DAS ALMAS,MACEIO
TINTA,52420,TINTA.INT.NACOR ECON 15L BR IBRATIN,,7899173409160,32091010,83000000,BD,2026-09-16T10:25:24Z,109.99,109.99,70015672000156,ENCONTRO DO SOL HOME CENTER LTDA,ENCONTRO DO SOL HOME CENTER,TABULEIRO DO MARTINS,MACEIO
TINTA,45175,TINTA  ACR.PINT.BR NEVE FOSCO 15L IQUINE,PINTALAR FA BRANCO NEVE BALDE 15L -&GT PRODUTO NAO CLASSIFICADO COMO PERIGOSO PARA FINS DE TRANSPORTE.,7892948043187,32091010,83000000,UN,2026-09-11T11:36:22Z,109.99,109.99,70015672000156,ENCONTRO DO SOL HOME CENTER LTDA,ENCONTRO DO SOL HOME CENTER,TABULEIRO DO MARTINS,MACEIO
TINTA,41447,TINTA NACOR ECON 15L BR CRB IBRATIN,,7899173407678,32091010,83000000,UN,2026-09-08T13:11:57Z,109.99,109.99,70015672000156,ENCONTRO DO SOL HOME CENTER LTDA,ENCONTRO DO SOL HOME CENTER,TABULEIRO DO MARTINS,MACEIO
TINTA,363831,HIDROTINTAS ESM SECAMAX 3L AZ FRANCA UN,,7899010487757,32081010,83000000,UN,2026-09-10T19:38:30Z,109.99,109.99,03555402000140,PARAGOMINAS HOME CENTER LTDA,PARAGOMINAS HOME CENTER,SANTOS DUMONT,MACEIO
TINTA,56472,TINTA NACOR ECON 15L BR CRB IBRATIN,,0,69072300,83000000,UN,2026-09-12T20:00:20Z,109.99,109.99,70015672000156,ENCONTRO DO SOL HOME CENTER LTDA,ENCONTRO DO SOL HOME CENTER,TABULEIRO DO MARTINS,MACEIO
TINTA,296006,"TINTA ACR FC 3,6L MASTER AREIA CORAL GL0004GL",,7891019993871,32091010,83000000,FD,2026-09-09T19:16:18Z,109.99,109.99,00279531000670,TUPAN CONSTRUCOES LTDA,,JARDIM PETROPOLIS,MACEIO
TINTA,296004,"TINTA ACR FC 3,6L MASTER BR/GL CORAL GL0004GL",,7891019993918,32091010,83000000,FD,2026-09-15T17:47:28Z,109.99,109.99,00279531000670,TUPAN CONSTRUCOES LTDA,,JARDIM PETROPOLIS,MACEIO
TINTA,295969,"TINTA ACR FC 3,6L MASTER BR CORAL GL0004GL",,7891019993932,32091010,83000000,GL,2026-09-10T13:41:45Z,109.99,109.99,00279531000670,TUPAN CONSTRUCOES LTDA,,JARDIM PETROPOLIS,MACEIO
TINTA,972631,TINTA VN ACR BD15L DIATEX BR/GL IQUINE BD0001BD,TINTA VN ACR BD15L DIATEX BR/GL IQUINE BD0001BD,7892948050581,32091010,83000000,BD,2026-09-15T16:41:36Z,109.99,109.99,00279531000670,TUPAN CONSTRUCOES LTDA,,JARDIM PETROPOLIS,MACEIO
TINTA,972629,TINTA VN ACR BD15L DIATEX BR/NV IQUINE BD0001BD,TINTA VN ACR BD15L DIATEX BR/NV IQUINE BD0001BD,7892948050574,32091010,83000000,BD,2026-09-16T15:41:23Z,109.99,109.99,00279531000670,TUPAN CONSTRUCOES LTDA,,JARDIM PETROPOLIS,MACEIO
TINTA,296007,"TINTA ACR FC 3,6L MASTER TUB/BR CORAL GL0004GL",,7891019993994,32091010,83000000,FD,2026-09-14T20:35:11Z,109.99,109.99,00279531000670,TUPAN CONSTRUCOES LTDA,,JARDIM PETROPOLIS,MACEIO
TINTA,269,TINTA ACR INTERIOR FOSCO AREIA 15L TINTAX,,0,32091010,83000000,BD,2026-09-16T19:25:03Z,110.0,110.0,24479546000135,24.479.546 EVERTON TAVARES DA SILVA,,CIDADE UNIVERSITARIA,MACEIO
TINTA,32091010,tinta int branco gelo ibratin,,0,32091010,83000000,UND,2026-09-14T15:34:12Z,110.0,110.0,55031412000180,ILSON TENORIO ECCARDD - TINTAS LTDA,LOJAO DAS TINTAS,Levada,MACEIO
TINTA,232,LATEX DURAMAIS 15L BR NEVE - TINTAS LUX,,0,32091010,83000000,UN,2026-09-16T15:03:29Z,110.0,110.0,54726373000173,L BRAZ DA SILVA LTDA,,Cidade Universitária,MACEIO
TINTA,291,TINTA ACRI INT PINTALAR 15L BR GELO IQUI,"PINTALAR-VINIL ACRIL BCO GELO 15,0L -> PRODUTO NAO CLASSIFICADO COMO PERIGOSO PARA FINS DE TRANSPORTE.",7892948043507,32091010,83000000,LT,2026-09-09T19:27:16Z,120.0,110.0,15335170000102,BARÃO DAS MANTAS COMERCIO E SERVIÇOS LTDA,BARAO DAS MANTAS COMERCIO E SERVICOS,BENEDITO BENTES,MACEIO
TINTA,292,TINTA ACRI INT PINTALAR 15L MARFIM IQUIN,"PINTALAR-VINIL ACRIL MARFIM 15,0L -> PRODUTO NAO CLASSIFICADO COMO PERIGOSO PARA FINS DE TRANSPORTE.",7892948045372,32091010,83000000,LT,2026-09-09T17:03:09Z,120.0,110.0,15335170000102,BARÃO DAS MANTAS COMERCIO E SERVIÇOS LTDA,BARAO DAS MANTAS COMERCIO E SERVICOS,BENEDITO BENTES,MACEIO
TINTA,1349,TINTA LTX PINTALAR 15 L - IQUINE - NEVE,,0,32091010,83000000,BD,2026-09-09T19:13:24Z,110.0,110.0,42524555000182,MARTA DE LIMA CARDOZO,TM CONSTRUCOES,OURO PRETO,MACEIO
TINTA,2016,TINTA LTX PINTALAR ACRIL BCO GELO 15L,,0,32091010,83000000,BD,2026-09-11T21:20:48Z,110.0,110.0,42524555000182,MARTA DE LIMA CARDOZO,TM CONSTRUCOES,OURO PRETO,MACEIO
TINTA,2267,TINTA MIRALAR ACR ECON INT BR 15L MIRACOR,,0,32091010,83000000,BD,2026-09-09T14:33:24Z,110.0,110.0,42524555000182,MARTA DE LIMA CARDOZO,TM CONSTRUCOES,OURO PRETO,MACEIO
TINTA,0000000003365,TINTA ACRILICA INTERNA 15LT BD BRANCO NEVE QUIMILUX,,0,32091010,83000000,UN,2026-09-12T13:08:36Z,112.7,110.0,24483653000137,JOSE VALDIR BARROS DE OLIVEIRA - ME         EPP,NOME DE FANTASIA - NULA,PETROPOLIS,MACEIO
TINTA,0000000001943,TINTA ECON 15L AMARE,,0,32091010,83000000,UN,2026-09-14T21:02:20Z,110.0,110.0,10664967000121,MLV MATERIAIS DE CONSTRUCAO LTDA - ME,GIRASSOL MATERIAL DE CONSTRUCOES,TRAPICHE DA BARRA,MACEIO
TINTA,4731,TINTA LATEX LUX L.PRO INTERIOR BD15L BR NEVE,,7908147622426,32091010,83000000,UN,2026-09-15T20:37:57Z,113.0,110.0,05087080000188,ROSIMEIRE DA SILVA SANTOS - EPP,KOMANDO CONSTRUCOES,CIDADE UNIVESITARIA,MACEIO
TINTA,91,Tinta  Pintalar 15L- Branco Gelo,"PINTALAR-VINIL ACRIL BCO GELO 15,0L -> PRODUTO NAO CLASSIFICADO COMO PERIGOSO PARA FINS DE TRANSPORTE.",7892948043507,32091010,83000000,UN,2026-09-14T12:50:42Z,110.0,110.0,34532809000186,BOLINHA CONSTRUÇÕES LTDA,BOLINHA CONSTRUCOES,CENTRO,MACEIO
TINTA,33553,MASSA ACRILICA 20KG HIDROTINTAS,,7899010486903,32141020,83000000,BD,2026-09-10T13:57:42Z,110.0,110.0,12839528000138,JOSAFA DE CASTRO SANTOS LARANGEIRA - ME,,CIDADE UNIVERSITARIA,MACEIO
TINTA,7892948058112,"TINTA ACR SELA E PINTA GESSO BR NEVE 3,6L IQUINE",,0,32091010,83000000,UN,2026-09-09T17:28:22Z,113.9,110.28,03656804000131,CARAJAS MATERIAL DE CONSTRUCAO LTDA,CARAJAS CONSTRUCAO,TABULEIRO DOS MARTINS,MACEIO
TINTA,9292,TINTA PVA DURAMAIS LUX LT MENTA 15L 1,,7908147611307,32091010,83000000,BD,2026-09-11T15:56:57Z,117.904,110.83,01493748000306,CONSTRUÇÕES IPANEMA LTDA,CONSTRUCOES IPANEMA,CENTRO,MACEIO
TINTA,9286,TINTA PVA DURAMAIS LUX LT BR NEVE 15L BD,,7908147609229,32091010,83000000,BD,2026-09-15T11:13:07Z,110.83,110.83,01493748000136,CONSTRUÇÕES IPANEMA LTDA,CONSTRUÇÕES IPANEMA,POCO,MACEIO
TINTA,9284,TINTA PVA DURAMAIS LUX LT BR GELO 15L BD,,7908147611253,32091010,83000000,LT,2026-09-11T18:50:32Z,110.83,110.83,01493748000136,CONSTRUÇÕES IPANEMA LTDA,CONSTRUÇÕES IPANEMA,POCO,MACEIO
TINTA,9286,TINTA PVA DURAMAIS LUX LT BR NEVE 15L BD,,7908147609229,32091010,83000000,BD,2026-09-14T20:07:15Z,110.83,110.83,11914541000141,NETTER CASA E CONSTRUÇÃO LTDA ME,CONSTRUCOES IPANEMA,JACINTINHO,MACEIO
TINTA,1615,TINTA ACR ECONOMICA INT BR TINTAX  15L,,0,32081010,83000000,UN,2026-09-08T14:12:27Z,111.0,111.0,17218109000100,A ANDRADE MATERIAIS DE CONSTRUCOES LTDA,REFAZ CONSTRUCOES,PESCARIA,MACEIO
TINTA,9298,TINTA PVA DURAMAIS LUX LT PESSEGO 15L 1,,7908147611680,32091010,83000000,UN,2026-09-10T18:52:42Z,117.9,111.0,01493748000306,CONSTRUÇÕES IPANEMA LTDA,CONSTRUCOES IPANEMA,CENTRO,MACEIO
TINTA,9299,TINTA PVA DURAMAIS LUX LT VD CAMP 15L 1,,7908147611277,32091010,83000000,BD,2026-09-11T12:15:49Z,111.9,111.9,11914541000141,NETTER CASA E CONSTRUÇÃO LTDA ME,CONSTRUCOES IPANEMA,JACINTINHO,MACEIO
TINTA,7891019145386,"TINTA PISO PREM FOS 3,6L CONCRETO PINTA PISO CORAL",,0,32091010,83000000,GL,2026-09-16T14:12:07Z,111.9,111.9,03656804002428,CARAJAS MATERIAL DE CONSTRUCAO LTDA,CARAJAS CONSTRUCAO,MANGABEIRAS,MACEIO
TINTA,7891019145386,"TINTA PISO PREM FOS 3,6L CONCRETO PINTA PISO CORAL","TINTA ACR FC 3,6L PINTA PISO CONC CORAL GL0001GL",7891019145386,32091010,83000000,GL,2026-09-15T17:52:14Z,111.9,111.9,03656804000131,CARAJAS MATERIAL DE CONSTRUCAO LTDA,CARAJAS CONSTRUCAO,TABULEIRO DOS MARTINS,MACEIO
TINTA,9294,TINTA PVA DURAMAIS LUX LT PALHA 15L 1,,7908147611659,32091010,83000000,BD,2026-09-15T13:30:42Z,111.9,111.9,01493748000136,CONSTRUÇÕES IPANEMA LTDA,CONSTRUÇÕES IPANEMA,POCO,MACEIO
TINTA,7891019145386,"TINTA PISO PREM FOS 3,6L CONCRETO PINTA PISO CORAL",,0,32091010,83000000,GL,2026-09-11T18:41:53Z,111.9,111.9,03656804000131,CARAJAS MATERIAL DE CONSTRUCAO LTDA,CARAJAS CONSTRUCAO,TABULEIRO DOS MARTINS,MACEIO
TINTA,9294,TINTA PVA DURAMAIS LUX LT PALHA 15L 1,,7908147611659,32091010,83000000,BD,2026-09-10T13:56:55Z,111.9,111.9,01493748000306,CONSTRUÇÕES IPANEMA LTDA,CONSTRUCOES IPANEMA,CENTRO,MACEIO
TINTA,0000000006931,TINTA ACRI PINTALAR 15 L VERDE PISCINA IQUINE,,0,32091010,83000000,UN,2026-09-12T11:36:36Z,119.9,112.4,13234526000188,FLAVIO BASILIO DE ALMEIDA,COMERCIAL BASILIO,CLIMA BOM,MACEIO
TINTA,0000000003425,TINTA ACRILICA INTERNA 15L BD CINZA MEDIO QUIMILUX,,0,32091010,83000000,UN,2026-09-09T12:33:38Z,112.7,112.5,24483653000137,JOSE VALDIR BARROS DE OLIVEIRA - ME         EPP,NOME DE FANTASIA - NULA,PETROPOLIS,MACEIO
TINTA,7892948048861,"TINTA ACR FOS BASE C 3,2L SELA E PINTA IQUINE",,0,32091010,83000000,UN,2026-09-14T19:58:24Z,112.62,112.62,03656804000131,CARAJAS MATERIAL DE CONSTRUCAO LTDA,CARAJAS CONSTRUCAO,TABULEIRO DOS MARTINS,MACEIO
TINTA,56332,"CORAL RENOVA GESSO & DRYWALL 3,6L BR/NV","TINTA LATEX FOSCA RENOVA GESSO E DRYWALL BRANCO 3,6 L CORAL",7891019139712,32091010,83000000,GL,2026-09-09T13:55:27Z,125.3,112.77,40181440000107,SANTOS & SANTOS COMERCIO DE MATERIAIS DE CONSTRUCAO LTDA,DONA NENE CONSTRUCOES,POCO,MACEIO
TINTA,1687,"Tinta Coral rende muito 3,6l branco","TINTA PARA PAREDE VINIL ACRILICO CORAL RENDE MUITO 3,6 L BRANCO NEVE",7891019101467,32091010,83000000,UN,2026-09-12T16:01:43Z,113.0,113.0,34532809000186,BOLINHA CONSTRUÇÕES LTDA,BOLINHA CONSTRUCOES,CENTRO,MACEIO
TINTA,01964,"TINTA GESSO ECONOMICA RENOVA GESSO E DRYWALL BRANCO FOSCO 3,6L CORAL","TINTA LATEX FOSCA RENOVA GESSO E DRYWALL BRANCO 3,6 L CORAL",7891019139712,32091010,83000000,GL,2026-09-08T20:03:59Z,113.4,113.4,12270435001026,L. JARDIM & CIA LTDA,Casas Jardim,FAROL,MACEIO
TINTA,01964,"TINTA GESSO ECONOMICA RENOVA GESSO E DRYWALL BRANCO FOSCO 3,6L CORAL","TINTA LATEX FOSCA RENOVA GESSO E DRYWALL BRANCO 3,6 L CORAL",7891019139712,32091010,83000000,GL,2026-09-11T17:06:31Z,113.4,113.4,12270435000992,L. JARDIM & CIA LTDA,Casas Jardim,TABULEIRO DO MARTINS,MACEIO
TINTA,01964,"TINTA GESSO ECONOMICA RENOVA GESSO E DRYWALL BRANCO FOSCO 3,6L CORAL","TINTA LATEX FOSCA RENOVA GESSO E DRYWALL BRANCO 3,6 L CORAL",7891019139712,32091010,83000000,GL,2026-09-14T11:13:55Z,113.4,113.4,12270435000720,L. JARDIM & CIA LTDA,CASA JARDIM,BARRO DURO,MACEIO
TINTA,7891260539668,"TINTA PISO PREM FOS 3,6L CZ PISOS SUVINIL",,0,32091010,83000000,UN,2026-09-13T19:39:30Z,113.9,113.9,03656804002428,CARAJAS MATERIAL DE CONSTRUCAO LTDA,CARAJAS CONSTRUCAO,MANGABEIRAS,MACEIO
TINTA,7891260539668,"TINTA PISO PREM FOS 3,6L CZ PISOS SUVINIL",,7891260539668,32091010,83000000,UN,2026-09-11T20:04:07Z,113.9,113.9,03656804002428,CARAJAS MATERIAL DE CONSTRUCAO LTDA,CARAJAS CONSTRUCAO,MANGABEIRAS,MACEIO
TINTA,7891019207916,ESMALTE SINT BRI 800ML BR NEVE HAMMERITE,"TINTA ESM BR 0,8L HAMMERITE BR CORAL LT0001LT",7891019207916,32089010,83000000,UN,2026-09-13T15:58:06Z,113.9,113.9,03656804000131,CARAJAS MATERIAL DE CONSTRUCAO LTDA,CARAJAS CONSTRUCAO,TABULEIRO DOS MARTINS,MACEIO
TINTA,7892948058112,"TINTA ACR SELA E PINTA GESSO BR NEVE 3,6L IQUINE",,7892948058112,32091010,83000000,UN,2026-09-14T20:15:21Z,113.9,113.9,03656804000131,CARAJAS MATERIAL DE CONSTRUCAO LTDA,CARAJAS CONSTRUCAO,TABULEIRO DOS MARTINS,MACEIO
TINTA,7892948029846,"TINTA ACR FOSC BASE M 3,2L DELANIL IQUINE","TINTA BASE ACR FOS 3,2L DELANIL M IQUIN GL0001GL - SERRA DO MACHADO",7892948029846,32091010,83000000,GL,2026-09-12T20:13:51Z,113.9,113.9,03656804002428,CARAJAS MATERIAL DE CONSTRUCAO LTDA,CARAJAS CONSTRUCAO,MANGABEIRAS,MACEIO
TINTA,7891260539644,"TINTA PISO PREM FOS 3,6L BR NEVE PISOS SUVINIL",,7891260539644,32091010,83000000,UN,2026-09-12T17:47:40Z,113.9,113.9,03656804000131,CARAJAS MATERIAL DE CONSTRUCAO LTDA,CARAJAS CONSTRUCAO,TABULEIRO DOS MARTINS,MACEIO
TINTA,7891260539651,"TINTA PISO PREM FOS 3,6L CERAMICA PISOS SUVINIL",,0,32091010,83000000,UN,2026-09-09T22:23:08Z,113.9,113.9,03656804002428,CARAJAS MATERIAL DE CONSTRUCAO LTDA,CARAJAS CONSTRUCAO,MANGABEIRAS,MACEIO
TINTA,7892948058112,"TINTA ACR SELA E PINTA GESSO BR NEVE 3,6L IQUINE",,0,32091010,83000000,UN,2026-09-12T14:53:50Z,113.9,113.9,03656804002428,CARAJAS MATERIAL DE CONSTRUCAO LTDA,CARAJAS CONSTRUCAO,MANGABEIRAS,MACEIO
TINTA,7891260539644,"TINTA PISO PREM FOS 3,6L BR NEVE PISOS SUVINIL",,0,32091010,83000000,UN,2026-09-14T19:51:14Z,113.9,113.9,03656804000131,CARAJAS MATERIAL DE CONSTRUCAO LTDA,CARAJAS CONSTRUCAO,TABULEIRO DOS MARTINS,MACEIO
TINTA,4892,"TINTA ESM SINT BRIH SEC RAP 3,6L BR - GLASU","ESMALTE BRILHANTE BRANCO S RAP 3,6L - BASF GLASUR",7891260060001,32081010,83000000,GALAO,2026-09-11T20:53:12Z,134.56,114.2,22395647000100,MULTLUZ CONSTRUCAO LTDA,MULTLUZ,SAO JORGE,MACEIO
TINTA,09850,"TINTA ACR STANDARD BRILHO PRATICO LAMINA AFIADA SEMI BRILHO 3,6L GLASU",,7891260509166,32091010,83000000,GL,2026-09-11T11:16:45Z,114.4,114.4,12270435000720,L. JARDIM & CIA LTDA,CASA JARDIM,BARRO DURO,MACEIO
TINTA,10426,"TINTA ACR STANDARD BRILHO PRATICO GELO SEMI BRILHO 3,6L GLASU",,7891260532713,32091010,83000000,GL,2026-09-08T12:10:37Z,114.4,114.4,12270435000135,L. JARDIM & CIA LTDA,Casas Jardim,CENTRO,MACEIO
TINTA,10426,"TINTA ACR STANDARD BRILHO PRATICO GELO SEMI BRILHO 3,6L GLASU",,7891260532713,32091010,83000000,GL,2026-09-14T14:02:56Z,114.4,114.4,12270435001026,L. JARDIM & CIA LTDA,Casas Jardim,FAROL,MACEIO
TINTA,7891019139712,Tinta Acril Econ Fo Branc 36L GessoDry       De12223 Por11489,,0,32091010,83000000,UN,2026-09-15T19:54:13Z,122.23,114.89,01438784005590,LEROY MERLIN COMPANHIA BRASILEIRA DE BRICOLAGEM,,CRUZ DAS ALMAS,MACEIO
TINTA,7891019139712,"TINTA GESSO 3,6L BR DIRETO NO GESSO CORAL",,0,32091010,83000000,GL,2026-09-16T20:21:58Z,114.9,114.9,03656804000131,CARAJAS MATERIAL DE CONSTRUCAO LTDA,CARAJAS CONSTRUCAO,TABULEIRO DOS MARTINS,MACEIO
TINTA,7891019139712,"TINTA GESSO 3,6L BR DIRETO NO GESSO CORAL",,0,32091010,83000000,GL,2026-09-15T21:58:07Z,114.9,114.9,03656804002428,CARAJAS MATERIAL DE CONSTRUCAO LTDA,CARAJAS CONSTRUCAO,MANGABEIRAS,MACEIO
TINTA,7891019139712,"TINTA GESSO 3,6L BR DIRETO NO GESSO CORAL","TINTA LATEX FOSCA RENOVA GESSO E DRYWALL BRANCO 3,6 L CORAL",7891019139712,32091010,83000000,GL,2026-09-07T23:06:29Z,114.9,114.9,03656804002428,CARAJAS MATERIAL DE CONSTRUCAO LTDA,CARAJAS CONSTRUCAO,MANGABEIRAS,MACEIO
TINTA,2813,TINTA PINTALAR VINIL ACR.15L BR.NEVE,,0,32091010,83000000,UN,2026-09-12T14:46:34Z,115.0,115.0,63741460000190,MLM LTDA,ML CONSTRUCOES,Clima Bom,MACEIO
TINTA,002881,TINTA INT. ECONOMICA 15L BRANCO GELO,,0,32091010,83000000,UN,2026-09-10T20:29:09Z,115.0,115.0,18858120000190,GRACILENE CORREIA DA SILVA CANDIDO,HIDROGRAF,SANTA LUCIA,MACEIO
TINTA,169,TINTA LATEX PINTALAR 15L INT IQUINE,"PINTALAR FA ONCA 15,0L -> PRODUTO NAO CLASSIFICADO COMO PERIGOSO PARA FINS DE TRANSPORTE.",7892948050390,32091010,83000000,UN,2026-09-15T20:31:14Z,129.0,115.0,05087080000188,ROSIMEIRE DA SILVA SANTOS - EPP,KOMANDO CONSTRUCOES,CIDADE UNIVESITARIA,MACEIO
TINTA,9787,TINTA LATEX INT DEMAIS 15L BR GELO HIDRO,,7899010490504,32091010,83000000,BD,2026-09-15T15:37:27Z,115.0,115.0,37461181000163,S. DA. S. FERNANDES GARCIA CONSTRUCOES,CONSTRUÇÃO 4 IRMÃOS LOJA 2,CIDADE UNIVERSITARIA,MACEIO
TINTA,003343,TINTA ACRILICA PREMIUM 15L BRANCO GELO ARACOR,,7890000054829,32091010,83000000,UN,2026-09-11T16:56:09Z,130.0,115.0,12832317000173,ANTONIO SOARES MACHADO -  ME,ELETRO SOARES,LEVADA,MACEIO
TINTA,07236,"ACR FOSCO BRANCO 3,6L RENDE MUITO CORAL","TINTA PARA PAREDE VINIL ACRILICO CORAL RENDE MUITO 3,6 L BRANCO NEVE",7891019101467,32091010,83000000,GL,2026-09-11T12:34:01Z,115.02,115.02,09326760000400,CASA DAS TINTAS LTDA,,BARRO DURO,MACEIO
TINTA,52422,TINTA INT.NACOR ECON 15L LJ IBRATIN,,7899173409191,32091010,83000000,BD,2026-09-14T13:58:07Z,119.99,115.19,70015672000156,ENCONTRO DO SOL HOME CENTER LTDA,ENCONTRO DO SOL HOME CENTER,TABULEIRO DO MARTINS,MACEIO
TINTA,51989,TINTA INT NACOR ECON 15L CAMURCA IBRATIN,,7899173409177,32091010,83000000,BD,2026-09-14T13:58:07Z,119.99,115.19,70015672000156,ENCONTRO DO SOL HOME CENTER LTDA,ENCONTRO DO SOL HOME CENTER,TABULEIRO DO MARTINS,MACEIO
TINTA,52423,TINTA NACOR ECON 15L MARFIM IBRATIN,,7899173409207,32091010,83000000,BD,2026-09-16T13:51:43Z,119.99,115.19,70015672000156,ENCONTRO DO SOL HOME CENTER LTDA,ENCONTRO DO SOL HOME CENTER,TABULEIRO DO MARTINS,MACEIO
TINTA,52425,TINTA INT.NACOR ECON 15L PEROLA IBRATIN,,7899173409221,32091010,83000000,BD,2026-09-14T13:58:07Z,119.99,115.19,70015672000156,ENCONTRO DO SOL HOME CENTER LTDA,ENCONTRO DO SOL HOME CENTER,TABULEIRO DO MARTINS,MACEIO
TINTA,0000000000097,TINTA ACRI PINTALAR 15L BRANCO NEVE IQUINE,,0,32091010,83000000,UN,2026-09-14T20:19:18Z,119.9,115.775,13234526000188,FLAVIO BASILIO DE ALMEIDA,COMERCIAL BASILIO,CLIMA BOM,MACEIO
TINTA,7891019145348,"TINTA PISO PREM FOS 3,6L CZ MEDIO PINTA PISO CORAL",,0,32091010,83000000,GL,2026-09-16T15:55:41Z,115.9,115.9,03656804000131,CARAJAS MATERIAL DE CONSTRUCAO LTDA,CARAJAS CONSTRUCAO,TABULEIRO DOS MARTINS,MACEIO
TINTA,792,BALDE DE TINTA - BRANCO GELO -15L-INT - MEGAO,BALDE DE TINTA - BRANCO GELO -15L INT - MEGAO,7898701770208,32091010,83000000,UN,2026-09-14T17:32:48Z,119.99,116.95,66362871000163,COMÉRCIO DAS TINTAS LTDA,CENTRAL DAS TINTAS,Tabuleiro do Martins,MACEIO
TINTA,49,TINTA PVA BRANCO GELO 15L- LUX,,0,32091010,83000000,UNID,2026-09-10T15:06:09Z,117.0,117.0,63160728000109,JOSE CARLOS CORDEIRO DA SILVA,J C CORDEIRO,Jacintinho,MACEIO
TINTA,51,TINTA PVA PEROLA 15L - LUX,,0,32091010,83000000,UNID,2026-09-10T18:39:32Z,117.0,117.0,63160728000109,JOSE CARLOS CORDEIRO DA SILVA,J C CORDEIRO,Jacintinho,MACEIO
TINTA,165,TINTA LATEX DURAMAIS 15L INT LUX,,7908147609229,32091010,83000000,UN,2026-09-12T15:51:31Z,118.0,117.02,05087080000188,ROSIMEIRE DA SILVA SANTOS - EPP,KOMANDO CONSTRUCOES,CIDADE UNIVESITARIA,MACEIO
TINTA,9296,TINTA PVA DURAMAIS LUX LT PEROLA 15L BD,,7908147611673,32091010,83000000,BD,2026-09-14T15:57:55Z,117.9,117.9,11914541000141,NETTER CASA E CONSTRUÇÃO LTDA ME,CONSTRUCOES IPANEMA,JACINTINHO,MACEIO
TINTA,7891260539682,"TINTA PISO PREM FOS 3,6L CONCRETO PISOS SUVINIL",,0,32091010,83000000,UN,2026-09-08T12:41:22Z,117.9,117.9,03656804000131,CARAJAS MATERIAL DE CONSTRUCAO LTDA,CARAJAS CONSTRUCAO,TABULEIRO DOS MARTINS,MACEIO
TINTA,876638,"TINTA ESM BR 0,9L CORALIT ULT OU CORAL LT0001LT",CORAL CORALIT ULTRA RESISTENCIA AB OURO CORAL 900ML,7891019172535,32089010,83000000,LT,2026-09-10T12:19:19Z,117.99,117.99,00279531000670,TUPAN CONSTRUCOES LTDA,,JARDIM PETROPOLIS,MACEIO
TINTA,11183,"TINTA ACR STANDARD RENDE E COBRE MUITO GELO FOSCO 3,6L PLASTICO SUVINIL",,7891260552315,32091010,83000000,GL,2026-09-14T12:21:03Z,132.0,118.75,12270435000640,L. JARDIM & CIA LTDA,Casas Jardim,JATIUCA,MACEIO
TINTA,7892948030064,"TINTA ACR FOSC 3,2L ACABA COM BASE C IQUINE",,0,32091010,83000000,UN,2026-09-11T19:17:10Z,118.76,118.76,03656804002428,CARAJAS MATERIAL DE CONSTRUCAO LTDA,CARAJAS CONSTRUCAO,MANGABEIRAS,MACEIO
TINTA,06461,"TINTA ACR STANDARD CORALAR + BRILHO E PROTECAO BRANCO SEMI BRILHO 3,6L CORAL","TINTA ACRILICA CORAL SEMIBRILHO 3,6L BRILHO PROTECAO BRANCO",7891019170579,32091010,83000000,GL,2026-09-15T18:49:46Z,118.8,118.8,12270435000640,L. JARDIM & CIA LTDA,Casas Jardim,JATIUCA,MACEIO
TINTA,11182,"TINTA ACR STANDARD RENDE E COBRE MUITO BRANCO FOSCO 3,6L PLASTICO SUVINIL",,7891260552322,32091010,83000000,GL,2026-09-15T16:45:04Z,132.0,118.8,12270435000135,L. JARDIM & CIA LTDA,Casas Jardim,CENTRO,MACEIO
TINTA,11182,"TINTA ACR STANDARD RENDE E COBRE MUITO BRANCO FOSCO 3,6L PLASTICO SUVINIL",,7891260552322,32091010,83000000,GL,2026-09-15T17:14:48Z,132.0,118.8,12270435001026,L. JARDIM & CIA LTDA,Casas Jardim,FAROL,MACEIO
TINTA,06461,"TINTA ACR STANDARD CORALAR + BRILHO E PROTECAO BRANCO SEMI BRILHO 3,6L CORAL","TINTA ACRILICA CORAL SEMIBRILHO 3,6L BRILHO PROTECAO BRANCO",7891019170579,32091010,83000000,GL,2026-09-15T20:01:25Z,118.8,118.8,12270435000720,L. JARDIM & CIA LTDA,CASA JARDIM,BARRO DURO,MACEIO
TINTA,8301.000010.9,"NACOR TINTA ACRILICA ECONOMICA-BL 15,0 L COR 000010-BRANCO LOTE 95134292",,7899173409160,32091010,83000000,Peca,2026-09-09T19:10:24Z,119.0,119.0,24168648000130,RAMIRO RIBEIRO FILHO - ME,,CIDADE UNIVERSITARIA,MACEIO
TINTA,0000000001571,TINTA ACRI PINTALAR 15L BRANCO GELO IQUINE,,0,32091010,83000000,UN,2026-09-08T18:36:37Z,119.9,119.0,13234526000188,FLAVIO BASILIO DE ALMEIDA,COMERCIAL BASILIO,CLIMA BOM,MACEIO
TINTA,4941,TINTA ACRI INT PINTALAR 15L BR NEVE IQUI,PINTALAR FA BRANCO NEVE BALDE 15L -&GT PRODUTO NAO CLASSIFICADO COMO PERIGOSO PARA FINS DE TRANSPORTE.,7892948043187,32091010,83000000,UN,2026-09-12T19:50:14Z,119.0,119.0,35741347000170,D & R MATERIAIS DE CONSTRUCAO LTDA - ME,R & R CONSTRUCOES,RIO NOVO,MACEIO
TINTA,7891260552322,Tinta std int RCM FOSCO Brc Ne 36L IP2       De12755 Por11989,,0,32091010,83000000,UN,2026-09-11T23:22:47Z,127.55,119.89,01438784005590,LEROY MERLIN COMPANHIA BRASILEIRA DE BRICOLAGEM,,CRUZ DAS ALMAS,MACEIO
TINTA,7891019170579,"TINTA ACR SB 3,6L BR BRILHO E PROTECAO CORAL","TINTA ACRILICA CORAL SEMIBRILHO 3,6L BRILHO PROTECAO BRANCO",7891019170579,32091010,83000000,GL,2026-09-11T20:37:56Z,119.9,119.9,03656804000131,CARAJAS MATERIAL DE CONSTRUCAO LTDA,CARAJAS CONSTRUCAO,TABULEIRO DOS MARTINS,MACEIO
TINTA,7891019170579,"TINTA ACR SB 3,6L BR BRILHO E PROTECAO CORAL",,0,32091010,83000000,GL,2026-09-11T17:08:25Z,119.9,119.9,03656804000131,CARAJAS MATERIAL DE CONSTRUCAO LTDA,CARAJAS CONSTRUCAO,TABULEIRO DOS MARTINS,MACEIO
TINTA,365559,HIDROTINTAS ESM AQUAMAX AB 3L PRETO UN,,7899010490894,32091010,83000000,UN,2026-09-12T12:39:03Z,119.9,119.9,03555402000140,PARAGOMINAS HOME CENTER LTDA,PARAGOMINAS HOME CENTER,SANTOS DUMONT,MACEIO
TINTA,363216,HIDROTINTAS MASSA ACRILICA 20KG BALDE UN,,7899010486903,32141020,83000000,LT,2026-09-16T14:21:08Z,119.9,119.9,03555402000140,PARAGOMINAS HOME CENTER LTDA,PARAGOMINAS HOME CENTER,SANTOS DUMONT,MACEIO
TINTA,7891019170579,"TINTA ACR SB 3,6L BR BRILHO E PROTECAO CORAL",,0,32091010,83000000,GL,2026-09-16T19:53:53Z,119.9,119.9,03656804002428,CARAJAS MATERIAL DE CONSTRUCAO LTDA,CARAJAS CONSTRUCAO,MANGABEIRAS,MACEIO
TINTA,7892948050789,TINTA ACR FOS CARANGUEJO 15L BD DIATEX IQUINE,,0,32091010,83000000,UN,2026-09-15T12:58:48Z,119.9,119.9,03656804002428,CARAJAS MATERIAL DE CONSTRUCAO LTDA,CARAJAS CONSTRUCAO,MANGABEIRAS,MACEIO
TINTA,7891260562406,Tinta std intex fos RCM alg eg 36L Suv       De25510 Por23982,,0,32091010,83000000,UN,2026-09-16T22:15:47Z,127.55,119.91,01438784005590,LEROY MERLIN COMPANHIA BRASILEIRA DE BRICOLAGEM,,CRUZ DAS ALMAS,MACEIO
TINTA,9563,"TINTA ACRILICA SEMI BRILHO 3,6L BRANCO I","TINTA ACRILICA S.BRILHO P - GA 3,6 LTS COR 000010-BRANCO",7899173405346,32091010,83000000,UN,2026-09-08T11:45:27Z,119.99,119.99,70015672000156,ENCONTRO DO SOL HOME CENTER LTDA,ENCONTRO DO SOL HOME CENTER,TABULEIRO DO MARTINS,MACEIO
TINTA,55593,TINTA INT.NACOR ECON.15L BR IBRATIN,,0,32091010,83000000,BD,2026-09-14T13:26:59Z,119.99,119.99,70015672000156,ENCONTRO DO SOL HOME CENTER LTDA,ENCONTRO DO SOL HOME CENTER,TABULEIRO DO MARTINS,MACEIO
TINTA,32875,"TINTA ACRI.SEMI BR.3,6L AREIA IBRATIN","TINTA ACRILICA S.BRILHO P - GA 3,6 LTS COR 000003-AMARELO CANARIO",7899173405384,32091010,83000000,UN,2026-09-09T18:34:23Z,119.99,119.99,70015672000156,ENCONTRO DO SOL HOME CENTER LTDA,ENCONTRO DO SOL HOME CENTER,TABULEIRO DO MARTINS,MACEIO
TINTA,35289,"TINTA ACRI.SEMI BRILHO 3,6L PALHA IBRATI",,7899173407456,32091010,83000000,UN,2026-09-08T20:41:23Z,119.99,119.99,70015672000156,ENCONTRO DO SOL HOME CENTER LTDA,ENCONTRO DO SOL HOME CENTER,TABULEIRO DO MARTINS,MACEIO
TINTA,45174,TINTA  ACRI.PINTALAR BR GELO FOSCO 15L I,"PINTALAR-VINIL ACRIL BCO GELO 15,0L -> PRODUTO NAO CLASSIFICADO COMO PERIGOSO PARA FINS DE TRANSPORTE.",7892948043507,32091010,83000000,UN,2026-09-16T11:01:18Z,119.99,119.99,70015672000156,ENCONTRO DO SOL HOME CENTER LTDA,ENCONTRO DO SOL HOME CENTER,TABULEIRO DO MARTINS,MACEIO
TINTA,49834,TINTA  ACR.PINT.BR.NEVE FOSCO 15L IQUINE,,0,32091010,83000000,UN,2026-09-10T16:32:29Z,119.99,119.99,70015672000156,ENCONTRO DO SOL HOME CENTER LTDA,ENCONTRO DO SOL HOME CENTER,TABULEIRO DO MARTINS,MACEIO
TINTA,52416,TINTA NACOR ECON 15L AM CANARIO IBRATIN,,7899173409122,32091010,83000000,BD,2026-09-14T20:53:01Z,119.99,119.99,70015672000156,ENCONTRO DO SOL HOME CENTER LTDA,ENCONTRO DO SOL HOME CENTER,TABULEIRO DO MARTINS,MACEIO
TINTA,52421,TINTA NACOR ECON 15L BR GELO IBRATIN,,7899173409184,32091010,83000000,BD,2026-09-16T15:01:43Z,119.99,119.99,70015672000156,ENCONTRO DO SOL HOME CENTER LTDA,ENCONTRO DO SOL HOME CENTER,TABULEIRO DO MARTINS,MACEIO
TINTA,52417,TINTA INT.NACOR ECON 15L AREIA IBRATIN,,7899173409139,32091010,83000000,BD,2026-09-16T13:45:52Z,119.99,119.99,70015672000156,ENCONTRO DO SOL HOME CENTER LTDA,ENCONTRO DO SOL HOME CENTER,TABULEIRO DO MARTINS,MACEIO
TINTA,5135,TINTA ACR SOFT 15L - MELANCIA,TINTA ACR ECONOMICA 15L MELANCIA MEGAO,7898701770048,32091010,83000000,UN,2026-09-09T17:33:24Z,119.99,119.99,66362871000163,COMÉRCIO DAS TINTAS LTDA,CENTRAL DAS TINTAS,Tabuleiro do Martins,MACEIO
TINTA,408,BALDE DE TINTA PEROLA 15L INT- MEGAO,TINTA ACR ECONOMICA 15L - PEROLA N*,7898701770079,32091010,83000000,UN,2026-09-12T19:01:06Z,119.99,119.99,66362871000163,COMÉRCIO DAS TINTAS LTDA,CENTRAL DAS TINTAS,Tabuleiro do Martins,MACEIO
TINTA,164,BALDE TINTA VERDE SIENA 15L INT- MEGAO,TINTA ACRILICA ECONOMICA MEGAO 15L VERDE SIENA,7898701770130,32091010,83000000,UN,2026-09-12T13:33:12Z,119.99,119.99,66362871000163,COMÉRCIO DAS TINTAS LTDA,CENTRAL DAS TINTAS,Tabuleiro do Martins,MACEIO
TINTA,52424,TINTA INT.NACOR ECON 15L PALHA IBRATIN,,7899173409214,32091010,83000000,BD,2026-09-14T18:14:43Z,119.99,119.99,70015672000156,ENCONTRO DO SOL HOME CENTER LTDA,ENCONTRO DO SOL HOME CENTER,TABULEIRO DO MARTINS,MACEIO
TINTA,52426,TINTA NACOR ECON 15L CZ PLATINA IBRATIN,,7899173409252,32091010,83000000,BD,2026-09-15T17:54:26Z,119.99,119.99,70015672000156,ENCONTRO DO SOL HOME CENTER LTDA,ENCONTRO DO SOL HOME CENTER,TABULEIRO DO MARTINS,MACEIO
TINTA,5408,TINTA ESM BR 3L CORALAR PT CORAL,,0,32089010,83000000,GL,2026-09-10T15:18:07Z,120.0,120.0,22819860000194,MARIA PEREIRA DE LIMA,THAMIRES CONSTRUCAO,FEITOSA,MACEIO
TINTA,000720,"ESMALTE SINT BASE D.AGUA 3,6L preto","TINTA ESM BR 3,6L DELANIL VD/FL IQUINE GL0001GL",7892948024612,32089010,83000000,UN,2026-09-14T17:21:07Z,160.0,120.0,14810475000158,MICHELLI PATRICIA DE ALBUQUERQUE - ME,MICHELLI CONSTRUCOES,CENTRO,MACEIO
TINTA,0000068,TINTA VN ACR FC BD15L PINTALAR BR/NV IQU,PINTALAR FA BRANCO NEVE BALDE 15L -&GT PRODUTO NAO CLASSIFICADO COMO PERIGOSO PARA FINS DE TRANSPORTE.,7892948043187,32091010,83000000,BD,2026-09-14T20:05:01Z,120.0,120.0,15028598000102,JEOVA BARBOSA DE SIQUEIRA,,BENEDITO BENTES,MACEIO
TINTA,471,TINTA BD 15L PINTALAR IQUINE,,0,32091010,83000000,UN,2026-09-14T20:17:16Z,120.0,120.0,11437022000130,CASA PRONTA COMERCIO DE MATERIAIS DE CONSTRUCAO LTDA  - ME,CASA PRONTA CONSTRUCOES,SANTOS DUMONT,MACEIO
TINTA,3427,"ZARCAO 3,6L CINZA - TINTAS LUX",,0,32081010,83000000,UN,2026-09-16T15:11:19Z,120.0,120.0,35334579000103,J BERNARDO DA SILVA CONSTRUCOES,RIO NEGRO CONSTRUCOES,PETROPOLIS,MACEIO
TINTA,000315,TINTA ACRI INT IQUINE 15L BR NEVE,PINTALAR FA BRANCO NEVE BALDE 15L -&GT PRODUTO NAO CLASSIFICADO COMO PERIGOSO PARA FINS DE TRANSPORTE.,7892948043187,32091010,83000000,LT,2026-09-14T11:42:32Z,120.0,120.0,55206191000134,MIX MATERIAL DE CONSTRUCOES LTDA,,Cidade Universitária,MACEIO
TINTA,7892948029846,"TINTA ACR FOSC BASE M 3,2L DELANIL IQUINE",,0,32091010,83000000,GL,2026-09-12T17:12:43Z,120.16,120.16,03656804000131,CARAJAS MATERIAL DE CONSTRUCAO LTDA,CARAJAS CONSTRUCAO,TABULEIRO DOS MARTINS,MACEIO
TINTA,7891019919932,"TINTA ACRILICA RENDE MUITO CAMURCA 3,2L CORAL",,0,32091010,83000000,UN,2026-09-14T21:26:45Z,123.9,120.41,03656804000131,CARAJAS MATERIAL DE CONSTRUCAO LTDA,CARAJAS CONSTRUCAO,TABULEIRO DOS MARTINS,MACEIO
TINTA,40976,TINTA INT BR NEVE 18L LATEX LUCRILAR,,0,32141020,83000000,BD,2026-09-15T13:58:21Z,121.0,121.0,17887377000107,AMORIM FREITAS CONSTRUÇÃO LTDA,VALMOR MATERIAL DE CONSTRUCAO,JACINTINHO,MACEIO
TINTA,7891019919925,"TINTA ACRILICA RENDE MUITO BRANCO GELO 3,2L CORAL",,0,32091010,83000000,UN,2026-09-14T13:54:25Z,121.9,121.9,03656804002428,CARAJAS MATERIAL DE CONSTRUCAO LTDA,CARAJAS CONSTRUCAO,MANGABEIRAS,MACEIO
TINTA,7891019170586,"TINTA ACR SB 3,2L BASE PM BRILHO E PROTECAO CORAL",AMARELO VANILLA - RM PADRAO NOVO AMARELO VANILLA BRILHO E PROTECAO PM GL RM506,7891019170586,32091010,83000000,GL,2026-09-11T19:52:45Z,122.4,122.4,03656804000131,CARAJAS MATERIAL DE CONSTRUCAO LTDA,CARAJAS CONSTRUCAO,TABULEIRO DOS MARTINS,MACEIO
TINTA,2541,TINTA V N ACR  FC BD15L PINTALAR BR/NV IQUINE,,0,32091010,83000000,UN,2026-09-09T17:19:41Z,128.0,122.81,15095388000129,CAIO ANDERSON DA SILVA MATERIAL DE CONSTRUÇÃO,,CENTRO,MACEIO
TINTA,61435,"TINTA ACR FC 3,6L REND MUIT BR CORAL GL0001GL","TINTA PARA PAREDE VINIL ACRILICO CORAL RENDE MUITO 3,6 L BRANCO NEVE",7891019101467,32091010,83000000,GL,2026-09-16T14:57:18Z,122.99,122.99,00279531000670,TUPAN CONSTRUCOES LTDA,,JARDIM PETROPOLIS,MACEIO
TINTA,3276007449549,Tinta pre int fos flor malva 36l luxen       De15415 Por12334,,0,32091010,83000000,UN,2026-09-16T18:12:39Z,154.15,123.34,01438784005590,LEROY MERLIN COMPANHIA BRASILEIRA DE BRICOLAGEM,,CRUZ DAS ALMAS,MACEIO
TINTA,351763,HIDROTINTAS DEMAIS 15L AREIA UN,,7899010490467,32091010,83000000,UN,2026-09-08T21:57:28Z,129.905,123.38,03555402000140,PARAGOMINAS HOME CENTER LTDA,PARAGOMINAS HOME CENTER,SANTOS DUMONT,MACEIO
TINTA,366390,HIDROTINTAS DEMAIS 15L VD SIENA UN,,7899010490689,32091010,83000000,UN,2026-09-15T19:16:26Z,129.9,123.405,03555402000140,PARAGOMINAS HOME CENTER LTDA,PARAGOMINAS HOME CENTER,SANTOS DUMONT,MACEIO
TINTA,07236,"ACR FOSCO BRANCO 3,6L RENDE MUITO CORAL","TINTA PARA PAREDE VINIL ACRILICO CORAL RENDE MUITO 3,6 L BRANCO NEVE",7891019101467,32091010,83000000,GL,2026-09-15T18:50:13Z,123.68,123.68,09326760000168,CASA DAS TINTAS LTDA,CASA DAS TINTAS,POCO,MACEIO
TINTA,7891019920006,"TINTA ACRILICA RENDE MUITO PALHA 3,2L CORAL",,0,32091010,83000000,UN,2026-09-09T20:31:35Z,123.9,123.9,03656804002428,CARAJAS MATERIAL DE CONSTRUCAO LTDA,CARAJAS CONSTRUCAO,MANGABEIRAS,MACEIO
TINTA,7891019919833,"TINTA ACRILICA RENDE MUITO CROMIO 3,2L CORAL",,0,32091010,83000000,UN,2026-09-12T16:06:15Z,123.9,123.9,03656804000131,CARAJAS MATERIAL DE CONSTRUCAO LTDA,CARAJAS CONSTRUCAO,TABULEIRO DOS MARTINS,MACEIO
TINTA,7891019920006,"TINTA ACRILICA RENDE MUITO PALHA 3,2L CORAL",,0,32091010,83000000,UN,2026-09-16T16:52:54Z,123.9,123.9,03656804000131,CARAJAS MATERIAL DE CONSTRUCAO LTDA,CARAJAS CONSTRUCAO,TABULEIRO DOS MARTINS,MACEIO
TINTA,7891019919932,"TINTA ACRILICA RENDE MUITO CAMURCA 3,2L CORAL",,0,32091010,83000000,UN,2026-09-13T17:23:58Z,123.9,123.9,03656804002428,CARAJAS MATERIAL DE CONSTRUCAO LTDA,CARAJAS CONSTRUCAO,MANGABEIRAS,MACEIO
TINTA,7785,DURAMAIS 15 L BRANCO NEVE TINTAS LUX,,7908147609229,32091010,83000000,UN,2026-09-09T20:46:26Z,156.5,124.29,02138293000101,J. A. DA SILVA MAT. DE CONSTRUCAO - ME,JH COMERCIAL,PRADO,MACEIO
TINTA,0000000003115,TINTA ACR SOFT 15L CINZA MEDIO,,0,32091010,83000000,UN,2026-09-14T16:52:29Z,126.5,124.67,24483653000137,JOSE VALDIR BARROS DE OLIVEIRA - ME         EPP,NOME DE FANTASIA - NULA,PETROPOLIS,MACEIO
TINTA,7892948029822,"TINTA ACR FOSC BASE P 3,2L DELANIL IQUINE",,0,32091010,83000000,GL,2026-09-16T21:48:22Z,124.76,124.76,03656804002428,CARAJAS MATERIAL DE CONSTRUCAO LTDA,CARAJAS CONSTRUCAO,MANGABEIRAS,MACEIO
TINTA,7891019920006,Tinta Acril Stan Rend Mto Palha 32L          De13287 Por12489,,0,32091010,83000000,UN,2026-09-10T14:03:09Z,132.87,124.89,01438784005590,LEROY MERLIN COMPANHIA BRASILEIRA DE BRICOLAGEM,,CRUZ DAS ALMAS,MACEIO
TINTA,7891019101467,Tinta Acril Stand Fo Bran 36L RendCobr       De13287 Por12489,,0,32091010,83000000,UN,2026-09-16T22:15:47Z,132.87,124.89,01438784005590,LEROY MERLIN COMPANHIA BRASILEIRA DE BRICOLAGEM,,CRUZ DAS ALMAS,MACEIO
TINTA,924380,TINTA VN ACR FC BD15L PINTALAR BR/GL IQU BD0001BD,"PINTALAR-VINIL ACRIL BCO GELO 15,0L -> PRODUTO NAO CLASSIFICADO COMO PERIGOSO PARA FINS DE TRANSPORTE.",7892948043507,32091010,83000000,LT,2026-09-15T15:58:05Z,124.99,124.99,00279531000670,TUPAN CONSTRUCOES LTDA,,JARDIM PETROPOLIS,MACEIO
TINTA,1645,"ESMALTE CREME 3,6L - MAZA","TINTA ESM SINT CREME 3,6L",7898289935600,32081010,83000000,UN,2026-09-12T13:14:36Z,124.99,124.99,66362871000163,COMÉRCIO DAS TINTAS LTDA,CENTRAL DAS TINTAS,Tabuleiro do Martins,MACEIO
TINTA,9215,"TINTA ECONOMICA CSA - BL 15,0 LTS COR 000010-BRANCO LOT",,7899173407692,32091010,83000000,BL,2026-09-10T21:18:39Z,125.0,125.0,37461181000163,S. DA. S. FERNANDES GARCIA CONSTRUCOES,CONSTRUÇÃO 4 IRMÃOS LOJA 2,CIDADE UNIVERSITARIA,MACEIO
TINTA,9458,"NACOR TINTA AC ECONOMICA - BL 15,0 LTS COR 000005-AREIA LOT",,7899173409139,32091010,83000000,BL,2026-09-16T20:45:12Z,125.0,125.0,37461181000163,S. DA. S. FERNANDES GARCIA CONSTRUCOES,CONSTRUÇÃO 4 IRMÃOS LOJA 2,CIDADE UNIVERSITARIA,MACEIO
TINTA,9459,"TINTA AC ECONOMICA - BL 15,0 LTS CORBRANCO",,7899173409160,32091010,83000000,BL,2026-09-16T20:53:51Z,125.0,125.0,37461181000163,S. DA. S. FERNANDES GARCIA CONSTRUCOES,CONSTRUÇÃO 4 IRMÃOS LOJA 2,CIDADE UNIVERSITARIA,MACEIO
TINTA,9460,"NACOR TINTA AC ECONOMICA - BL 15,0 LTS COR 000011-CAMURCA LOT",,7899173409177,32091010,83000000,BL,2026-09-11T17:44:02Z,125.0,125.0,37461181000163,S. DA. S. FERNANDES GARCIA CONSTRUCOES,CONSTRUÇÃO 4 IRMÃOS LOJA 2,CIDADE UNIVERSITARIA,MACEIO
TINTA,9463,"NACOR TINTA AC ECONOMICA - BL 15,0 LTS COR 000022-PALHA LOT",,7899173409214,32091010,83000000,BL,2026-09-10T18:36:53Z,125.0,125.0,37461181000163,S. DA. S. FERNANDES GARCIA CONSTRUCOES,CONSTRUÇÃO 4 IRMÃOS LOJA 2,CIDADE UNIVERSITARIA,MACEIO
TINTA,9464,"NACOR TINTA AC ECONOMICA - BL 15,0 LTS COR 000023-PEROLA LOT",,7899173409221,32091010,83000000,BL,2026-09-10T14:11:24Z,125.0,125.0,37461181000163,S. DA. S. FERNANDES GARCIA CONSTRUCOES,CONSTRUÇÃO 4 IRMÃOS LOJA 2,CIDADE UNIVERSITARIA,MACEIO
TINTA,9465,"NACOR TINTA AC ECONOMICA - BL 15,0 LTS COR 000024-CINZA PLATINA LOT",,7899173409252,32091010,83000000,BL,2026-09-11T18:51:16Z,125.0,125.0,37461181000163,S. DA. S. FERNANDES GARCIA CONSTRUCOES,CONSTRUÇÃO 4 IRMÃOS LOJA 2,CIDADE UNIVERSITARIA,MACEIO
TINTA,9822,"TINTA AC ECONOMICA - BL 15,0 LTS COR LARANJA LOT",,7899173409191,32091010,83000000,BL,2026-09-16T20:53:51Z,125.0,125.0,37461181000163,S. DA. S. FERNANDES GARCIA CONSTRUCOES,CONSTRUÇÃO 4 IRMÃOS LOJA 2,CIDADE UNIVERSITARIA,MACEIO
TINTA,9823,"TINTA AC ECONOMICA - BL 15,0 LTS COR CONCRETO",,0,32091010,83000000,BL,2026-09-16T20:53:51Z,125.0,125.0,37461181000163,S. DA. S. FERNANDES GARCIA CONSTRUCOES,CONSTRUÇÃO 4 IRMÃOS LOJA 2,CIDADE UNIVERSITARIA,MACEIO
TINTA,425,TINTA LATEX PVA 15L BN MIRACOR,,0,32091010,83000000,UN,2026-09-09T19:23:26Z,138.0,125.145,30076510000294,ANA PATRICIA DA SILVA,COMERCIAL ARTHUR,POCO,MACEIO
TINTA,01311,"TINTA ACR FOSCO BRANCO 3,6L RENOVA GESSO E DRYWALL CORAL","TINTA LATEX FOSCA RENOVA GESSO E DRYWALL BRANCO 3,6 L CORAL",7891019139712,32091010,83000000,GL,2026-09-10T13:59:58Z,126.66,125.82,09326760000400,CASA DAS TINTAS LTDA,,BARRO DURO,MACEIO
TINTA,01311,"TINTA ACR FOSCO BRANCO 3,6L RENOVA GESSO E DRYWALL CORAL","TINTA LATEX FOSCA RENOVA GESSO E DRYWALL BRANCO 3,6 L CORAL",7891019139712,32091010,83000000,GL,2026-09-11T12:59:30Z,126.66,126.66,09326760000753,CASA DAS TINTAS LTDA,CASA DAS TINTAS,PONTA VERDE,MACEIO
TINTA,3014,TINTA LATEX DURAMAIS BRANCO GELO 15L LUX OK,,7908147611253,32091010,83000000,UN,2026-09-11T13:21:51Z,126.9,126.9,43906461000130,AUROCON CONSTRUCAO LTDA,MIX  DA CONSTRUCAO,BARRO DURO,MACEIO
TINTA,7892948029846,"TINTA ACR FOSC BASE M 3,2L DELANIL IQUINE",,0,32091010,83000000,GL,2026-09-09T11:34:34Z,127.63,127.63,03656804002428,CARAJAS MATERIAL DE CONSTRUCAO LTDA,CARAJAS CONSTRUCAO,MANGABEIRAS,MACEIO
TINTA,10424,"TINTA ACR STANDARD BRILHO PRATICO MARFIM SEMI BRILHO 3,6L GLASU",,7891260532669,32091010,83000000,GL,2026-09-12T11:38:14Z,128.0,128.0,12270435001026,L. JARDIM & CIA LTDA,Casas Jardim,FAROL,MACEIO
TINTA,10834,"TINTA ACR STANDARD BRILHO PRATICO AMARELO OURO SEMI BRILHO 3,6L GLASU",,7891260545973,32091010,83000000,GL,2026-09-15T11:36:24Z,143.0,128.39,12270435001026,L. JARDIM & CIA LTDA,Casas Jardim,FAROL,MACEIO
TINTA,10947,"TINTA ACR PREMIUM CORAL MASTER GELO FOSCO 3,6L CORAL",,7891019993918,32091010,83000000,GL,2026-09-12T12:24:22Z,128.7,128.5,12270435000640,L. JARDIM & CIA LTDA,Casas Jardim,JATIUCA,MACEIO
TINTA,10426,"TINTA ACR STANDARD BRILHO PRATICO GELO SEMI BRILHO 3,6L GLASU",,7891260532713,32091010,83000000,GL,2026-09-12T14:04:46Z,143.0,128.5,12270435000801,L. JARDIM & CIA LTDA,Casas Jardim,PAJUCARA,MACEIO
TINTA,10414,"TINTA ACR STANDARD BRILHO PRATICO BRANCO SEMI BRILHO 3,6L GLASU",,7891260532706,32091010,83000000,GL,2026-09-14T12:27:05Z,143.0,128.5,12270435000801,L. JARDIM & CIA LTDA,Casas Jardim,PAJUCARA,MACEIO
TINTA,10834,"TINTA ACR STANDARD BRILHO PRATICO AMARELO OURO SEMI BRILHO 3,6L GLASU",,7891260545973,32091010,83000000,GL,2026-09-15T19:10:48Z,143.0,128.63,12270435000640,L. JARDIM & CIA LTDA,Casas Jardim,JATIUCA,MACEIO
TINTA,10414,"TINTA ACR STANDARD BRILHO PRATICO BRANCO SEMI BRILHO 3,6L GLASU",,7891260532706,32091010,83000000,GL,2026-09-14T19:18:04Z,143.0,128.68,12270435000640,L. JARDIM & CIA LTDA,Casas Jardim,JATIUCA,MACEIO
TINTA,10414,"TINTA ACR STANDARD BRILHO PRATICO BRANCO SEMI BRILHO 3,6L GLASU",,7891260532706,32091010,83000000,GL,2026-09-11T12:42:09Z,143.0,128.7,12270435001026,L. JARDIM & CIA LTDA,Casas Jardim,FAROL,MACEIO
TINTA,10834,"TINTA ACR STANDARD BRILHO PRATICO AMARELO OURO SEMI BRILHO 3,6L GLASU",,7891260545973,32091010,83000000,GL,2026-09-15T17:22:02Z,128.7,128.7,12270435000992,L. JARDIM & CIA LTDA,Casas Jardim,TABULEIRO DO MARTINS,MACEIO
TINTA,10936,"TINTA ACR PREMIUM CORAL MASTER BRANCO FOSCO 3,6L CORAL",,7891019993932,32091010,83000000,GL,2026-09-15T12:10:31Z,143.0,128.7,12270435000640,L. JARDIM & CIA LTDA,Casas Jardim,JATIUCA,MACEIO
TINTA,10426,"TINTA ACR STANDARD BRILHO PRATICO GELO SEMI BRILHO 3,6L GLASU",,7891260532713,32091010,83000000,GL,2026-09-15T20:28:57Z,128.7,128.7,12270435000640,L. JARDIM & CIA LTDA,Casas Jardim,JATIUCA,MACEIO
TINTA,10414,"TINTA ACR STANDARD BRILHO PRATICO BRANCO SEMI BRILHO 3,6L GLASU",,7891260532706,32091010,83000000,GL,2026-09-11T14:05:52Z,128.7,128.7,12270435000720,L. JARDIM & CIA LTDA,CASA JARDIM,BARRO DURO,MACEIO
TINTA,09844,"TINTA ACR STANDARD BRILHO PRATICO ALGODAO EGIPI SEMI BRILHO 3,6L GLASU",,7891260508657,32091010,83000000,GL,2026-09-14T16:54:36Z,128.7,128.7,12270435000720,L. JARDIM & CIA LTDA,CASA JARDIM,BARRO DURO,MACEIO
TINTA,09838,"TINTA ACR STANDARD BRILHO PRATICO FOTO ANTIGA SEMI BRILHO 3,6L GLASU",GLASU ACR SEMI-BRILHO FOTO ANTIGA GAL (BRILHO LAVAVEL / PRATICO),7891260509128,32091010,83000000,GL,2026-09-09T17:05:57Z,128.7,128.7,12270435000720,L. JARDIM & CIA LTDA,CASA JARDIM,BARRO DURO,MACEIO
TINTA,10951,"TINTA ACR PREMIUM CORAL MASTER AREIA FOSCO 3,6L CORAL",,7891019993871,32091010,83000000,GL,2026-09-09T18:21:01Z,128.7,128.7,12270435000720,L. JARDIM & CIA LTDA,CASA JARDIM,BARRO DURO,MACEIO
TINTA,07387,"ZARCAO CINZA ESCURO 3,6L MAZA","TINTA ZARCAO CINZA ESCURO MAZA 3,6L - 1X1",7899228240144,32081010,83000000,GL,2026-09-15T13:57:17Z,128.7,128.7,12270435000992,L. JARDIM & CIA LTDA,Casas Jardim,TABULEIRO DO MARTINS,MACEIO
TINTA,09850,"TINTA ACR STANDARD BRILHO PRATICO LAMINA AFIADA SEMI BRILHO 3,6L GLASU",,7891260509166,32091010,83000000,GL,2026-09-10T11:28:23Z,128.7,128.7,12270435000992,L. JARDIM & CIA LTDA,Casas Jardim,TABULEIRO DO MARTINS,MACEIO
TINTA,10414,"TINTA ACR STANDARD BRILHO PRATICO BRANCO SEMI BRILHO 3,6L GLASU",,7891260532706,32091010,83000000,GL,2026-09-15T17:22:02Z,128.7,128.7,12270435000992,L. JARDIM & CIA LTDA,Casas Jardim,TABULEIRO DO MARTINS,MACEIO
TINTA,10488,"TINTA ACR STANDARD BRILHO PRATICO AREIA SEMI BRILHO 3,6L GLASU",,7891260532737,32091010,83000000,GL,2026-09-08T13:15:22Z,128.7,128.7,12270435000992,L. JARDIM & CIA LTDA,Casas Jardim,TABULEIRO DO MARTINS,MACEIO
TINTA,10414,"TINTA ACR STANDARD BRILHO PRATICO BRANCO SEMI BRILHO 3,6L GLASU",,7891260532706,32091010,83000000,GL,2026-09-15T16:29:58Z,143.0,128.7,12270435000135,L. JARDIM & CIA LTDA,Casas Jardim,CENTRO,MACEIO
TINTA,10936,"TINTA ACR PREMIUM CORAL MASTER BRANCO FOSCO 3,6L CORAL",,7891019993932,32091010,83000000,GL,2026-09-15T19:27:24Z,143.0,128.7,12270435000992,L. JARDIM & CIA LTDA,Casas Jardim,TABULEIRO DO MARTINS,MACEIO
TINTA,10947,"TINTA ACR PREMIUM CORAL MASTER GELO FOSCO 3,6L CORAL",,7891019993918,32091010,83000000,GL,2026-09-11T12:16:34Z,143.0,128.7,12270435000801,L. JARDIM & CIA LTDA,Casas Jardim,PAJUCARA,MACEIO
TINTA,0007431,TINTA ACRI INT PINTALAR 15L RONDON IQUIN,,7892948052042,32091010,83000000,LT,2026-09-15T20:15:55Z,128.8,128.8,08610072000162,A. E. FERREIRA -  ME,,BENEDITO BENTES,MACEIO
TINTA,982807,"TINTA ACR FC 3,2L REND MUIT AREIA CORAL GL0001GL",,7891019919895,32091010,83000000,GL,2026-09-15T21:30:24Z,128.99,128.99,00279531000670,TUPAN CONSTRUCOES LTDA,,JARDIM PETROPOLIS,MACEIO
TINTA,982870,"TINTA ACR FC 3,2L REND MUIT PER CORAL GL0001GL",,7891019920013,32091010,83000000,GL,2026-09-14T14:17:53Z,128.99,128.99,00279531000670,TUPAN CONSTRUCOES LTDA,,JARDIM PETROPOLIS,MACEIO
TINTA,982872,"TINTA ACR FC 3,2L REND MUIT VD/AN CORAL GL0001GL",,7891019920020,32091010,83000000,GL,2026-09-10T12:17:46Z,128.99,128.99,00279531000670,TUPAN CONSTRUCOES LTDA,,JARDIM PETROPOLIS,MACEIO
TINTA,982774,"TINTA ACR FC 3,2L REND MUIT CAP/LM CORAL GL0001GL",,7891019919819,32091010,83000000,GL,2026-09-16T13:56:19Z,128.99,128.99,00279531000670,TUPAN CONSTRUCOES LTDA,,JARDIM PETROPOLIS,MACEIO
TINTA,982833,"TINTA ACR FC 3,2L REND MUIT LJMT CORAL","CORAL RENDE MUITO LARANJA MARACATU 3,2L",7891019919970,32091010,83000000,GL,2026-09-15T17:07:20Z,128.99,128.99,00279531000670,TUPAN CONSTRUCOES LTDA,,JARDIM PETROPOLIS,MACEIO
TINTA,006001,TINTA PINTALAR BRANCO NEVE (FOSCO AVELUDADO) 15L IQUINE*,PINTALAR FA BRANCO NEVE BALDE 15L -&GT PRODUTO NAO CLASSIFICADO COMO PERIGOSO PARA FINS DE TRANSPORTE.,7892948043187,32091010,83000000,UN,2026-09-12T22:58:29Z,129.0,129.0,12024911000138,I. SILVA SANTOS CONSTRUCOES,VAL CONSTRUCOES,CIDADE UNIVERSITARIA,MACEIO
TINTA,008363,TINTA PINTALAR BRANCO GELO (FOSCO AVELUDADO) 15L IQUINE*,"PINTALAR-VINIL ACRIL BCO GELO 15,0L -> PRODUTO NAO CLASSIFICADO COMO PERIGOSO PARA FINS DE TRANSPORTE.",7892948043507,32089010,83000000,UN,2026-09-15T20:51:45Z,129.0,129.0,12024911000138,I. SILVA SANTOS CONSTRUCOES,VAL CONSTRUCOES,CIDADE UNIVERSITARIA,MACEIO
TINTA,7892948044146,"TINTA ACR SB LIMPA FACIL BASE M 3,2L IQUINE",,0,32091010,83000000,UN,2026-09-11T22:01:40Z,136.17,129.03,03656804000131,CARAJAS MATERIAL DE CONSTRUCAO LTDA,CARAJAS CONSTRUCAO,TABULEIRO DOS MARTINS,MACEIO
TINTA,4946,TINTA LATEX DURAMAIS 15L BR NEVE - LUX,,0,32091010,83000000,BALDE,2026-09-14T11:09:45Z,136.0,129.18,22395647000100,MULTLUZ CONSTRUCAO LTDA,MULTLUZ,SAO JORGE,MACEIO
TINTA,1111,TINTA VINIL ACR LT15L PINTALAR BR NEVE,,0,32091010,83000000,UN,2026-09-11T16:46:11Z,129.5,129.5,14563410000155,WELLINGTON PESSOA FERREIRA EPP,FERREIRA CONSTRUCOES,FEITOSA,MACEIO
TINTA,7892948057542,"TINTA ACR FOS 3,6L PEROLA DELANIL IQUINE",,0,32091010,83000000,UN,2026-09-08T17:09:37Z,133.9,129.615,03656804000131,CARAJAS MATERIAL DE CONSTRUCAO LTDA,CARAJAS CONSTRUCAO,TABULEIRO DOS MARTINS,MACEIO
TINTA,364451,HIDROTINTAS DEMAIS 15L AM MILHO UN,,7899010490450,32091010,83000000,LT,2026-09-13T15:15:20Z,129.9,129.9,03555402000140,PARAGOMINAS HOME CENTER LTDA,PARAGOMINAS HOME CENTER,SANTOS DUMONT,MACEIO
TINTA,363422,HIDROTINTAS DEMAIS 15L CZ REAL UN,,7899010490542,32091010,83000000,UN,2026-09-14T19:38:27Z,129.9,129.9,03555402000140,PARAGOMINAS HOME CENTER LTDA,PARAGOMINAS HOME CENTER,SANTOS DUMONT,MACEIO
TINTA,956144,TINTA ACR BD15L CORALAR EC BR CORAL,TINTA VN ACR BD15L PAREDEX BR CORAL BD0001BD,7891019918683,32091010,83000000,BD,2026-09-15T17:07:20Z,129.9,129.9,00279531000670,TUPAN CONSTRUCOES LTDA,,JARDIM PETROPOLIS,MACEIO
TINTA,7891260532706,"TINTA ACR SB 3,6L BR NEVE GLASURIT SUVINIL",,0,32091010,83000000,UN,2026-09-13T18:11:39Z,129.9,129.9,03656804002428,CARAJAS MATERIAL DE CONSTRUCAO LTDA,CARAJAS CONSTRUCAO,MANGABEIRAS,MACEIO
TINTA,351767,HIDROTINTAS DEMAIS 15L PALHA UN,,7899010490603,32091010,83000000,UN,2026-09-14T19:38:27Z,129.9,129.9,03555402000140,PARAGOMINAS HOME CENTER LTDA,PARAGOMINAS HOME CENTER,SANTOS DUMONT,MACEIO
TINTA,8087,"ESMALTE SINTETICO CAMURCA 3,6L DIALINE I","TINTA ESM BR 3,6L DIALINE CAMUR IQUINE GL0001GL",7892948010370,32081010,83000000,UN,2026-09-12T15:01:12Z,129.99,129.99,70015672000156,ENCONTRO DO SOL HOME CENTER LTDA,ENCONTRO DO SOL HOME CENTER,TABULEIRO DO MARTINS,MACEIO
TINTA,2221,TEXTURA LISA BRANCO NEVE NUANCE TINTAS 20KG,,7899228213780,32141020,83000000,UN,2026-09-11T20:49:38Z,154.0,130.0,52798419000134,MARIA J FERREIRA FILHA LTDA,UNIVERSO TINTAS,Antares,MACEIO
TINTA,113,TINTA VINIL ACR LT15L PINTALAR BR NEVE,PINTALAR FA BRANCO NEVE BALDE 15L -&GT PRODUTO NAO CLASSIFICADO COMO PERIGOSO PARA FINS DE TRANSPORTE.,7892948043187,32091010,83000000,BD,2026-09-15T20:14:06Z,130.0,130.0,56952576000103,S DE L S SOUZA,JL Construções,Chã da Jaqueira,MACEIO
TINTA,2682,TINTA PINTALAR FA BRANCO GELO BALDE 15 LT,"PINTALAR-VINIL ACRIL BCO GELO 15,0L -> PRODUTO NAO CLASSIFICADO COMO PERIGOSO PARA FINS DE TRANSPORTE.",7892948043507,32091010,83000000,UN,2026-09-11T15:19:47Z,130.0,130.0,37461181000163,S. DA. S. FERNANDES GARCIA CONSTRUCOES,CONSTRUÇÃO 4 IRMÃOS LOJA 2,CIDADE UNIVERSITARIA,MACEIO
TINTA,1934,TINTA ACRI INT PINTALAR 15L BR NEVE IQUI,PINTALAR FA BRANCO NEVE BALDE 15L -&GT PRODUTO NAO CLASSIFICADO COMO PERIGOSO PARA FINS DE TRANSPORTE.,7892948043187,32091010,83000000,LT,2026-09-08T13:49:47Z,130.0,130.0,65565568000103,ANNE C A DE OLIVEIRA,PLASTFERRO CONSTRUÇÕES,Jacintinho,MACEIO
TINTA,1710,"Coralar semi brilho + brilho e protecao 3,6l branco","TINTA ACRILICA CORAL SEMIBRILHO 3,6L BRILHO PROTECAO BRANCO",7891019170579,32091010,83000000,UN,2026-09-14T12:52:44Z,130.0,130.0,34532809000186,BOLINHA CONSTRUÇÕES LTDA,BOLINHA CONSTRUCOES,CENTRO,MACEIO
TINTA,001306,TINTA ESM 3L AZUL FRANCA IQUINE,"DIALINE-ESM SEC RAP AZ FRANCA 3,6L -> COD.ONU: 1263 CL.RISCO: 3,0 GR.EMB: III TINTA CONTENDO SOLVENT",7892948009657,32081010,83000000,UN,2026-09-12T13:12:43Z,130.0,130.0,12832317000173,ANTONIO SOARES MACHADO -  ME,ELETRO SOARES,LEVADA,MACEIO
TINTA,10936,"TINTA ACR PREMIUM CORAL MASTER BRANCO FOSCO 3,6L CORAL",,7891019993932,32091010,83000000,GL,2026-09-08T11:34:31Z,143.0,130.07,12270435000801,L. JARDIM & CIA LTDA,Casas Jardim,PAJUCARA,MACEIO
TINTA,7891019919802,Tinta Acril Stan Rend Mto Az d Ades 32L,,0,32091010,83000000,UN,2026-09-13T13:47:53Z,132.87,132.87,01438784005590,LEROY MERLIN COMPANHIA BRASILEIRA DE BRICOLAGEM,,CRUZ DAS ALMAS,MACEIO
TINTA,85137325,Rend Muito 3 6L Br Nev,"TINTA PARA PAREDE VINIL ACRILICO CORAL RENDE MUITO 3,6 L BRANCO NEVE",7891019101467,32091010,83000000,UN,2026-09-13T14:24:19Z,132.87,132.87,01438784005590,LEROY MERLIN COMPANHIA BRASILEIRA DE BRICOLAGEM,,CRUZ DAS ALMAS,MACEIO
TINTA,91934955,Tinta Ac S RM Verd K 3 2L,"TINTA ACR FC 3,2L REND MUIT VD/KW CORAL GL0001GL",7891019920037,32091010,83000000,UN,2026-09-11T15:01:35Z,132.87,132.87,01438784005590,LEROY MERLIN COMPANHIA BRASILEIRA DE BRICOLAGEM,,CRUZ DAS ALMAS,MACEIO
TINTA,7891019919925,Tinta Acril Stan Rend Mto Brc Gelo 32L,,0,32091010,83000000,UN,2026-09-13T15:36:27Z,132.87,132.87,01438784005590,LEROY MERLIN COMPANHIA BRASILEIRA DE BRICOLAGEM,,CRUZ DAS ALMAS,MACEIO
TINTA,941098,TINTA VN ACR FC BD15L PINTALAR MF IQUINE,"PINTALAR-VINIL ACRIL MARFIM 15,0L -> PRODUTO NAO CLASSIFICADO COMO PERIGOSO PARA FINS DE TRANSPORTE.",7892948045372,32091010,83000000,BD,2026-09-16T18:51:16Z,132.99,132.99,00279531000670,TUPAN CONSTRUCOES LTDA,,JARDIM PETROPOLIS,MACEIO
TINTA,965990,TINTA VN ACR FC BD15L PINTALAR VD/PM IQU BD0001BD,TINTA PINTALAR - VINIL ACR VD PRIMAVERA 15L IQUINE,7892948050048,32091010,83000000,BD,2026-09-13T14:05:06Z,132.99,132.99,00279531000670,TUPAN CONSTRUCOES LTDA,,JARDIM PETROPOLIS,MACEIO
TINTA,965991,TINTA VN ACR FC BD15L PINTALAR PESS IQUI,T LTX 15L PINTALAR PESSEGO - IQUINE NAO CADASTRAVEL,7892948050055,32091010,83000000,BD,2026-09-16T18:51:16Z,132.99,132.99,00279531000670,TUPAN CONSTRUCOES LTDA,,JARDIM PETROPOLIS,MACEIO
TINTA,941091,TINTA VN ACR FC BD15L PINTALAR AREIA IQU,PINTALAR FA AREIA 15L -? PRODUTO NAO CLASSIFICADO COMO PERIGOSO PARA FINS DE TRANSPORTE.,7892948045402,32091010,83000000,BD,2026-09-16T14:34:43Z,132.99,132.99,00279531000670,TUPAN CONSTRUCOES LTDA,,JARDIM PETROPOLIS,MACEIO
TINTA,941090,TINTA VN ACR FC BD15L PINTALAR PALH IQUI BD0001BD,"PINTALAR-VINIL ACRIL PALHA 15,0L -> PRODUTO NAO CLASSIFIC",7892948045389,32091010,83000000,BD,2026-09-16T14:49:28Z,132.99,132.99,00279531000670,TUPAN CONSTRUCOES LTDA,,JARDIM PETROPOLIS,MACEIO
TINTA,965992,TINTA VN ACR FC BD15L PINTALAR VD/PIS IQ BD0001BD,PINTALAR VINIL ACR VD PISCINA 15L -> PRODUTO NAO CLASSIFICADO COMO PERIGOSO PARA FINS DE TRANSPORTE.,7892948050062,32091010,83000000,BD,2026-09-14T17:05:37Z,132.99,132.99,00279531000670,TUPAN CONSTRUCOES LTDA,,JARDIM PETROPOLIS,MACEIO
TINTA,973471,TINTA VN ACR FC BD15L PINTALAR ANDOR IQU BD0001BD,"PINTALAR FA ANDORINHA 15,0L - PRODUTO NAO CLASSIFICADO COMO PERIGOSO PARA FINS DE TRANSPORTE.",7892948050222,32091010,83000000,BD,2026-09-16T19:56:29Z,132.99,132.99,00279531000670,TUPAN CONSTRUCOES LTDA,,JARDIM PETROPOLIS,MACEIO
TINTA,991324,TINTA VN ACR FC BD15L PINTALAR ROND IQUI BD0001BD,,7892948052042,32091010,83000000,BD,2026-09-14T16:35:21Z,132.99,132.99,00279531000670,TUPAN CONSTRUCOES LTDA,,JARDIM PETROPOLIS,MACEIO
TINTA,7891019919871,"TINTA ACRILICA RENDE MUITO TUBARAO BRANCO 3,2L COR",,0,32091010,83000000,UN,2026-09-12T12:00:33Z,133.9,133.9,03656804000131,CARAJAS MATERIAL DE CONSTRUCAO LTDA,CARAJAS CONSTRUCAO,TABULEIRO DOS MARTINS,MACEIO
TINTA,7891019170654,"TINTA ACR FOS 3,2L BASE PM RENDE MUITO CORAL",AMARELO VANILLA - RM PADRAO NOVO AMARELO VANILLA RENDE MUITO PM GL RM506,7891019170654,32091010,83000000,GL,2026-09-12T18:28:33Z,133.9,133.9,03656804002428,CARAJAS MATERIAL DE CONSTRUCAO LTDA,CARAJAS CONSTRUCAO,MANGABEIRAS,MACEIO
TINTA,7892948043507,TINTA ACR FOS BR GELO 15L PINTALAR IQUINE,,0,32091010,83000000,UN,2026-09-11T11:28:47Z,133.9,133.9,03656804002428,CARAJAS MATERIAL DE CONSTRUCAO LTDA,CARAJAS CONSTRUCAO,MANGABEIRAS,MACEIO
TINTA,7891019919895,"TINTA ACRILICA RENDE MUITO AREIA 3,2L CORAL",,0,32091010,83000000,UN,2026-09-13T12:53:35Z,133.9,133.9,03656804000131,CARAJAS MATERIAL DE CONSTRUCAO LTDA,CARAJAS CONSTRUCAO,TABULEIRO DOS MARTINS,MACEIO
TINTA,7892948057603,"TINTA ACR FOS 3,6L BOI GARANTIDO DELANIL IQUINE",,7892948057603,32091010,83000000,UN,2026-09-12T18:47:11Z,133.9,133.9,03656804000131,CARAJAS MATERIAL DE CONSTRUCAO LTDA,CARAJAS CONSTRUCAO,TABULEIRO DOS MARTINS,MACEIO
TINTA,7892948043231,"TINTA ACR SB LIMPA FACIL BASE P 3,2L IQUINE","ICORES LIMPA FACIL (BASE P) 3,2L - PRODUTO NAO CL",7892948043231,32091010,83000000,UN,2026-09-13T15:15:30Z,133.9,133.9,03656804000131,CARAJAS MATERIAL DE CONSTRUCAO LTDA,CARAJAS CONSTRUCAO,TABULEIRO DOS MARTINS,MACEIO
TINTA,7891019170654,"TINTA ACR FOS 3,2L BASE PM RENDE MUITO CORAL",AMARELO VANILLA - RM PADRAO NOVO AMARELO VANILLA RENDE MUITO PM GL RM506,7891019170654,32091010,83000000,GL,2026-09-14T13:16:48Z,133.9,133.9,03656804000131,CARAJAS MATERIAL DE CONSTRUCAO LTDA,CARAJAS CONSTRUCAO,TABULEIRO DOS MARTINS,MACEIO
TINTA,8926,TINTA ACR PINTALAR LT BR GELO IQUINE 1,"PINTALAR - VINIL ACRILICO - BRANCO GELO18,0L -IQUI",7892948011667,32091010,83000000,LT,2026-09-12T13:23:20Z,133.95,133.95,11914541000141,NETTER CASA E CONSTRUÇÃO LTDA ME,CONSTRUCOES IPANEMA,JACINTINHO,MACEIO
TINTA,896865,"TINTA ACR SB 3,6L CORALAR +BRIL BR CORAL GL0001GL","TINTA ACRILICA CORAL SEMIBRILHO 3,6L BRILHO PROTECAO BRANCO",7891019170579,32091010,83000000,GL,2026-09-15T14:20:35Z,133.99,133.99,00279531000670,TUPAN CONSTRUCOES LTDA,,JARDIM PETROPOLIS,MACEIO
TINTA,39335,"TINTA ACR FC 3,6L RENOVA GESS BRNV CORA","TINTA LATEX FOSCA RENOVA GESSO E DRYWALL BRANCO 3,6 L CORAL",7891019139712,32091010,83000000,GL,2026-09-12T12:40:00Z,133.99,133.99,00279531000670,TUPAN CONSTRUCOES LTDA,,JARDIM PETROPOLIS,MACEIO
TINTA,1040,"HIDRAMAIS BA BRILHO BCO NEVE 3,0L -> COD.ONU: 1263 CL.RISCO: 3,0 GR.EMB: III TINTA CONTENDO SOLVENTE",,0,32091010,83000000,UN,2026-09-15T18:07:30Z,135.0,135.0,55532304000191,TOP TINTAS LTDA,TOP TINTAS,Prado,MACEIO
TINTA,3234,"TINTA ACR FC 3,6L RENOVA GESS BR/NV CORA","TINTA LATEX FOSCA RENOVA GESSO E DRYWALL BRANCO 3,6 L CORAL",7891019139712,32091010,83000000,GL,2026-09-15T16:57:55Z,135.0,135.0,37461181000163,S. DA. S. FERNANDES GARCIA CONSTRUCOES,CONSTRUÇÃO 4 IRMÃOS LOJA 2,CIDADE UNIVERSITARIA,MACEIO
TINTA,996767,TINTA ESM FC 3L DIALINE SEC BR/NV IQUINE LT0001LT,,7892948053995,32081010,83000000,LT,2026-09-11T19:38:40Z,148.79,135.4,00279531000670,TUPAN CONSTRUCOES LTDA,,JARDIM PETROPOLIS,MACEIO
TINTA,0002855,TINTA VN ACR 15L PINTALAR BR/NV IQUINE,PINTALAR FA BRANCO NEVE BALDE 15L -&GT PRODUTO NAO CLASSIFICADO COMO PERIGOSO PARA FINS DE TRANSPORTE.,7892948043187,32091010,83000000,BD,2026-09-16T14:28:21Z,135.7,135.7,08610072000162,A. E. FERREIRA -  ME,,BENEDITO BENTES,MACEIO
TINTA,7891260509128,"TINTA GLASU BRILHO PRATICO FT ANTIGA 3,6L SUVINIL",GLASU ACR SEMI-BRILHO FOTO ANTIGA GAL (BRILHO LAVAVEL / PRATICO),7891260509128,32091010,83000000,UN,2026-09-16T17:55:22Z,135.9,135.9,03656804002428,CARAJAS MATERIAL DE CONSTRUCAO LTDA,CARAJAS CONSTRUCAO,MANGABEIRAS,MACEIO
TINTA,7891260532737,"TINTA ACR SB AREIA 3,6L GLASURIT SUVINIL",,0,32091010,83000000,UN,2026-09-15T00:54:42Z,135.9,135.9,03656804002428,CARAJAS MATERIAL DE CONSTRUCAO LTDA,CARAJAS CONSTRUCAO,MANGABEIRAS,MACEIO
TINTA,5173,LATEX DURAMAIS 15L AZ ROYALE - TINTAS LUX,,0,32091010,83000000,UN,2026-09-15T18:39:33Z,136.0,136.0,35334579000103,J BERNARDO DA SILVA CONSTRUCOES,RIO NEGRO CONSTRUCOES,PETROPOLIS,MACEIO
TINTA,2300,TINTA ESMALTE DE 3L,,0,32081010,83000000,UNID,2026-09-15T18:57:00Z,137.0,137.0,04833476000164,COMERCIAL CARDOSO LTDA,COMERCIAL CARDOSO,TAB DOS MARTINS,MACEIO
TINTA,7891019170654,"TINTA ACR FOS 3,2L BASE PM RENDE MUITO CORAL",,0,32091010,83000000,GL,2026-09-15T20:37:49Z,137.65,137.65,03656804002428,CARAJAS MATERIAL DE CONSTRUCAO LTDA,CARAJAS CONSTRUCAO,MANGABEIRAS,MACEIO
TINTA,7891019170654,"TINTA ACR FOS 3,2L BASE PM RENDE MUITO CORAL",,0,32091010,83000000,GL,2026-09-16T13:43:44Z,137.65,137.65,03656804000131,CARAJAS MATERIAL DE CONSTRUCAO LTDA,CARAJAS CONSTRUCAO,TABULEIRO DOS MARTINS,MACEIO
TINTA,296018,"TINTA BASE ACR FC 3,2L MASTER MF CORAL GL0004GL - CAPIM DE CHEIRO - SU",,7891019993833,32091010,83000000,FD,2026-09-14T22:58:54Z,137.99,137.99,00279531000670,TUPAN CONSTRUCOES LTDA,,JARDIM PETROPOLIS,MACEIO
TINTA,527,TINTA BD 18L BR MIRALAR,,0,32091010,83000000,UN,2026-09-08T16:52:55Z,138.0,138.0,11437022000130,CASA PRONTA COMERCIO DE MATERIAIS DE CONSTRUCAO LTDA  - ME,CASA PRONTA CONSTRUCOES,SANTOS DUMONT,MACEIO
TINTA,7892948029860,"TINTA ACR FOSC BASE C 3,2L DELANIL IQUINE",,0,32091010,83000000,GL,2026-09-15T20:14:09Z,138.26,138.26,03656804002428,CARAJAS MATERIAL DE CONSTRUCAO LTDA,CARAJAS CONSTRUCAO,MANGABEIRAS,MACEIO
TINTA,994463,TINTA ESM BR 3L DIALINE SEC MR/TB IQUINE GL0001GL,,7892948053278,32081010,83000000,GL,2026-09-13T13:58:10Z,153.99,138.59,00279531000670,TUPAN CONSTRUCOES LTDA,,JARDIM PETROPOLIS,MACEIO
TINTA,6498,TINTA LATEX PINTALAR BR NEVE 15L IQUINE,,7892948045570,32091010,83000000,UN,2026-09-11T18:27:31Z,139.0,139.0,35249960000174,J F ATAIDE FILHO - ME,J F MATERIAIS DE CONSTRUCAO,TAB DOS MARTINS,MACEIO
TINTA,09619,TINTA GESSO ECONOMICA HGESSO BRANCO FOSCO 15L HIDRACOR,"HGESSO BRANCO NEVE BALDE 15,0L",7897144041388,32091010,83000000,LA,2026-09-11T13:10:32Z,139.2,139.12,12270435000720,L. JARDIM & CIA LTDA,CASA JARDIM,BARRO DURO,MACEIO
TINTA,08303,MEDITACAO 30YY 69/048 RENOVA PAREDES & TETOS P GL 5282,"TINTA BASE ACR FC GL3,2L RENOVA P CORAL GL0001GL - AMARELO VANILLA - RM",7891019915262,32091010,83000000,GL,2026-09-10T15:38:45Z,139.1343,139.13,12270435000640,L. JARDIM & CIA LTDA,Casas Jardim,JATIUCA,MACEIO
TINTA,002353,TINTA ACRI PINTALAR 15L BR NEVE IQUINE,PINTALAR FA BRANCO NEVE BALDE 15L -&GT PRODUTO NAO CLASSIFICADO COMO PERIGOSO PARA FINS DE TRANSPORTE.,7892948043187,32091010,83000000,UN,2026-09-12T13:36:33Z,139.9,139.19,28923975000100,KAROLINY B CARDOSO - ME,COMERCIAL KAROL,JACINTINHO,MACEIO
TINTA,09619,TINTA GESSO ECONOMICA HGESSO BRANCO FOSCO 15L HIDRACOR,"HGESSO BRANCO NEVE BALDE 15,0L",7897144041388,32091010,83000000,LA,2026-09-14T20:18:06Z,139.2,139.2,12270435000992,L. JARDIM & CIA LTDA,Casas Jardim,TABULEIRO DO MARTINS,MACEIO
TINTA,10749,"TINTA ACR PREMIUM TOQUE FOSCO (CLASSICA) BRANCO FOSCO 3,6L PLASTICO SUVINIL",,7891260561720,32091010,83000000,GL,2026-09-15T18:49:56Z,139.5,139.5,12270435000801,L. JARDIM & CIA LTDA,Casas Jardim,PAJUCARA,MACEIO
TINTA,10759,"TINTA ACR PREMIUM TOQUE FOSCO (CLASSICA) GELO FOSCO 3,6L SUVINIL",,7891260559390,32091010,83000000,GL,2026-09-15T12:09:55Z,139.5,139.5,12270435000720,L. JARDIM & CIA LTDA,CASA JARDIM,BARRO DURO,MACEIO
TINTA,10757,"TINTA ACR PREMIUM TOQUE FOSCO (CLASSICA) CROMIO FOSCO 3,6L SUVINIL",,7891260559451,32091010,83000000,GL,2026-09-14T17:31:20Z,139.5,139.5,12270435000720,L. JARDIM & CIA LTDA,CASA JARDIM,BARRO DURO,MACEIO
TINTA,10754,"TINTA ACR PREMIUM TOQUE FOSCO (CLASSICA) ELEFANTE FOSCO 3,6L SUVINIL",,7891260563281,32091010,83000000,GL,2026-09-08T16:18:10Z,139.5,139.5,12270435000720,L. JARDIM & CIA LTDA,CASA JARDIM,BARRO DURO,MACEIO
TINTA,10749,"TINTA ACR PREMIUM TOQUE FOSCO (CLASSICA) BRANCO FOSCO 3,6L PLASTICO SUVINIL",,7891260561720,32091010,83000000,GL,2026-09-10T15:03:25Z,139.5,139.5,12270435000992,L. JARDIM & CIA LTDA,Casas Jardim,TABULEIRO DO MARTINS,MACEIO
TINTA,10749,"TINTA ACR PREMIUM TOQUE FOSCO (CLASSICA) BRANCO FOSCO 3,6L PLASTICO SUVINIL",,7891260561720,32091010,83000000,GL,2026-09-14T14:01:12Z,139.5,139.5,12270435000640,L. JARDIM & CIA LTDA,Casas Jardim,JATIUCA,MACEIO
TINTA,357975,IQUINE DIATEX 15L BRANCO NEVE BD UN,TINTA VN ACR BD15L DIATEX BR/NV IQUINE BD0001BD,7892948050574,32091010,83000000,LT,2026-09-16T13:52:32Z,139.9,139.9,03555402000655,PARAGOMINAS HOME CENTER LTDA,PARAGOMINAS ANTARES,ANTARES,MACEIO
TINTA,3276007449211,Tinta pre int fos trench 36l luxens          De14883 Por13990,,0,32091010,83000000,UN,2026-09-15T19:56:50Z,148.83,139.9,01438784005590,LEROY MERLIN COMPANHIA BRASILEIRA DE BRICOLAGEM,,CRUZ DAS ALMAS,MACEIO
TINTA,7892948050581,TINTA ACR FOS BR GELO 15L BD DIATEX IQUINE,,0,32091010,83000000,UN,2026-09-13T19:39:24Z,139.9,139.9,03656804002428,CARAJAS MATERIAL DE CONSTRUCAO LTDA,CARAJAS CONSTRUCAO,MANGABEIRAS,MACEIO
TINTA,7892948050581,TINTA ACR FOS BR GELO 15L BD DIATEX IQUINE,TINTA VN ACR BD15L DIATEX BR/GL IQUINE BD0001BD,7892948050581,32091010,83000000,UN,2026-09-12T21:52:48Z,139.9,139.9,03656804000131,CARAJAS MATERIAL DE CONSTRUCAO LTDA,CARAJAS CONSTRUCAO,TABULEIRO DOS MARTINS,MACEIO
TINTA,7892948050581,TINTA ACR FOS BR GELO 15L BD DIATEX IQUINE,,0,32091010,83000000,UN,2026-09-16T17:47:55Z,139.9,139.9,03656804000131,CARAJAS MATERIAL DE CONSTRUCAO LTDA,CARAJAS CONSTRUCAO,TABULEIRO DOS MARTINS,MACEIO
TINTA,7896257584546,"TINTA EMBOR IMPERM FOS ELEFANTE 3,6L HYDRONORTH",,7896257584546,32091010,83000000,UN,2026-09-08T13:49:18Z,139.9,139.9,03656804002428,CARAJAS MATERIAL DE CONSTRUCAO LTDA,CARAJAS CONSTRUCAO,MANGABEIRAS,MACEIO
TINTA,357975,IQUINE DIATEX 15L BRANCO NEVE BD UN,TINTA VN ACR BD15L DIATEX BR/NV IQUINE BD0001BD,7892948050574,32091010,83000000,LT,2026-09-16T19:02:23Z,139.9,139.9,03555402000140,PARAGOMINAS HOME CENTER LTDA,PARAGOMINAS HOME CENTER,SANTOS DUMONT,MACEIO
TINTA,5562,MASSA ACRILICA 20 KG TINTAS LUX,,0,32141020,83000000,UN,2026-09-12T20:27:20Z,140.0,140.0,22819860000194,MARIA PEREIRA DE LIMA,THAMIRES CONSTRUCAO,FEITOSA,MACEIO
TINTA,1268,TINTA BRANCO NEVE FOSCO PINTALAR 15L IQUINE,,0,32091010,83000000,UND,2026-09-11T15:11:56Z,140.0,140.0,55031412000180,ILSON TENORIO ECCARDD - TINTAS LTDA,LOJAO DAS TINTAS,Levada,MACEIO
TINTA,1023,TINTA ACR INT PINTALAR 15L BR GELO IQUINE,,0,32091010,83000000,UN,2026-09-11T17:28:05Z,140.0,140.0,27449717000171,F P B DOS SANTOS COMERCIO E SERVIÇOS LTDA,FP PECAS E SERVICOS,SERRARIA,MACEIO
TINTA,1024,TINTA ACR INT PINTALAR 15L BR NEVE IQUINE,,0,32091010,83000000,UN,2026-09-12T11:09:59Z,140.0,140.0,27449717000171,F P B DOS SANTOS COMERCIO E SERVIÇOS LTDA,FP PECAS E SERVICOS,SERRARIA,MACEIO
TINTA,5530,TINTA ACRI INT PINTALAR 15L BR GELO IQUI,"PINTALAR-VINIL ACRIL BCO GELO 15,0L -> PRODUTO NAO CLASSIFICADO COMO PERIGOSO PARA FINS DE TRANSPORTE.",7892948043507,32091010,83000000,LT,2026-09-12T15:12:56Z,140.0,140.0,49850828000128,CONSTRUCAR MATERIAL DE CONSTRUCAO LTDA,,Jacintinho,MACEIO
TINTA,511,"ESM BR GL 3,6L PRETO","DELANIL-ESM PRETO 3,6L -? COD.ONU: 1263 CL.RISCO: 3,0 GR.EMB: III TINTA CONTENDO SOLVENTE ORGANICO.",7892948024759,32081010,83000000,UND,2026-09-09T11:13:00Z,140.0,140.0,30842782000177,DUDA TINTAS LTDA.,DUDA COLOR,JATIUCA,MACEIO
TINTA,08296,"TINTA ACR PREMIUM RENOVA PAREDES E TETOS BRANCO FOSCO 3,2L CORAL","TINTA ACRI EXT RENOVA FO BR 3 2L CORAL GL C/3,2L",7891019915217,32091010,83000000,GL,2026-09-15T19:00:55Z,165.0,140.0,12270435000640,L. JARDIM & CIA LTDA,Casas Jardim,JATIUCA,MACEIO
TINTA,7892948043231,"TINTA ACR SB LIMPA FACIL BASE P 3,2L IQUINE",,0,32091010,83000000,UN,2026-09-12T18:19:07Z,140.4,140.4,03656804000131,CARAJAS MATERIAL DE CONSTRUCAO LTDA,CARAJAS CONSTRUCAO,TABULEIRO DOS MARTINS,MACEIO
TINTA,1547,TINTA ACR FOSCA IBRATIN 15L,,0,32091010,83000000,UND,2026-09-14T15:30:26Z,141.0,141.0,55031412000180,ILSON TENORIO ECCARDD - TINTAS LTDA,LOJAO DAS TINTAS,Levada,MACEIO
TINTA,7892948057597,"TINTA ACR FOS 3,6L CAJU DELANIL IQUINE",,0,32091010,83000000,UN,2026-09-12T20:18:36Z,147.9,141.07,03656804000131,CARAJAS MATERIAL DE CONSTRUCAO LTDA,CARAJAS CONSTRUCAO,TABULEIRO DOS MARTINS,MACEIO
TINTA,2150,"TINTA CORAL 3,6L BRANCO A BASE D AGUA",,0,32091010,83000000,UN,2026-09-08T15:11:30Z,149.9,142.0,05251366000157,RONILDO DE OLIVEIRA LIMA  LTDA,COMERCIAL ESPERANCA,CENTRO,MACEIO
TINTA,8928,TINTA ACR PINTALAR BD PALHA IQUINE 1,TINTA VN ACR 18L PINTALAR PALH IQUINE LT0001LT,7892948011728,32091010,83000000,LT,2026-09-12T11:48:22Z,142.5,142.5,01493748000306,CONSTRUÇÕES IPANEMA LTDA,CONSTRUCOES IPANEMA,CENTRO,MACEIO
TINTA,014629,TINTA PINTALAR MARFIM 15L (FOSCO AVELUDADO) IQUINE*,"PINTALAR-VINIL ACRIL MARFIM 15,0L -> PRODUTO NAO CLASSIFICADO COMO PERIGOSO PARA FINS DE TRANSPORTE.",7892948045372,32091010,83000000,UN,2026-09-12T21:20:08Z,149.9,142.9,12024911000138,I. SILVA SANTOS CONSTRUCOES,VAL CONSTRUCOES,CIDADE UNIVERSITARIA,MACEIO
TINTA,289136,"TINTA BASE ACR FC 3,2L REND MUIT CS PM GL0001GL - SALVIA - RM",AMARELO VANILLA - RM PADRAO NOVO AMARELO VANILLA RENDE MUITO PM GL RM506,7891019170654,32091010,83000000,GL,2026-09-11T14:04:44Z,142.99,142.99,00279531000670,TUPAN CONSTRUCOES LTDA,,JARDIM PETROPOLIS,MACEIO
TINTA,7892948045372,TINTA FOSC MARFIM 15L PINTALAR IQUINE,,0,32091010,83000000,BD,2026-09-08T19:47:08Z,143.9,143.9,03656804002428,CARAJAS MATERIAL DE CONSTRUCAO LTDA,CARAJAS CONSTRUCAO,MANGABEIRAS,MACEIO
TINTA,7892948045389,TINTA FOSC PALHA 15L PINTALAR IQUINE,,0,32091010,83000000,BD,2026-09-16T15:49:12Z,143.9,143.9,03656804002428,CARAJAS MATERIAL DE CONSTRUCAO LTDA,CARAJAS CONSTRUCAO,MANGABEIRAS,MACEIO
TINTA,7892948045402,TINTA FOSC AREIA 15L PINTALAR IQUINE,,0,32091010,83000000,BD,2026-09-16T22:51:07Z,143.9,143.9,03656804002428,CARAJAS MATERIAL DE CONSTRUCAO LTDA,CARAJAS CONSTRUCAO,MANGABEIRAS,MACEIO
TINTA,7892948045396,TINTA FOSC PEROLA 15L PINTALAR IQUINE,PINTALAR FA PEROLA 15L -? PRODUTO NAO CLASSIFICADO COMO PERIGOSO PARA FINS DE TRANSPORTE.,7892948045396,32091010,83000000,BD,2026-09-15T14:56:17Z,143.9,143.9,03656804000131,CARAJAS MATERIAL DE CONSTRUCAO LTDA,CARAJAS CONSTRUCAO,TABULEIRO DOS MARTINS,MACEIO
TINTA,7892948050055,TINTA ACR FOS PESSEGO 15L PINTALAR IQUINE,,0,32091010,83000000,UN,2026-09-09T14:26:23Z,143.9,143.9,03656804000131,CARAJAS MATERIAL DE CONSTRUCAO LTDA,CARAJAS CONSTRUCAO,TABULEIRO DOS MARTINS,MACEIO
TINTA,7891260509166,"TINTA GLASU BRILHO PRATICO LAM AFIADA 3,6L SUVINIL",,0,32091010,83000000,UN,2026-09-12T23:36:37Z,143.9,143.9,03656804000131,CARAJAS MATERIAL DE CONSTRUCAO LTDA,CARAJAS CONSTRUCAO,TABULEIRO DOS MARTINS,MACEIO
TINTA,7891260509166,"TINTA GLASU BRILHO PRATICO LAM AFIADA 3,6L SUVINIL",,7891260509166,32091010,83000000,UN,2026-09-16T17:55:22Z,143.9,143.9,03656804002428,CARAJAS MATERIAL DE CONSTRUCAO LTDA,CARAJAS CONSTRUCAO,MANGABEIRAS,MACEIO
TINTA,7892948044160,"TINTA ACR SB LIMPA FACIL BASE C 3,2L IQUINE",,0,32091010,83000000,UN,2026-09-15T17:51:36Z,143.92,143.92,03656804000131,CARAJAS MATERIAL DE CONSTRUCAO LTDA,CARAJAS CONSTRUCAO,TABULEIRO DOS MARTINS,MACEIO
TINTA,7892948044146,"TINTA ACR SB LIMPA FACIL BASE M 3,2L IQUINE",,0,32091010,83000000,UN,2026-09-14T18:51:48Z,144.33,144.33,03656804002428,CARAJAS MATERIAL DE CONSTRUCAO LTDA,CARAJAS CONSTRUCAO,MANGABEIRAS,MACEIO
TINTA,3788,TINTA PVA PINTALAR 15L BCO GELO - IQUINE,"PINTALAR-VINIL ACRIL BCO GELO 15,0L -> PRODUTO NAO CLASSIFICADO COMO PERIGOSO PARA FINS DE TRANSPORTE.",7892948043507,32091010,83000000,UN,2026-09-08T19:36:48Z,145.0,145.0,50799419000123,J L B NUNES MATERIAL DE CONSTRUCAO,BB PISOS,BENEDITO BENTES,MACEIO
TINTA,7537,MASSA ACRILICA 20KG HIDROTINTAS,,7899010486903,32141020,83000000,BD,2026-09-16T19:56:29Z,145.0,145.0,37461181000163,S. DA. S. FERNANDES GARCIA CONSTRUCOES,CONSTRUÇÃO 4 IRMÃOS LOJA 2,CIDADE UNIVERSITARIA,MACEIO
TINTA,10199,ESMALTE PREMIUM CORALIT SEC RAPIDA GELO BRILHANTE 3L CORAL,TINTA ESM BR 3L SEC RAP BR/GL CORAL,7891019920679,32081010,83000000,GL,2026-09-10T19:18:09Z,145.0,145.0,12270435001026,L. JARDIM & CIA LTDA,Casas Jardim,FAROL,MACEIO
TINTA,7892948057580,"TINTA ACR FOS 3,6L CARANGUEJO DELANIL IQUINE",,7892948057580,32091010,83000000,UN,2026-09-09T19:31:54Z,145.9,145.9,03656804000131,CARAJAS MATERIAL DE CONSTRUCAO LTDA,CARAJAS CONSTRUCAO,TABULEIRO DOS MARTINS,MACEIO
TINTA,7892948057702,"TINTA ACR FOS 3,6L RONDON DELANIL IQUINE",,7892948057702,32091010,83000000,UN,2026-09-14T19:33:44Z,145.9,145.9,03656804000131,CARAJAS MATERIAL DE CONSTRUCAO LTDA,CARAJAS CONSTRUCAO,TABULEIRO DOS MARTINS,MACEIO
TINTA,7892948057702,"TINTA ACR FOS 3,6L RONDON DELANIL IQUINE",,0,32091010,83000000,UN,2026-09-15T12:22:53Z,145.9,145.9,03656804000131,CARAJAS MATERIAL DE CONSTRUCAO LTDA,CARAJAS CONSTRUCAO,TABULEIRO DOS MARTINS,MACEIO
TINTA,08303,BRANCO GELO - RM BRANCO GELO - RM RENOVA PAREDES & TETOS P GL RM002,"TINTA BASE ACR FC GL3,2L RENOVA P CORAL GL0001GL - AMARELO VANILLA - RM",7891019915262,32091010,83000000,GL,2026-09-12T13:28:42Z,162.3724,146.09,12270435000720,L. JARDIM & CIA LTDA,CASA JARDIM,BARRO DURO,MACEIO
TINTA,7892948052042,TINTA ECON FOS RONDON 15L PINTALAR IQUINE,,0,32091010,83000000,BD,2026-09-12T15:09:11Z,153.9,146.2,03656804002428,CARAJAS MATERIAL DE CONSTRUCAO LTDA,CARAJAS CONSTRUCAO,MANGABEIRAS,MACEIO
TINTA,924378,TINTA BR NEVE 15L BD INT ACR FC PINTALAR IQUINI,,0,32091010,83000000,UN,2026-09-12T17:00:09Z,147.5,147.5,17887377000107,AMORIM FREITAS CONSTRUÇÃO LTDA,VALMOR MATERIAL DE CONSTRUCAO,JACINTINHO,MACEIO
TINTA,7892948057627,"TINTA ACR FOS 3,6L BOI CAPRICHOSO DELANIL IQUINE",,0,32091010,83000000,UN,2026-09-11T13:32:11Z,147.9,147.9,03656804000131,CARAJAS MATERIAL DE CONSTRUCAO LTDA,CARAJAS CONSTRUCAO,TABULEIRO DOS MARTINS,MACEIO
TINTA,7892948057634,"TINTA ACR FOS 3,6L ARARA AZUL DELANIL IQUINE",,0,32091010,83000000,UN,2026-09-14T18:21:45Z,147.9,147.9,03656804002428,CARAJAS MATERIAL DE CONSTRUCAO LTDA,CARAJAS CONSTRUCAO,MANGABEIRAS,MACEIO
TINTA,7892948057597,"TINTA ACR FOS 3,6L CAJU DELANIL IQUINE",,7892948057597,32091010,83000000,UN,2026-09-14T13:57:17Z,147.9,147.9,03656804000131,CARAJAS MATERIAL DE CONSTRUCAO LTDA,CARAJAS CONSTRUCAO,TABULEIRO DOS MARTINS,MACEIO
TINTA,7892948057597,"TINTA ACR FOS 3,6L CAJU DELANIL IQUINE",,0,32091010,83000000,UN,2026-09-11T14:43:33Z,147.9,147.9,03656804002428,CARAJAS MATERIAL DE CONSTRUCAO LTDA,CARAJAS CONSTRUCAO,MANGABEIRAS,MACEIO
TINTA,7892948057610,"TINTA ACR FOS  3,6L CACOAL DELANIL IQUINE",,0,32091010,83000000,UN,2026-09-08T19:47:08Z,147.9,147.9,03656804002428,CARAJAS MATERIAL DE CONSTRUCAO LTDA,CARAJAS CONSTRUCAO,MANGABEIRAS,MACEIO
TINTA,08296,"TINTA ACR PREMIUM RENOVA PAREDES E TETOS BRANCO FOSCO 3,2L CORAL","TINTA ACRI EXT RENOVA FO BR 3 2L CORAL GL C/3,2L",7891019915217,32091010,83000000,GL,2026-09-12T13:28:42Z,165.0,148.45,12270435000720,L. JARDIM & CIA LTDA,CASA JARDIM,BARRO DURO,MACEIO
TINTA,997326,TINTA ESM BR 3L DIALINE B AG BR/GL IQUIN GL0001GL,,7892948053711,32091010,83000000,GL,2026-09-10T19:29:52Z,159.99,148.79,00279531000670,TUPAN CONSTRUCOES LTDA,,JARDIM PETROPOLIS,MACEIO
TINTA,3276007449259,Tinta pre int fos preto 36l luxens,,0,32091010,83000000,UN,2026-09-08T15:29:40Z,148.83,148.83,01438784005590,LEROY MERLIN COMPANHIA BRASILEIRA DE BRICOLAGEM,,CRUZ DAS ALMAS,MACEIO
TINTA,985800,TINTA ESM BR 3L SEC RAP BR CORAL,,7891019920655,32081010,83000000,GL,2026-09-15T21:25:05Z,148.99,148.99,00279531000670,TUPAN CONSTRUCOES LTDA,,JARDIM PETROPOLIS,MACEIO
TINTA,2439,"TINTA GLAS. ESM 3,6L CZ ESCURO",,0,32081010,83000000,UN,2026-09-09T18:30:21Z,149.5,149.0,30076510000294,ANA PATRICIA DA SILVA,COMERCIAL ARTHUR,POCO,MACEIO
TINTA,13676,TINTA ESMT SINT DIALINE BR GELO AL BR GL 1,,7892948053056,32081010,83000000,LT,2026-09-14T13:42:19Z,149.37,149.37,11914541000141,NETTER CASA E CONSTRUÇÃO LTDA ME,CONSTRUCOES IPANEMA,JACINTINHO,MACEIO
TINTA,364420,"IQUINE SEDA SUPER LAV 3,6L BR NEVE UN","TINTA ACR AC BR NEV 3,6L SEDA SUPER LAVAVEL IQUINE",7892948038442,32091010,83000000,LT,2026-09-16T11:42:43Z,161.093,149.82,03555402000140,PARAGOMINAS HOME CENTER LTDA,PARAGOMINAS HOME CENTER,SANTOS DUMONT,MACEIO
TINTA,7891019000005,TINTA ACRILICA FOSCO CORALAR BR BALDE 15L CORAL,,0,32091010,83000000,UN,2026-09-16T23:07:45Z,149.9,149.9,03656804002428,CARAJAS MATERIAL DE CONSTRUCAO LTDA,CARAJAS CONSTRUCAO,MANGABEIRAS,MACEIO
TINTA,7891019000005,TINTA ACRILICA FOSCO CORALAR BR BALDE 15L CORAL,TINTA ACRILICA 15L BALDE CORALAR BRANCO NEVE CORAL,7891019000005,32091010,83000000,UN,2026-09-13T17:02:09Z,149.9,149.9,03656804000131,CARAJAS MATERIAL DE CONSTRUCAO LTDA,CARAJAS CONSTRUCAO,TABULEIRO DOS MARTINS,MACEIO
TINTA,3126,5141 TINTA AREIA INTERNO BD 15L,,618341747326,32091010,83000000,BD,2026-09-15T15:00:22Z,149.9,149.9,42772381000177,RAMOS BRASIL PERFIL LTDA,PRIME CONSTRUCOES,CIDADE UNIVERSITARIA,MACEIO
TINTA,92178793,Tinta Ac Eco Fo Bra15L,TINTA ACRILICA 15L BALDE CORALAR BRANCO NEVE CORAL,7891019000005,32091010,83000000,UN,2026-09-10T21:56:17Z,159.47,149.9,01438784005590,LEROY MERLIN COMPANHIA BRASILEIRA DE BRICOLAGEM,,CRUZ DAS ALMAS,MACEIO
TINTA,3276007877403,Tinta Emb Camur 4Kg Luxens                   De15947 Por14990,,0,32081010,83000000,UN,2026-09-15T22:32:14Z,159.47,149.9,01438784005590,LEROY MERLIN COMPANHIA BRASILEIRA DE BRICOLAGEM,,CRUZ DAS ALMAS,MACEIO
TINTA,7891019000005,TINTA ACRILICA FOSCO CORALAR BR BALDE 15L CORAL,TINTA ACRILICA 15L BALDE CORALAR BRANCO NEVE CORAL,7891019000005,32091010,83000000,UN,2026-09-10T21:09:59Z,149.9,149.9,03656804002428,CARAJAS MATERIAL DE CONSTRUCAO LTDA,CARAJAS CONSTRUCAO,MANGABEIRAS,MACEIO
TINTA,7891019000005,TINTA ACRILICA FOSCO CORALAR BR BALDE 15L CORAL,,0,32091010,83000000,UN,2026-09-16T18:59:17Z,149.9,149.9,03656804000131,CARAJAS MATERIAL DE CONSTRUCAO LTDA,CARAJAS CONSTRUCAO,TABULEIRO DOS MARTINS,MACEIO
TINTA,978372,TINTA ACR FC BD15L CORALAR +DES BR CORAL BD0001BD,TINTA ACRILICA 15L BALDE CORALAR BRANCO NEVE CORAL,7891019000005,32091010,83000000,BD,2026-09-16T15:04:14Z,149.99,149.99,00279531000670,TUPAN CONSTRUCOES LTDA,,JARDIM PETROPOLIS,MACEIO
TINTA,424,TINTA EXT. PREMIUM 15L BRANCO NEVE,,0,32091010,83000000,UN,2026-09-16T14:30:38Z,150.0,150.0,54726373000173,L BRAZ DA SILVA LTDA,,Cidade Universitária,MACEIO
TINTA,4630,TINTA LATEX COLORIR VD AGUA 15LT LUX,,0,32091010,83000000,UN,2026-09-11T13:57:22Z,150.0,150.0,42524555000182,MARTA DE LIMA CARDOZO,TM CONSTRUCOES,OURO PRETO,MACEIO
TINTA,921042,"TINTA ACR FC 3,6L TOT SOL CHUV AREIA COR GL0001GL",,7891019909315,32091010,83000000,GL,2026-09-15T15:26:13Z,150.0,150.0,00279531000670,TUPAN CONSTRUCOES LTDA,,JARDIM PETROPOLIS,MACEIO
TINTA,997337,TINTA ESM BR 3L DIALINE B AG VM IQUINE GL0001GL,,7892948053650,32091010,83000000,GL,2026-09-15T20:07:59Z,159.99,150.01,00279531000670,TUPAN CONSTRUCOES LTDA,,JARDIM PETROPOLIS,MACEIO
TINTA,997340,TINTA ESM BR 3L DIALINE B AG AZ/DR IQUIN GL0001GL,,7892948053858,32091010,83000000,GL,2026-09-13T14:34:21Z,159.99,150.39,00279531000670,TUPAN CONSTRUCOES LTDA,,JARDIM PETROPOLIS,MACEIO
TINTA,7892948043187,TINTA BRANCO NEVE 15L PINTALAR,PINTALAR FA BRANCO NEVE BALDE 15L -&GT PRODUTO NAO CLASSIFICADO COMO PERIGOSO PARA FINS DE TRANSPORTE.,7892948043187,32091010,83000000,un,2026-09-15T11:53:52Z,151.25,151.25,24163873000183,CAMILA S DA L NASCIMENTO,,FEITOSA,MACEIO
TINTA,985830,TINTA ESM BR 3L SEC RAP AM CORAL GL0001GL,,7891019920891,32081010,83000000,GL,2026-09-12T13:17:23Z,157.16,152.01,00279531000670,TUPAN CONSTRUCOES LTDA,,JARDIM PETROPOLIS,MACEIO
TINTA,7891019170586,"TINTA ACR SB 3,2L BASE PM BRILHO E PROTECAO CORAL",,0,32091010,83000000,GL,2026-09-10T16:22:26Z,156.79,152.085,03656804002428,CARAJAS MATERIAL DE CONSTRUCAO LTDA,CARAJAS CONSTRUCAO,MANGABEIRAS,MACEIO
TINTA,357976,IQUINE DIATEX 15L BRANCO GELO BD UN,TINTA VN ACR BD15L DIATEX BR/GL IQUINE BD0001BD,7892948050581,32091010,83000000,LT,2026-09-16T18:20:51Z,152.9,152.9,03555402000140,PARAGOMINAS HOME CENTER LTDA,PARAGOMINAS HOME CENTER,SANTOS DUMONT,MACEIO
TINTA,7892948050659,TINTA ACR FOS AREIA 15L BD DIATEX IQUINE,,0,32091010,83000000,UN,2026-09-11T17:25:23Z,159.9,152.975,03656804002428,CARAJAS MATERIAL DE CONSTRUCAO LTDA,CARAJAS CONSTRUCAO,MANGABEIRAS,MACEIO
TINTA,7892948052042,TINTA ECON FOS RONDON 15L PINTALAR IQUINE,,0,32091010,83000000,BD,2026-09-11T16:55:09Z,153.9,153.9,03656804000131,CARAJAS MATERIAL DE CONSTRUCAO LTDA,CARAJAS CONSTRUCAO,TABULEIRO DOS MARTINS,MACEIO
TINTA,7892948050390,TINTA ECON FOS ONCA 15L PINTALAR IQUINE,,0,32091010,83000000,BD,2026-09-14T12:43:12Z,153.9,153.9,03656804002428,CARAJAS MATERIAL DE CONSTRUCAO LTDA,CARAJAS CONSTRUCAO,MANGABEIRAS,MACEIO
TINTA,994449,TINTA ESM BR 3L DIALINE SEC AREIA IQUINE GL0001GL,,7892948053131,32081010,83000000,GL,2026-09-16T14:49:28Z,153.99,153.99,00279531000670,TUPAN CONSTRUCOES LTDA,,JARDIM PETROPOLIS,MACEIO
TINTA,994454,TINTA ESM BR 3L DIALINE SEC MF IQUINE,,7892948053216,32081010,83000000,GL,2026-09-10T14:56:43Z,153.99,153.99,00279531000670,TUPAN CONSTRUCOES LTDA,,JARDIM PETROPOLIS,MACEIO
TINTA,994472,TINTA ESM BR 3L DIALINE SEC VD/NL IQUINE GL0001GL,,7892948053339,32081010,83000000,GL,2026-09-13T13:27:17Z,153.99,153.99,00279531000670,TUPAN CONSTRUCOES LTDA,,JARDIM PETROPOLIS,MACEIO
TINTA,994473,TINTA ESM BR 3L DIALINE SEC LJ IQUINE GL0001GL,,7892948053353,32081010,83000000,GL,2026-09-14T16:59:11Z,153.99,153.99,00279531000670,TUPAN CONSTRUCOES LTDA,,JARDIM PETROPOLIS,MACEIO
TINTA,994474,TINTA ESM BR 3L DIALINE SEC VM IQUINE GL0001GL,,7892948052608,32081010,83000000,GL,2026-09-15T17:59:19Z,153.99,153.99,00279531000670,TUPAN CONSTRUCOES LTDA,,JARDIM PETROPOLIS,MACEIO
TINTA,994479,TINTA ESM BR 3L DIALINE SEC PT IQUINE,,7892948053438,32081010,83000000,GL,2026-09-11T21:50:15Z,153.99,153.99,00279531000670,TUPAN CONSTRUCOES LTDA,,JARDIM PETROPOLIS,MACEIO
TINTA,994480,TINTA ESM BR 3L DIALINE SEC AM/CAR IQUIN GL0001GL,,7892948053032,32081010,83000000,GL,2026-09-14T14:17:01Z,153.99,153.99,00279531000670,TUPAN CONSTRUCOES LTDA,,JARDIM PETROPOLIS,MACEIO
TINTA,996768,TINTA ESM BR 3L DIALINE SEC GF/ESC IQUIN LT0001LT,,7892948054015,32081010,83000000,LT,2026-09-15T12:33:19Z,153.99,153.99,00279531000670,TUPAN CONSTRUCOES LTDA,,JARDIM PETROPOLIS,MACEIO
TINTA,982027,TINTA ESM BR 3L DIALINE SEC BR/NV IQUINE GL0001GL,,7892948051960,32081010,83000000,GL,2026-09-11T19:35:41Z,153.99,153.99,00279531000670,TUPAN CONSTRUCOES LTDA,,JARDIM PETROPOLIS,MACEIO
TINTA,896868,"TINTA BASE ACR SB 3,2L CORALAR +BRIL PM GL0001GL - VERDE KIWI - RM",AMARELO VANILLA - RM PADRAO NOVO AMARELO VANILLA BRILHO E PROTECAO PM GL RM506,7891019170586,32091010,83000000,GL,2026-09-16T12:32:57Z,153.99,153.99,00279531000670,TUPAN CONSTRUCOES LTDA,,JARDIM PETROPOLIS,MACEIO
TINTA,994444,TINTA ESM BR 3L DIALINE SEC CZ/ES IQUINE GL0001GL,,7892948053094,32081010,83000000,GL,2026-09-08T11:21:34Z,153.99,153.99,00279531000670,TUPAN CONSTRUCOES LTDA,,JARDIM PETROPOLIS,MACEIO
TINTA,994441,TINTA ESM BR 3L DIALINE SEC CZMD IQUINE,,7892948053070,32081010,83000000,GL,2026-09-16T13:16:37Z,153.99,153.99,00279531000670,TUPAN CONSTRUCOES LTDA,,JARDIM PETROPOLIS,MACEIO
TINTA,994433,TINTA ESM BR 3L DIALINE SEC PLAT IQUINE GL0001GL,,7892948052950,32081010,83000000,GL,2026-09-15T14:39:41Z,153.99,153.99,00279531000670,TUPAN CONSTRUCOES LTDA,,JARDIM PETROPOLIS,MACEIO
TINTA,08866,TINTA ACR ECONOMICA CORALAR + DESEMP LARANJA CITRICO FOSCO 18L CORAL FL,TINTA ACRILICA LARANJA CITRICO 18LT CORALAR CORAL,7891019168613,32091010,83000000,LA,2026-09-10T19:44:11Z,155.4,155.4,12270435000640,L. JARDIM & CIA LTDA,Casas Jardim,JATIUCA,MACEIO
TINTA,7891019170678,TINTA ACR FOS 16L BASE PM RENDE MUITO CORAL,AMARELO VANILLA - RM PADRAO NOVO AMARELO VANILLA RENDE MUITO PM LA RM506,7891019170678,32091010,83000000,LT,2026-09-13T20:59:18Z,389.9,155.96,03656804002428,CARAJAS MATERIAL DE CONSTRUCAO LTDA,CARAJAS CONSTRUCAO,MANGABEIRAS,MACEIO
TINTA,81334,"TINTA ESM AC 3,6L CORALIT ZR BR CORAL GL0001GL",CORALIT ZERO SECAGEM RAPIDA BALANCE ACET BRANCO NEVE GAL,7891019165155,32091010,83000000,GL,2026-09-14T20:35:11Z,169.99,156.39,00279531000670,TUPAN CONSTRUCOES LTDA,,JARDIM PETROPOLIS,MACEIO
TINTA,7891260561829,"TINTA ACR FOS 3,2L BASE B2 TOQUE FOSCO SUVINIL",,0,32091010,83000000,UN,2026-09-12T19:47:07Z,157.06,157.06,03656804000131,CARAJAS MATERIAL DE CONSTRUCAO LTDA,CARAJAS CONSTRUCAO,TABULEIRO DOS MARTINS,MACEIO
TINTA,890329,"TINTA BASE ESM BR 3,2L DIALINE C B AG IQ GL0001GL - RUBI","TINTA BAS ESM BR GL3,2L DIALINE C B AGUA GL0001GL - FERNANDO DE NORONHA",7892948029921,32091010,83000000,GL,2026-09-15T20:42:45Z,157.99,157.99,00279531000670,TUPAN CONSTRUCOES LTDA,,JARDIM PETROPOLIS,MACEIO
TINTA,309586,"FUNDO ACR 3,6L DIALINE MULTIU BR IQ","TINTA DIALINE FUNDO MULT. BASE AG. BR 3,6L IQUINE",7892948044399,32091010,83000000,GL,2026-09-13T13:59:18Z,158.99,158.99,00279531000670,TUPAN CONSTRUCOES LTDA,,JARDIM PETROPOLIS,MACEIO
TINTA,7891019000005,Tinta Acr Eco Fosca Branca 15L Coralar,,0,32091010,83000000,UN,2026-09-13T21:34:21Z,159.47,159.47,01438784005590,LEROY MERLIN COMPANHIA BRASILEIRA DE BRICOLAGEM,,CRUZ DAS ALMAS,MACEIO
TINTA,7892948051779,"TINTA ACR EMBORRACHADA BASE P 3,2L FACHADA IQUINE",,7892948051779,32091010,83000000,UN,2026-09-12T13:51:23Z,159.9,159.9,03656804000131,CARAJAS MATERIAL DE CONSTRUCAO LTDA,CARAJAS CONSTRUCAO,TABULEIRO DOS MARTINS,MACEIO
TINTA,7892948050611,TINTA ACR FOS CINZA 15L BD DIATEX IQUINE,TINTA VN ACR BD15L DIATEX CZ IQUINE BD0001BD,7892948050611,32091010,83000000,UN,2026-09-10T11:46:50Z,159.9,159.9,03656804002428,CARAJAS MATERIAL DE CONSTRUCAO LTDA,CARAJAS CONSTRUCAO,MANGABEIRAS,MACEIO
TINTA,7892948050727,TINTA ACR FOS MARFIM 15L BD DIATEX IQUINE,,0,32091010,83000000,UN,2026-09-15T11:23:29Z,159.9,159.9,03656804000131,CARAJAS MATERIAL DE CONSTRUCAO LTDA,CARAJAS CONSTRUCAO,TABULEIRO DOS MARTINS,MACEIO
TINTA,7892948050666,TINTA ACR FOS PEROLA 15L BD DIATEX IQUINE,,0,32091010,83000000,UN,2026-09-16T17:47:55Z,159.9,159.9,03656804000131,CARAJAS MATERIAL DE CONSTRUCAO LTDA,CARAJAS CONSTRUCAO,TABULEIRO DOS MARTINS,MACEIO
TINTA,7892948050659,TINTA ACR FOS AREIA 15L BD DIATEX IQUINE,,0,32091010,83000000,UN,2026-09-15T12:22:53Z,159.9,159.9,03656804000131,CARAJAS MATERIAL DE CONSTRUCAO LTDA,CARAJAS CONSTRUCAO,TABULEIRO DOS MARTINS,MACEIO
TINTA,7892948050611,TINTA ACR FOS CINZA 15L BD DIATEX IQUINE,TINTA VN ACR BD15L DIATEX CZ IQUINE BD0001BD,7892948050611,32091010,83000000,UN,2026-09-08T15:12:24Z,159.9,159.9,03656804000131,CARAJAS MATERIAL DE CONSTRUCAO LTDA,CARAJAS CONSTRUCAO,TABULEIRO DOS MARTINS,MACEIO
TINTA,8968,TINTA CORALAR 15L (BALDE) INT BRANCO - CORAL,,0,32091010,83000000,BD,2026-09-08T11:46:40Z,159.9,159.9,05251366000157,RONILDO DE OLIVEIRA LIMA  LTDA,COMERCIAL ESPERANCA,CENTRO,MACEIO
TINTA,9720,TINTA ACR FC LT15L CORALAR +EC BR/GL CO,,0,32091010,83000000,LT,2026-09-09T13:48:55Z,159.9,159.9,05251366000157,RONILDO DE OLIVEIRA LIMA  LTDA,COMERCIAL ESPERANCA,CENTRO,MACEIO
TINTA,7892948050611,TINTA ACR FOS CINZA 15L BD DIATEX IQUINE,,0,32091010,83000000,UN,2026-09-13T17:58:53Z,159.9,159.9,03656804000131,CARAJAS MATERIAL DE CONSTRUCAO LTDA,CARAJAS CONSTRUCAO,TABULEIRO DOS MARTINS,MACEIO
TINTA,61325,"TINTA ESM BR 3,6L CORALIT ULT BR CORAL","ESMALTE AB 3,6L BR NEVE ULTRA RESISTENCIA CORAL",7891019201723,32089010,83000000,GL,2026-09-10T17:26:24Z,159.99,159.99,00279531000670,TUPAN CONSTRUCOES LTDA,,JARDIM PETROPOLIS,MACEIO
TINTA,997341,TINTA ESM BR 3L DIALINE B AG PT IQUINE GL0001GL,,7892948053681,32091010,83000000,GL,2026-09-10T20:47:08Z,159.99,159.99,00279531000670,TUPAN CONSTRUCOES LTDA,,JARDIM PETROPOLIS,MACEIO
TINTA,997332,TINTA ESM BR 3L DIALINE B AG MR/TB IQUIN GL0001GL,,7892948053797,32091010,83000000,GL,2026-09-15T15:26:13Z,159.99,159.99,00279531000670,TUPAN CONSTRUCOES LTDA,,JARDIM PETROPOLIS,MACEIO
TINTA,997328,TINTA ESM BR 3L DIALINE B AG CZ/MD IQUIN GL0001GL,,7892948053759,32091010,83000000,GL,2026-09-13T11:37:42Z,159.99,159.99,00279531000670,TUPAN CONSTRUCOES LTDA,,JARDIM PETROPOLIS,MACEIO
TINTA,997319,TINTA ESM BR 3L DIALINE B AG BRNV IQUIN,,7892948053643,32091010,83000000,GL,2026-09-16T16:35:23Z,159.99,159.99,00279531000670,TUPAN CONSTRUCOES LTDA,,JARDIM PETROPOLIS,MACEIO
TINTA,1618,TINTA LATEX PINTALAR DE 15L,,0,32091010,83000000,UNID,2026-09-15T18:57:00Z,160.0,160.0,04833476000164,COMERCIAL CARDOSO LTDA,COMERCIAL CARDOSO,TAB DOS MARTINS,MACEIO
TINTA,01897,TINTA ACR ECONOMICA CORALAR + DESEMP BRANCO FOSCO 18L CORAL,TINTA PARA PAREDE ACRILICA CORAL CORALAR 18 L BRANCO,7891019176113,32091010,83000000,LA,2026-09-14T13:35:21Z,179.001,160.71,12270435000801,L. JARDIM & CIA LTDA,Casas Jardim,PAJUCARA,MACEIO
TINTA,7892948029860,"TINTA ACR FOSC BASE C 3,2L DELANIL IQUINE",,0,32091010,83000000,GL,2026-09-16T20:21:08Z,161.19,161.19,03656804000131,CARAJAS MATERIAL DE CONSTRUCAO LTDA,CARAJAS CONSTRUCAO,TABULEIRO DOS MARTINS,MACEIO
TINTA,7891019907069,"TINTA ACR FO BR NEVE DECORA MATTE 3,6L CORAL",,0,32091010,83000000,GL,2026-09-09T19:44:42Z,169.9,161.44,03656804002428,CARAJAS MATERIAL DE CONSTRUCAO LTDA,CARAJAS CONSTRUCAO,MANGABEIRAS,MACEIO
TINTA,972656,TINTA VN ACR BD15L DIATEX HORT IQUINE BD0001BD,,7892948050703,32091010,83000000,BD,2026-09-12T14:24:02Z,164.99,164.99,00279531000670,TUPAN CONSTRUCOES LTDA,,JARDIM PETROPOLIS,MACEIO
TINTA,972651,TINTA VN ACR BD15L DIATEX CAJU IQUINE BD0001BD,TINTA DIATEX PINTA MAIS CAJU 15L IQUINE,7892948050758,32091010,83000000,BD,2026-09-15T21:01:15Z,164.99,164.99,00279531000670,TUPAN CONSTRUCOES LTDA,,JARDIM PETROPOLIS,MACEIO
TINTA,7892948029860,"TINTA ACR FOSC BASE C 3,2L DELANIL IQUINE","TINTA BASE ACR FOS 3,2L DELANIL C IQUIN GL0001GL - LARANJA CITRICO",7892948029860,32091010,83000000,GL,2026-09-16T16:08:08Z,165.72,165.72,03656804000131,CARAJAS MATERIAL DE CONSTRUCAO LTDA,CARAJAS CONSTRUCAO,TABULEIRO DOS MARTINS,MACEIO
TINTA,7891260561799,"TINTA ACR FOS 3,2L BASE A2 TOQUE FOSCO SUVINIL",,0,32091010,83000000,UN,2026-09-15T20:08:03Z,165.9,165.9,03656804002428,CARAJAS MATERIAL DE CONSTRUCAO LTDA,CARAJAS CONSTRUCAO,MANGABEIRAS,MACEIO
TINTA,2722,"TINTA dupla funcao 3,6L CINZA ACETINADO",,0,32089010,83000000,UND,2026-09-14T16:03:06Z,166.0,166.0,02037581000161,COMERCIAL DE LAMINADOS E FERROS LTDA EPP,COMERCIAL CARNAUBA,BOM PARTO,MACEIO
TINTA,2724,"TINTA dupla funcao 3,6L PRETO ACETINADO",,0,32089010,83000000,UND,2026-09-08T13:41:06Z,166.0,166.0,02037581000161,COMERCIAL DE LAMINADOS E FERROS LTDA EPP,COMERCIAL CARNAUBA,BOM PARTO,MACEIO
TINTA,000110,TINTA ESM.SINT.3 LT BASE AGUA LUX,,0,32091010,83000000,GL,2026-09-15T12:59:15Z,166.0,166.0,35722180000108,G SILVA MATERIAL DE CONSTRUCOES LTDA,G SILVA MATERIAL DE CONSTRUÇÃO E FERRAGEM,JATIUCA,MACEIO
TINTA,7891260561799,"TINTA ACR FOS 3,2L BASE A2 TOQUE FOSCO SUVINIL",,7891260561799,32091010,83000000,UN,2026-09-13T17:02:09Z,166.97,166.97,03656804000131,CARAJAS MATERIAL DE CONSTRUCAO LTDA,CARAJAS CONSTRUCAO,TABULEIRO DOS MARTINS,MACEIO
TINTA,985805,TINTA ESM BR 3L SEC RAP PT CORAL GL0001GL,,7891019920693,32081010,83000000,GL,2026-09-09T11:27:15Z,168.99,168.99,00279531000670,TUPAN CONSTRUCOES LTDA,,JARDIM PETROPOLIS,MACEIO
TINTA,03241,"PAPEL PICADO - SUV ACR FOSCO BASE P 3,2L DECORA MATTE CORAL","TINTA BASE ACR FC GL3,2L DECORA P GL0001GL - PUDIM DE LEITE - SUV",7891019906833,32091010,83000000,GL,2026-09-08T18:15:26Z,169.67,169.67,09326760000753,CASA DAS TINTAS LTDA,CASA DAS TINTAS,PONTA VERDE,MACEIO
TINTA,3633,TEXTURA ACRIL 25KG BCO CORAL OK,TINTA TEXTURA ACRILICA BRANCO 25KG CORAL 1X25KGAKZONOBEL,7891019915750,32091010,83000000,UN,2026-09-09T18:05:20Z,169.9,169.9,43906461000130,AUROCON CONSTRUCAO LTDA,MIX  DA CONSTRUCAO,BARRO DURO,MACEIO
TINTA,56196,TIN.ACR.BR NEVE BALDE 15L CORALAR CORA,TINTA ACRILICA 15L BALDE CORALAR BRANCO NEVE CORAL,7891019000005,32091010,83000000,UN,2026-09-10T11:34:58Z,169.99,169.99,70015672000156,ENCONTRO DO SOL HOME CENTER LTDA,ENCONTRO DO SOL HOME CENTER,TABULEIRO DO MARTINS,MACEIO
TINTA,10623,"ACR FOSCO BRANCO 3,6L DECORA MATTE CORAL","TINTA ACR FO BR NEVE DECORA MATTE 3,6L CORAL",7891019907069,32091010,83000000,GL,2026-09-14T13:28:09Z,169.99,169.99,09326760000753,CASA DAS TINTAS LTDA,CASA DAS TINTAS,PONTA VERDE,MACEIO
TINTA,997390,TINTA ESM AC 3L DIALINE B AG BR/GL IQUIN GL0001GL,,7892948054138,32091010,83000000,GL,2026-09-16T15:18:35Z,169.99,169.99,00279531000670,TUPAN CONSTRUCOES LTDA,,JARDIM PETROPOLIS,MACEIO
TINTA,996764,TINTA ESM BR 3L DIALINE SEC OU/ANT IQUIN LT0001LT,,7892948053971,32081010,83000000,LT,2026-09-09T15:09:19Z,169.99,169.99,00279531000670,TUPAN CONSTRUCOES LTDA,,JARDIM PETROPOLIS,MACEIO
TINTA,997392,TINTA ESM FC 3L DIALINE B AG PT IQUINE GL0001GL,,7892948054176,32091010,83000000,GL,2026-09-10T16:28:03Z,169.99,169.99,00279531000670,TUPAN CONSTRUCOES LTDA,,JARDIM PETROPOLIS,MACEIO
TINTA,5057,TINTA SPR ALTA T 350ML/250G PRETO FOSCO CX/6 QTD. 1.00 CX,,0,32082019,83000000,CX,2026-09-11T16:46:11Z,170.0,170.0,14563410000155,WELLINGTON PESSOA FERREIRA EPP,FERREIRA CONSTRUCOES,FEITOSA,MACEIO
TINTA,0000000004363,TINTA PISO CINZA 15L,,4013999001015,32091010,83000000,UN,2026-09-12T13:04:02Z,175.0,173.68,17142345000182,MARIA APARECIDA DA SILVA BRANCO CONSTRUCOES,,CENTRO,MACEIO
TINTA,7891260561850,"TINTA ACR FOS 3,2L BASE C2 TOQUE FOSCO SUVINIL",,0,32091010,83000000,UN,2026-09-08T21:02:30Z,174.89,174.89,03656804000131,CARAJAS MATERIAL DE CONSTRUCAO LTDA,CARAJAS CONSTRUCAO,TABULEIRO DOS MARTINS,MACEIO
TINTA,06823,PEROLA - RM DECORA MATTE EXTRA FOSCO (NOVO) P GL RM018,"TINTA BASE ACR FC GL3,2L DECORA P GL0001GL - PUDIM DE LEITE - SUV",7891019906833,32091010,83000000,GL,2026-09-15T21:04:47Z,175.0351,175.0,12270435000720,L. JARDIM & CIA LTDA,CASA JARDIM,BARRO DURO,MACEIO
TINTA,7891019993963,"TINTA ACR FOSC PROF BASE T 3,2L MASTER CORAL",,0,32091010,83000000,UN,2026-09-10T22:40:05Z,176.65,176.515,03656804002428,CARAJAS MATERIAL DE CONSTRUCAO LTDA,CARAJAS CONSTRUCAO,MANGABEIRAS,MACEIO
TINTA,3276007449891,Tinta pre int acet br 36L Luxens             De21266 Por17678,,0,32091010,83000000,UN,2026-09-09T11:15:43Z,212.66,176.78,01438784005590,LEROY MERLIN COMPANHIA BRASILEIRA DE BRICOLAGEM,,CRUZ DAS ALMAS,MACEIO
TINTA,01897,TINTA ACR ECONOMICA CORALAR + DESEMP BRANCO FOSCO 18L CORAL,TINTA PARA PAREDE ACRILICA CORAL CORALAR 18 L BRANCO,7891019176113,32091010,83000000,LA,2026-09-15T16:30:32Z,179.001,177.995,12270435000992,L. JARDIM & CIA LTDA,Casas Jardim,TABULEIRO DO MARTINS,MACEIO
TINTA,8910,TINTA ACR PINT ESSE BR GELO LT GLASU 15L 1,GLASURIT ACR ECONOMICO PINTURA ESSENCIAL GELO 15L,7891260490297,32091010,83000000,LT,2026-09-12T14:34:43Z,178.39,178.39,11914541000141,NETTER CASA E CONSTRUÇÃO LTDA ME,CONSTRUCOES IPANEMA,JACINTINHO,MACEIO
TINTA,01898,TINTA ACR ECONOMICA CORALAR + DESEMP GELO FOSCO 18L CORAL,TINTA PARA PAREDE ACRILICA CORAL CORALAR 18 L BRANCO GELO,7891019176137,32091010,83000000,LA,2026-09-15T15:18:13Z,179.001,178.76,12270435000640,L. JARDIM & CIA LTDA,Casas Jardim,JATIUCA,MACEIO
TINTA,01897,TINTA ACR ECONOMICA CORALAR + DESEMP BRANCO FOSCO 18L CORAL,TINTA PARA PAREDE ACRILICA CORAL CORALAR 18 L BRANCO,7891019176113,32091010,83000000,LA,2026-09-12T14:48:02Z,179.001,178.9,12270435000720,L. JARDIM & CIA LTDA,CASA JARDIM,BARRO DURO,MACEIO
TINTA,01897,TINTA ACR ECONOMICA CORALAR + DESEMP BRANCO FOSCO 18L CORAL,TINTA PARA PAREDE ACRILICA CORAL CORALAR 18 L BRANCO,7891019176113,32091010,83000000,LA,2026-09-12T13:03:48Z,198.89,178.94,12270435000135,L. JARDIM & CIA LTDA,Casas Jardim,CENTRO,MACEIO
TINTA,01897,TINTA ACR ECONOMICA CORALAR + DESEMP BRANCO FOSCO 18L CORAL,TINTA PARA PAREDE ACRILICA CORAL CORALAR 18 L BRANCO,7891019176113,32091010,83000000,LA,2026-09-12T14:17:00Z,198.89,179.0,12270435001026,L. JARDIM & CIA LTDA,Casas Jardim,FAROL,MACEIO
TINTA,01898,TINTA ACR ECONOMICA CORALAR + DESEMP GELO FOSCO 18L CORAL,TINTA PARA PAREDE ACRILICA CORAL CORALAR 18 L BRANCO GELO,7891019176137,32091010,83000000,LA,2026-09-10T19:21:34Z,198.89,179.0,12270435001026,L. JARDIM & CIA LTDA,Casas Jardim,FAROL,MACEIO
TINTA,01898,TINTA ACR ECONOMICA CORALAR + DESEMP GELO FOSCO 18L CORAL,TINTA PARA PAREDE ACRILICA CORAL CORALAR 18 L BRANCO GELO,7891019176137,32091010,83000000,LA,2026-09-11T15:33:42Z,179.001,179.0,12270435000992,L. JARDIM & CIA LTDA,Casas Jardim,TABULEIRO DO MARTINS,MACEIO
TINTA,01897,TINTA ACR ECONOMICA CORALAR + DESEMP BRANCO FOSCO 18L CORAL,TINTA PARA PAREDE ACRILICA CORAL CORALAR 18 L BRANCO,7891019176113,32091010,83000000,LA,2026-09-16T15:38:16Z,179.001,179.0,12270435000640,L. JARDIM & CIA LTDA,Casas Jardim,JATIUCA,MACEIO
TINTA,016719,TINTA ACR BD15L CORALAR +EC BR CORAL,TINTA VN ACR BD15L PAREDEX BR CORAL BD0001BD,7891019918683,32091010,83000000,BD,2026-09-14T20:10:20Z,180.0,179.395,14810475000158,MICHELLI PATRICIA DE ALBUQUERQUE - ME,MICHELLI CONSTRUCOES,CENTRO,MACEIO
TINTA,013501,TINTA ACR FC 18L CORALAR BR/GL CORAL,TINTA PARA PAREDE ACRILICA CORAL CORALAR 18 L BRANCO GELO,7891019176137,32091010,83000000,LT,2026-09-14T20:10:20Z,180.0,179.4,14810475000158,MICHELLI PATRICIA DE ALBUQUERQUE - ME,MICHELLI CONSTRUCOES,CENTRO,MACEIO
TINTA,3276007449075,Tinta eco int fos gelo 18L luxens            De19138 Por17990,,0,32091010,83000000,UN,2026-09-11T23:27:36Z,191.38,179.9,01438784005590,LEROY MERLIN COMPANHIA BRASILEIRA DE BRICOLAGEM,,CRUZ DAS ALMAS,MACEIO
TINTA,7891019138494,TINTA ACR FOS 18L PEROLA CORALAR CORAL,,0,32091010,83000000,LT,2026-09-07T21:15:57Z,179.9,179.9,03656804002428,CARAJAS MATERIAL DE CONSTRUCAO LTDA,CARAJAS CONSTRUCAO,MANGABEIRAS,MACEIO
TINTA,7891019176113,TINTA ACR FOS 18L BR NEVE CORALAR CORAL,,0,32091010,83000000,LT,2026-09-12T00:01:52Z,179.9,179.9,03656804002428,CARAJAS MATERIAL DE CONSTRUCAO LTDA,CARAJAS CONSTRUCAO,MANGABEIRAS,MACEIO
TINTA,7891019176113,TINTA ACR FOS 18L BR NEVE CORALAR CORAL,,0,32091010,83000000,LT,2026-09-16T19:28:53Z,179.9,179.9,03656804000131,CARAJAS MATERIAL DE CONSTRUCAO LTDA,CARAJAS CONSTRUCAO,TABULEIRO DOS MARTINS,MACEIO
TINTA,91917021,Tinta Eco fc gl 18lLuxens,,3276007449075,32091010,83000000,UN,2026-09-08T15:32:21Z,191.38,179.91,01438784005590,LEROY MERLIN COMPANHIA BRASILEIRA DE BRICOLAGEM,,CRUZ DAS ALMAS,MACEIO
TINTA,3276007449068,Tinta eco int fos branca 18L Luxens          De19138 Por17995,,0,32091010,83000000,UN,2026-09-16T19:39:44Z,191.38,179.95,01438784005590,LEROY MERLIN COMPANHIA BRASILEIRA DE BRICOLAGEM,,CRUZ DAS ALMAS,MACEIO
TINTA,61431,"TINTA ESM FC 3,6L CORALIT ULT BR CORAL GL0001GL","ESMALTE FOS 3,6L BR NEVE ULTRA RESISTENCIA CORAL",7891019203482,32089010,83000000,GL,2026-09-08T19:28:33Z,199.99,179.99,00279531000670,TUPAN CONSTRUCOES LTDA,,JARDIM PETROPOLIS,MACEIO
TINTA,7891019993932,Tinta prem master int fos br 36lCoral,,0,32091010,83000000,UN,2026-09-13T23:08:27Z,180.74,180.74,01438784005590,LEROY MERLIN COMPANHIA BRASILEIRA DE BRICOLAGEM,,CRUZ DAS ALMAS,MACEIO
TINTA,7891019906833,"TINTA ACR FOSC BASE P 3,2L DECORA MATTE CORAL","TINTA BASE ACR FC GL3,2L DECORA P GL0001GL - PUDIM DE LEITE - SUV",7891019906833,32091010,83000000,UN,2026-09-10T21:55:35Z,180.87,180.87,03656804002428,CARAJAS MATERIAL DE CONSTRUCAO LTDA,CARAJAS CONSTRUCAO,MANGABEIRAS,MACEIO
TINTA,7891260560952,"TINTA ACR FOS 3,2L BASE B2 FOSCO COMPLETO SUVINIL",,0,32091010,83000000,UN,2026-09-15T19:32:38Z,181.25,181.25,03656804000131,CARAJAS MATERIAL DE CONSTRUCAO LTDA,CARAJAS CONSTRUCAO,TABULEIRO DOS MARTINS,MACEIO
TINTA,61351,"TINTA ESM BR 3,6L CORALIT ULT MR/CQ CORA GL0001GL","TINTA ESM BR GL3,6L CORALIT MR CONHAQ GL0001GL",7891019203185,32089010,83000000,GL,2026-09-12T14:29:32Z,199.99,181.99,00279531000670,TUPAN CONSTRUCOES LTDA,,JARDIM PETROPOLIS,MACEIO
TINTA,7891260561829,"TINTA ACR FOS 3,2L BASE B2 TOQUE FOSCO SUVINIL",,0,32091010,83000000,UN,2026-09-15T20:08:03Z,182.05,182.05,03656804002428,CARAJAS MATERIAL DE CONSTRUCAO LTDA,CARAJAS CONSTRUCAO,MANGABEIRAS,MACEIO
TINTA,7891019906833,"TINTA ACR FOSC BASE P 3,2L DECORA MATTE CORAL",,0,32091010,83000000,UN,2026-09-14T21:48:15Z,182.54,182.54,03656804002428,CARAJAS MATERIAL DE CONSTRUCAO LTDA,CARAJAS CONSTRUCAO,MANGABEIRAS,MACEIO
TINTA,06823,BARCO A REMO 21YY 45/060 DECORA MATTE EXTRA FOSCO (NOVO) P GL F2.05.65,"TINTA BASE ACR FC GL3,2L DECORA P GL0001GL - PUDIM DE LEITE - SUV",7891019906833,32091010,83000000,GL,2026-09-15T18:57:14Z,203.4032,183.0,12270435000640,L. JARDIM & CIA LTDA,Casas Jardim,JATIUCA,MACEIO
TINTA,09571,TINTA PISO PREMIUM HPISO BRANCO 15L HIDRACOR,HPISO TINTA PISO BRANCO 15L HIDRACOR,7897144042255,32091010,83000000,LA,2026-09-10T15:08:46Z,185.0,185.0,12270435000640,L. JARDIM & CIA LTDA,Casas Jardim,JATIUCA,MACEIO
TINTA,7891019906833,"TINTA ACR FOSC BASE P 3,2L DECORA MATTE CORAL",,0,32091010,83000000,UN,2026-09-08T22:59:02Z,185.43,185.43,03656804000131,CARAJAS MATERIAL DE CONSTRUCAO LTDA,CARAJAS CONSTRUCAO,TABULEIRO DOS MARTINS,MACEIO
TINTA,7891019993857,"TINTA ACR FOSC PROF BASE P 3,2L MASTER CORAL",,0,32091010,83000000,UN,2026-09-16T00:06:37Z,185.43,185.43,03656804002428,CARAJAS MATERIAL DE CONSTRUCAO LTDA,CARAJAS CONSTRUCAO,MANGABEIRAS,MACEIO
TINTA,7891019906833,"TINTA ACR FOSC BASE P 3,2L DECORA MATTE CORAL","TINTA BASE ACR FC GL3,2L DECORA P GL0001GL - PUDIM DE LEITE - SUV",7891019906833,32091010,83000000,UN,2026-09-12T18:18:14Z,185.94,185.94,03656804000131,CARAJAS MATERIAL DE CONSTRUCAO LTDA,CARAJAS CONSTRUCAO,TABULEIRO DOS MARTINS,MACEIO
TINTA,10699,"TINTA ACR PREMIUM TOQUE FOSCO COMPLETO BRANCO FOSCO 3,6L SUVINIL",,7891260560884,32091010,83000000,GL,2026-09-12T11:31:52Z,208.0,186.42,12270435000640,L. JARDIM & CIA LTDA,Casas Jardim,JATIUCA,MACEIO
TINTA,364418,"IQUINE SUPER LAVAVEL SB 3,6L BR NEVE UN","TINTA ACR SB GL3,6L DELACRYL BR NEVE GL0001GL",7892948003303,32091010,83000000,LT,2026-09-13T13:50:04Z,187.1,187.1,03555402000140,PARAGOMINAS HOME CENTER LTDA,PARAGOMINAS HOME CENTER,SANTOS DUMONT,MACEIO
TINTA,7891019166398,TINTA ACR FO IMP BASE P SOL E CHUVA 3.2L CORAL,,0,32091010,83000000,UN,2026-09-08T15:03:53Z,215.43,189.32,03656804002428,CARAJAS MATERIAL DE CONSTRUCAO LTDA,CARAJAS CONSTRUCAO,MANGABEIRAS,MACEIO
TINTA,7891260560884,Tinta pre int FOS COMP Brc Ne 36L IP22       De20202 Por18989,,0,32091010,83000000,UN,2026-09-12T17:48:19Z,202.02,189.89,01438784005590,LEROY MERLIN COMPANHIA BRASILEIRA DE BRICOLAGEM,,CRUZ DAS ALMAS,MACEIO
TINTA,894468,"TINTA ACR AC 3,6L DECORA SEDA BR CORAL GL0001GL","TINTA ACR AC 3,6L ACAB SED BR CORAL GL0001GL",7891019177158,32091010,83000000,GL,2026-09-10T11:10:53Z,189.99,189.98,00279531000670,TUPAN CONSTRUCOES LTDA,,JARDIM PETROPOLIS,MACEIO
TINTA,894469,"TINTA ACR AC 3,6L DECORA SEDA BRGL CORA","TINTA ACR AC 3,6L ACAB SED BR/GL CORAL GL0001GL",7891019177165,32091010,83000000,GL,2026-09-10T20:36:42Z,189.99,189.99,00279531000670,TUPAN CONSTRUCOES LTDA,,JARDIM PETROPOLIS,MACEIO
TINTA,7891019993857,"TINTA ACR FOSC PROF BASE P 3,2L MASTER CORAL",,0,32091010,83000000,UN,2026-09-12T20:03:07Z,190.27,190.27,03656804000131,CARAJAS MATERIAL DE CONSTRUCAO LTDA,CARAJAS CONSTRUCAO,TABULEIRO DOS MARTINS,MACEIO
TINTA,7891260560921,"TINTA ACR FOS 3,2L BASE A2 FOSCO COMPLETO SUVINIL",,0,32091010,83000000,UN,2026-09-11T23:19:42Z,190.29,190.29,03656804000131,CARAJAS MATERIAL DE CONSTRUCAO LTDA,CARAJAS CONSTRUCAO,TABULEIRO DOS MARTINS,MACEIO
TINTA,3276007449099,Tinta EconAmico Int Fos Cream 18L Luxens,,0,32091010,83000000,UN,2026-09-10T22:09:42Z,191.38,191.38,01438784005590,LEROY MERLIN COMPANHIA BRASILEIRA DE BRICOLAGEM,,CRUZ DAS ALMAS,MACEIO
TINTA,52432,TINTA ACR.STANDARD 15L BR GELO IBRATIN,,7899173408804,32091010,83000000,BD,2026-09-14T16:01:54Z,199.99,192.0,70015672000156,ENCONTRO DO SOL HOME CENTER LTDA,ENCONTRO DO SOL HOME CENTER,TABULEIRO DO MARTINS,MACEIO
TINTA,7892948056521,"TINTA ACR FOSC FACHADA EMB BASE C 3,2L IQUINE",,0,32091010,83000000,UN,2026-09-14T19:33:33Z,193.05,193.05,03656804002428,CARAJAS MATERIAL DE CONSTRUCAO LTDA,CARAJAS CONSTRUCAO,MANGABEIRAS,MACEIO
TINTA,05536,"TINTA IMPERMEA PREMIUM PROTECAO SOL CHUVA BRANCO FOSCO 3,6L CORAL",CORAL PROTECAO SOL E CHUVA PINTURA IMPERMEABILIZANTE BRANCO GAL,7891019166374,32091010,83000000,GL,2026-09-14T20:09:38Z,194.4,194.4,12270435000640,L. JARDIM & CIA LTDA,Casas Jardim,JATIUCA,MACEIO
TINTA,7892948029556,"TINTA ACR SB BASE P 3,2L SB LAVAVEL PREMIUM IQUINE",,0,32091010,83000000,GL,2026-09-12T16:40:06Z,194.74,194.74,03656804000131,CARAJAS MATERIAL DE CONSTRUCAO LTDA,CARAJAS CONSTRUCAO,TABULEIRO DOS MARTINS,MACEIO
TINTA,89372710,Base p acril fo deco 3 2l,"TINTA BASE ACR FC GL3,2L DECORA P GL0001GL - PUDIM DE LEITE - SUV",7891019906833,32091010,83000000,UN,2026-09-13T20:15:34Z,195.39,195.39,01438784005590,LEROY MERLIN COMPANHIA BRASILEIRA DE BRICOLAGEM,,CRUZ DAS ALMAS,MACEIO
TINTA,00134,REMOVEDOR GEL STRIPTIZI  4KG MONTANA,REMOVEDOR DE TINTA 4KG STRIPTIZI GEL MONTANA,7896682402125,38140090,83000000,GL,2026-09-12T15:23:50Z,219.0,196.65,12270435001026,L. JARDIM & CIA LTDA,Casas Jardim,FAROL,MACEIO
TINTA,2480,TINTA ACR INT GELO 15L GLASURIT,,0,32091010,83000000,UND,2026-09-10T12:32:47Z,206.0,196.91,30842782000177,DUDA TINTAS LTDA.,DUDA COLOR,JATIUCA,MACEIO
TINTA,10917,TINTA ACR STANDARD NACOR+ BRANCO FOSCO 15L IBRATIN,,7899173408774,32091010,83000000,LA,2026-09-12T12:30:31Z,219.0,196.97,12270435000801,L. JARDIM & CIA LTDA,Casas Jardim,PAJUCARA,MACEIO
TINTA,03241,"ROSA AMARELA ACR FOSCO BASE P 3,2L DECORA MATTE CORAL 45YY 73/519 5547","TINTA BASE ACR FC GL3,2L DECORA P GL0001GL - PUDIM DE LEITE - SUV",7891019906833,32091010,83000000,GL,2026-09-12T13:23:48Z,219.77,196.99,09326760000168,CASA DAS TINTAS LTDA,CASA DAS TINTAS,POCO,MACEIO
TINTA,00134,REMOVEDOR GEL STRIPTIZI  4KG MONTANA,REMOVEDOR DE TINTA 4KG STRIPTIZI GEL MONTANA,7896682402125,38140090,83000000,GL,2026-09-15T19:18:57Z,219.0,197.01,12270435000640,L. JARDIM & CIA LTDA,Casas Jardim,JATIUCA,MACEIO
TINTA,10917,TINTA ACR STANDARD NACOR+ BRANCO FOSCO 15L IBRATIN,,7899173408774,32091010,83000000,LA,2026-09-11T12:42:54Z,197.1,197.1,12270435001026,L. JARDIM & CIA LTDA,Casas Jardim,FAROL,MACEIO
TINTA,7892948029587,"TINTA ACR SB BASE M 3,2L SB LAVAVEL PREMIUM IQUINE","TINTA BASE ACR SB GL3,2L DELACRYL M IQUI GL0001GL - PEDRA ESCULPIDA",7892948029587,32091010,83000000,GL,2026-09-12T14:03:09Z,197.67,197.67,03656804000131,CARAJAS MATERIAL DE CONSTRUCAO LTDA,CARAJAS CONSTRUCAO,TABULEIRO DOS MARTINS,MACEIO
TINTA,8634,TINTA PISO MIL 15L BRANCO,,618341747678,32091010,83000000,UN,2026-09-13T13:01:08Z,198.0,198.0,26172162000109,DONA BELA CONSTRUÇÕES LTDA,DONA BELA,TABULEIRO DO MARTINS,MACEIO
TINTA,10790,"TINTA ACR PREMIUM TOQUE SEDA ELEFANTE ACETINADO 3,6L SUVINIL",,7891260559185,32091010,83000000,GL,2026-09-09T14:10:10Z,198.05,198.0,12270435000640,L. JARDIM & CIA LTDA,Casas Jardim,JATIUCA,MACEIO
TINTA,10787,"TINTA ACR PREMIUM TOQUE SEDA BRANCO ACETINADO 3,6L PLASTICO SUVINIL",,7891260559055,32091010,83000000,GL,2026-09-15T18:49:56Z,198.0,198.0,12270435000801,L. JARDIM & CIA LTDA,Casas Jardim,PAJUCARA,MACEIO
TINTA,04031,TINTA ACR ECONOMICA CORALAR + DESEMP PALHA FOSCO 18L CORAL,TINTA CORALAR ACRILICA PALHA 18L CORAL 1X18L CORAL,7891019138678,32091010,83000000,LA,2026-09-09T12:44:28Z,222.0,198.32,12270435000801,L. JARDIM & CIA LTDA,Casas Jardim,PAJUCARA,MACEIO
TINTA,7892948029587,"TINTA ACR SB BASE M 3,2L SB LAVAVEL PREMIUM IQUINE",,0,32091010,83000000,GL,2026-09-13T16:55:02Z,202.53,198.7,03656804000131,CARAJAS MATERIAL DE CONSTRUCAO LTDA,CARAJAS CONSTRUCAO,TABULEIRO DOS MARTINS,MACEIO
TINTA,1549,NACOR TINTA AC STANDARD (AREIA) 15LTS,,0,32091010,83000000,UN,2026-09-08T19:02:54Z,199.5,199.5,52681878000133,FEDERAL - TINTAS & MATERIAIS ELETRICOS LTDA,CASA 7 CORES - TINTAS E MATERIAIS ELETRICOS,Clima Bom,MACEIO
TINTA,7891019915712,TINTA ACR MARMORE BASE DECORA 3L CORAL,,0,32091010,83000000,UN,2026-09-16T15:00:16Z,199.6,199.6,03656804000131,CARAJAS MATERIAL DE CONSTRUCAO LTDA,CARAJAS CONSTRUCAO,TABULEIRO DOS MARTINS,MACEIO
TINTA,01901,TINTA ACR ECONOMICA CORALAR + DESEMP AREIA FOSCO 18L CORAL,TINTA PARA PAREDE ACRILICA CORAL CORALAR 18L AREIA,7891019138654,32091010,83000000,LA,2026-09-10T12:30:43Z,199.8,199.73,12270435000640,L. JARDIM & CIA LTDA,Casas Jardim,JATIUCA,MACEIO
TINTA,03695,TINTA ACR ECONOMICA CORALAR + DESEMP MARFIM FOSCO 18L CORAL,TINTA PARA PAREDE ACRILICA CORAL CORALAR 18 L MARFIM,7891019138630,32091010,83000000,LA,2026-09-10T19:05:01Z,222.0,199.77,12270435000135,L. JARDIM & CIA LTDA,Casas Jardim,CENTRO,MACEIO
TINTA,04508,TINTA ACR ECONOMICA CORALAR + DESEMP PEROLA FOSCO 18L CORAL,TINTA PARA PAREDE ACRILICA CORAL CORALAR 18 L PEROLA,7891019138494,32091010,83000000,LA,2026-09-15T12:36:36Z,222.0,199.79,12270435000135,L. JARDIM & CIA LTDA,Casas Jardim,CENTRO,MACEIO
TINTA,04031,TINTA ACR ECONOMICA CORALAR + DESEMP PALHA FOSCO 18L CORAL,TINTA CORALAR ACRILICA PALHA 18L CORAL 1X18L CORAL,7891019138678,32091010,83000000,LA,2026-09-10T18:56:35Z,199.8,199.8,12270435000992,L. JARDIM & CIA LTDA,Casas Jardim,TABULEIRO DO MARTINS,MACEIO
TINTA,01901,TINTA ACR ECONOMICA CORALAR + DESEMP AREIA FOSCO 18L CORAL,TINTA PARA PAREDE ACRILICA CORAL CORALAR 18L AREIA,7891019138654,32091010,83000000,LA,2026-09-16T15:31:20Z,199.8,199.8,12270435000992,L. JARDIM & CIA LTDA,Casas Jardim,TABULEIRO DO MARTINS,MACEIO
TINTA,9315,"TINTA BASE ESM BR 3,2L CORALIT T 993",,0,32089010,83000000,GL,2026-09-11T11:40:28Z,199.8,199.8,05251366000157,RONILDO DE OLIVEIRA LIMA  LTDA,COMERCIAL ESPERANCA,CENTRO,MACEIO
TINTA,04031,TINTA ACR ECONOMICA CORALAR + DESEMP PALHA FOSCO 18L CORAL,TINTA CORALAR ACRILICA PALHA 18L CORAL 1X18L CORAL,7891019138678,32091010,83000000,LA,2026-09-08T14:43:51Z,199.8,199.8,12270435001026,L. JARDIM & CIA LTDA,Casas Jardim,FAROL,MACEIO
TINTA,7892948057085,TINTA ACR FOS BR NEVE 15L SELA E PINTA IQUINE,,0,32091010,83000000,UN,2026-09-16T14:17:49Z,199.9,199.9,03656804002428,CARAJAS MATERIAL DE CONSTRUCAO LTDA,CARAJAS CONSTRUCAO,MANGABEIRAS,MACEIO
TINTA,7891019177158,"TINTA ACR AC 3,6L BR NEVE DECORA SEDA CORAL",,0,32091010,83000000,GL,2026-09-13T20:43:35Z,199.9,199.9,03656804000131,CARAJAS MATERIAL DE CONSTRUCAO LTDA,CARAJAS CONSTRUCAO,TABULEIRO DOS MARTINS,MACEIO
TINTA,7892948057085,TINTA ACR FOS BR NEVE 15L SELA E PINTA IQUINE,,0,32091010,83000000,UN,2026-09-16T16:01:23Z,199.9,199.9,03656804000131,CARAJAS MATERIAL DE CONSTRUCAO LTDA,CARAJAS CONSTRUCAO,TABULEIRO DOS MARTINS,MACEIO
TINTA,7891019177158,"TINTA ACR AC 3,6L BR NEVE DECORA SEDA CORAL",,0,32091010,83000000,GL,2026-09-11T16:15:48Z,199.9,199.9,03656804002428,CARAJAS MATERIAL DE CONSTRUCAO LTDA,CARAJAS CONSTRUCAO,MANGABEIRAS,MACEIO
TINTA,3276007450064,Tinta pre int acet crAmio 36L Luxens         De21266 Por19990,,0,32091010,83000000,UN,2026-09-15T18:39:13Z,212.66,199.9,01438784005590,LEROY MERLIN COMPANHIA BRASILEIRA DE BRICOLAGEM,,CRUZ DAS ALMAS,MACEIO
TINTA,61335,"TINTA ESM BR 3,6L CORALIT ULT AZ/DR CORA GL0001GL","TINTA ESM BR 3,6L CORALIT AZ/DR CORAL GL0001GL",7891019202171,32089010,83000000,GL,2026-09-09T22:36:23Z,199.99,199.99,00279531000670,TUPAN CONSTRUCOES LTDA,,JARDIM PETROPOLIS,MACEIO
TINTA,61415,"TINTA ESM AC 3,6L CORALIT ULT PLAT CORAL","TINTA ESM AC GL3,6L CORALIT PLAT CORAL GL0001GL",7891019203321,32089010,83000000,GL,2026-09-11T23:03:19Z,199.99,199.99,00279531000670,TUPAN CONSTRUCOES LTDA,,JARDIM PETROPOLIS,MACEIO
TINTA,74550,"TINTA ACR SB 3,6L SUP LAV BR/GL IQUINE GL0001GL","TINTA ACR SB GL3,6L DELACRYL BR GELO GL0001GL",7892948003273,32091010,83000000,GL,2026-09-10T13:26:23Z,199.99,199.99,00279531000670,TUPAN CONSTRUCOES LTDA,,JARDIM PETROPOLIS,MACEIO
TINTA,295950,TINTA ACR FC 15L RT SEL PINT BR/NV IQUIN BD0001BD,,7892948057085,32091010,83000000,BD,2026-09-16T12:23:00Z,199.99,199.99,00279531000670,TUPAN CONSTRUCOES LTDA,,JARDIM PETROPOLIS,MACEIO
TINTA,61343,"TINTA ESM BR 3,6L CORALIT ULT MR CORAL GL0001GL","TINTA ESM BR GL3,6L CORALIT MR CORAL . GL0001GL",7891019202836,32089010,83000000,GL,2026-09-14T18:11:32Z,199.99,199.99,00279531000670,TUPAN CONSTRUCOES LTDA,,JARDIM PETROPOLIS,MACEIO
TINTA,8138,Bomba 1/2 cv Ferrari /,TINTA PARA PAREDE ACRILICA CORAL CORALAR 18 L BRANCO GELO,7891019176137,32091010,83000000,UN,2026-09-10T19:30:01Z,200.0,200.0,31581137000100,LARISSA MAYARA SAPUCAIA DOS SANTOS,MAYARA CONSTRUCOES,CENTRO,MACEIO
TINTA,7891260561102,Tinta pre intex F COMPL alg eg 36L Suv,,0,32091010,83000000,UN,2026-09-13T16:08:26Z,202.02,202.02,01438784005590,LEROY MERLIN COMPANHIA BRASILEIRA DE BRICOLAGEM,,CRUZ DAS ALMAS,MACEIO
TINTA,7891260561003,Tinta pre intex F COMPL crAmio 36L Suv,,0,32091010,83000000,UN,2026-09-15T14:58:02Z,202.02,202.02,01438784005590,LEROY MERLIN COMPANHIA BRASILEIRA DE BRICOLAGEM,,CRUZ DAS ALMAS,MACEIO
TINTA,05980,RECADO DE AMOR 19YY 61/057 DECORA SEDA ACETINADO (NOVO) P GL F2.04.74,"TINTA BASE ACR AC GL3,2L ACAB SEDA P 990 GL0001GL - AZUL FERIADO - (LEQU",7891019177073,32091010,83000000,GL,2026-09-14T11:50:30Z,202.8475,202.85,12270435000640,L. JARDIM & CIA LTDA,Casas Jardim,JATIUCA,MACEIO
TINTA,7891019176113,TINTA ACR FOS 18L BR NEVE CORALAR CORAL,TINTA PARA PAREDE ACRILICA CORAL CORALAR 18 L BRANCO,7891019176113,32091010,83000000,LT,2026-09-08T21:46:16Z,204.9,204.9,03656804002428,CARAJAS MATERIAL DE CONSTRUCAO LTDA,CARAJAS CONSTRUCAO,MANGABEIRAS,MACEIO
TINTA,7891019906857,"TINTA ACR FOSC BASE T 3,2L DECORA MATTE CORAL",,0,32091010,83000000,UN,2026-09-16T12:58:18Z,205.92,205.92,03656804000131,CARAJAS MATERIAL DE CONSTRUCAO LTDA,CARAJAS CONSTRUCAO,TABULEIRO DOS MARTINS,MACEIO
TINTA,7891019906925,"TINTA ACR SB 3,6L BR NEVE DECORA DIAMANTE CORAL",,0,32091010,83000000,GL,2026-09-16T17:58:00Z,219.9,206.575,03656804002428,CARAJAS MATERIAL DE CONSTRUCAO LTDA,CARAJAS CONSTRUCAO,MANGABEIRAS,MACEIO
TINTA,10787,"TINTA ACR PREMIUM TOQUE SEDA BRANCO ACETINADO 3,6L PLASTICO SUVINIL",,7891260559055,32091010,83000000,GL,2026-09-14T18:06:55Z,233.0,208.35,12270435001026,L. JARDIM & CIA LTDA,Casas Jardim,FAROL,MACEIO
TINTA,03941,TINTA ACR ECONOMICA MUDA FACIL GELO FOSCO 18L GLASU,GLASURIT LX ACR ECO (MUDA FACIL) BRANCO GELO 18L,7891260058619,32091010,83000000,LA,2026-09-12T14:48:02Z,208.8,208.69,12270435000720,L. JARDIM & CIA LTDA,CASA JARDIM,BARRO DURO,MACEIO
TINTA,03941,TINTA ACR ECONOMICA MUDA FACIL GELO FOSCO 18L GLASU,GLASURIT LX ACR ECO (MUDA FACIL) BRANCO GELO 18L,7891260058619,32091010,83000000,LA,2026-09-09T13:26:39Z,232.0,208.78,12270435000801,L. JARDIM & CIA LTDA,Casas Jardim,PAJUCARA,MACEIO
TINTA,03939,TINTA ACR ECONOMICA MUDA FACIL BRANCO FOSCO 18L GLASU,TINTA LATEX MUDA FACIL GLASU LT BRANCO NEVE SUVINIL,7891260058626,32091010,83000000,LA,2026-09-15T20:28:09Z,232.0,208.8,12270435000135,L. JARDIM & CIA LTDA,Casas Jardim,CENTRO,MACEIO
TINTA,03939,TINTA ACR ECONOMICA MUDA FACIL BRANCO FOSCO 18L GLASU,TINTA LATEX MUDA FACIL GLASU LT BRANCO NEVE SUVINIL,7891260058626,32091010,83000000,LA,2026-09-16T12:11:09Z,208.8,208.8,12270435000640,L. JARDIM & CIA LTDA,Casas Jardim,JATIUCA,MACEIO
TINTA,03941,TINTA ACR ECONOMICA MUDA FACIL GELO FOSCO 18L GLASU,GLASURIT LX ACR ECO (MUDA FACIL) BRANCO GELO 18L,7891260058619,32091010,83000000,LA,2026-09-12T13:28:22Z,208.8,208.8,12270435000640,L. JARDIM & CIA LTDA,Casas Jardim,JATIUCA,MACEIO
TINTA,07417,"TINTA ACR PREMIUM DECORA SEDA GELO ACETINADO 3,6L CORAL","TINTA ACR AC 3,6L ACAB SED BR/GL CORAL GL0001GL",7891019177165,32091010,83000000,GL,2026-09-15T11:14:27Z,232.0,208.8,12270435000640,L. JARDIM & CIA LTDA,Casas Jardim,JATIUCA,MACEIO
TINTA,06306,"TINTA ACR PREMIUM DECORA SEDA BRANCO ACETINADO 3,6L CORAL","TINTA ACR AC 3,6L ACAB SED BR CORAL GL0001GL",7891019177158,32091010,83000000,GL,2026-09-14T19:44:31Z,208.8,208.8,12270435000720,L. JARDIM & CIA LTDA,CASA JARDIM,BARRO DURO,MACEIO
TINTA,03939,TINTA ACR ECONOMICA MUDA FACIL BRANCO FOSCO 18L GLASU,TINTA LATEX MUDA FACIL GLASU LT BRANCO NEVE SUVINIL,7891260058626,32091010,83000000,LA,2026-09-14T17:38:59Z,208.8,208.8,12270435000720,L. JARDIM & CIA LTDA,CASA JARDIM,BARRO DURO,MACEIO
TINTA,07417,"TINTA ACR PREMIUM DECORA SEDA GELO ACETINADO 3,6L CORAL","TINTA ACR AC 3,6L ACAB SED BR/GL CORAL GL0001GL",7891019177165,32091010,83000000,GL,2026-09-09T11:25:08Z,232.0,208.8,12270435000720,L. JARDIM & CIA LTDA,CASA JARDIM,BARRO DURO,MACEIO
TINTA,10787,"TINTA ACR PREMIUM TOQUE SEDA BRANCO ACETINADO 3,6L PLASTICO SUVINIL",,7891260559055,32091010,83000000,GL,2026-09-15T19:57:59Z,233.0,209.68,12270435000640,L. JARDIM & CIA LTDA,Casas Jardim,JATIUCA,MACEIO
TINTA,10792,"TINTA ACR PREMIUM TOQUE SEDA CROMIO ACETINADO 3,6L SUVINIL",,7891260559161,32091010,83000000,GL,2026-09-14T17:34:43Z,209.7,209.7,12270435000640,L. JARDIM & CIA LTDA,Casas Jardim,JATIUCA,MACEIO
TINTA,7891019915798,TINTA ACR CIMENTO QUEIMADO BASE DECORA 3L CORAL,,0,32091010,83000000,UN,2026-09-14T13:49:20Z,209.9,209.9,03656804000131,CARAJAS MATERIAL DE CONSTRUCAO LTDA,CARAJAS CONSTRUCAO,TABULEIRO DOS MARTINS,MACEIO
TINTA,967395,TINTA ACR FC BD15L REND MUIT BR CORAL BD0001BD,TINTA CR RENDE MUITO BRANCO 15L CORAL 1X1UN CORAL,7891019918928,32091010,83000000,BD,2026-09-09T14:16:04Z,299.99,209.99,00279531000670,TUPAN CONSTRUCOES LTDA,,JARDIM PETROPOLIS,MACEIO
TINTA,06811,"TINTA ACR PREMIUM DECORA DIAMANTE BRANCO SEMI BRILHO 3,6L CORAL","TINTA PARA PAREDE VINIL ACRILICO CORAL DECORA 3,6 L BRANCO",7891019906925,32091010,83000000,GL,2026-09-08T15:02:31Z,212.22,210.0,12270435000720,L. JARDIM & CIA LTDA,CASA JARDIM,BARRO DURO,MACEIO
TINTA,03148,"PAPEL PICADO - SUV ACR ACE BASE P 3,2L DECORA SEDA CORAL  SUV B 148","TINTA BASE ACR AC GL3,2L ACAB SEDA P 990 GL0001GL - AZUL FERIADO - (LEQU",7891019177073,32091010,83000000,GL,2026-09-11T14:17:33Z,234.21,210.0,09326760000168,CASA DAS TINTAS LTDA,CASA DAS TINTAS,POCO,MACEIO
TINTA,2696,TINTA ACR PLUS 15L - AM MILHO,,7898701771489,32091010,83000000,UN,2026-09-12T19:13:18Z,225.0,210.0,65565568000103,ANNE C A DE OLIVEIRA,PLASTFERRO CONSTRUÇÕES,Jacintinho,MACEIO
TINTA,1554,TINTA ACR FOSCO GELO IBRATIN 15L,,0,32091010,83000000,UND,2026-09-11T13:30:33Z,210.0,210.0,55031412000180,ILSON TENORIO ECCARDD - TINTAS LTDA,LOJAO DAS TINTAS,Levada,MACEIO
TINTA,06823,MANHA DO DESERTO 50YR 44/287 DECORA MATTE EXTRA FOSCO (NOVO) P GL 4377,"TINTA BASE ACR FC GL3,2L DECORA P GL0001GL - PUDIM DE LEITE - SUV",7891019906833,32091010,83000000,GL,2026-09-10T15:06:57Z,211.1719,211.17,12270435000992,L. JARDIM & CIA LTDA,Casas Jardim,TABULEIRO DO MARTINS,MACEIO
TINTA,3154,5598 TINTA PISO BRANCO BD 15L,,618341747678,32091010,83000000,UND,2026-09-09T20:46:25Z,212.0,212.0,42772381000177,RAMOS BRASIL PERFIL LTDA,PRIME CONSTRUCOES,CIDADE UNIVERSITARIA,MACEIO
TINTA,7891019166350,Tinta Acril Fo Branco 36L Chega de Mofo,,0,32091010,83000000,UN,2026-09-11T00:08:24Z,212.66,212.66,01438784005590,LEROY MERLIN COMPANHIA BRASILEIRA DE BRICOLAGEM,,CRUZ DAS ALMAS,MACEIO
TINTA,7899173408804,NACOR TINTA ACRILICA STANDARD-BL 15LT GELO IBRATIN IBRATIN,,7899173408804,32091010,83000000,BL,2026-09-14T13:51:16Z,215.0,215.0,41187931000128,PACOM PATRIOTA COMERCIAL LTDA - EPP,,TABULEIRO DOS MARTINS,MACEIO
TINTA,10732,"TINTA ACR PREMIUM TOQUE BRILHO ELEFANTE SEMI BRILHO 3,6L SUVINIL",,7891260559345,32091010,83000000,GL,2026-09-12T14:32:30Z,253.0,215.05,12270435000640,L. JARDIM & CIA LTDA,Casas Jardim,JATIUCA,MACEIO
TINTA,10729,"TINTA ACR PREMIUM TOQUE BRILHO BRANCO SEMI BRILHO 3,6L PLASTICO SUVINI",,7891260559222,32091010,83000000,GL,2026-09-14T17:54:32Z,215.05,215.05,12270435000640,L. JARDIM & CIA LTDA,Casas Jardim,JATIUCA,MACEIO
TINTA,7891019176137,TINTA ACR FOS 18L BR GELO CORALAR CORAL,,0,32091010,83000000,LT,2026-09-16T12:36:50Z,227.9,216.915,03656804002428,CARAJAS MATERIAL DE CONSTRUCAO LTDA,CARAJAS CONSTRUCAO,MANGABEIRAS,MACEIO
TINTA,7892948029617,"TINTA ACR SB BASE C 3,2L SB LAVAVEL PREMIUM IQUINE",,0,32091010,83000000,GL,2026-09-13T19:39:42Z,218.43,218.43,03656804000131,CARAJAS MATERIAL DE CONSTRUCAO LTDA,CARAJAS CONSTRUCAO,TABULEIRO DOS MARTINS,MACEIO
TINTA,7891019907021,"TINTA ACR SB 3,2 BASE P DECORA DIAMANTE CORAL",,0,32091010,83000000,GL,2026-09-16T17:24:16Z,239.9,219.805,03656804000131,CARAJAS MATERIAL DE CONSTRUCAO LTDA,CARAJAS CONSTRUCAO,TABULEIRO DOS MARTINS,MACEIO
TINTA,7891019906925,"TINTA ACR SB 3,6L BR NEVE DECORA DIAMANTE CORAL","TINTA PARA PAREDE VINIL ACRILICO CORAL DECORA 3,6 L BRANCO",7891019906925,32091010,83000000,GL,2026-09-11T23:20:03Z,219.9,219.9,03656804000131,CARAJAS MATERIAL DE CONSTRUCAO LTDA,CARAJAS CONSTRUCAO,TABULEIRO DOS MARTINS,MACEIO
TINTA,375283,HIDROTINTAS PISOS E PAREDES 15L CINZA UN,,7899010493598,32091010,83000000,LT,2026-09-13T15:03:01Z,219.9,219.9,03555402000140,PARAGOMINAS HOME CENTER LTDA,PARAGOMINAS HOME CENTER,SANTOS DUMONT,MACEIO
TINTA,375275,HIDROTINTAS PISOS E PAREDES 15L AM OURO UN,,7899010493673,32091010,83000000,LT,2026-09-08T18:25:58Z,219.9,219.9,03555402000140,PARAGOMINAS HOME CENTER LTDA,PARAGOMINAS HOME CENTER,SANTOS DUMONT,MACEIO
TINTA,375277,HIDROTINTAS PISOS E PAREDES 15L CZ ELEFA UN,,7899010493574,32091010,83000000,LT,2026-09-12T14:29:27Z,219.9,219.9,03555402000140,PARAGOMINAS HOME CENTER LTDA,PARAGOMINAS HOME CENTER,SANTOS DUMONT,MACEIO
TINTA,7891019906925,"TINTA ACR SB 3,6L BR NEVE DECORA DIAMANTE CORAL",,0,32091010,83000000,GL,2026-09-12T20:03:07Z,219.9,219.9,03656804000131,CARAJAS MATERIAL DE CONSTRUCAO LTDA,CARAJAS CONSTRUCAO,TABULEIRO DOS MARTINS,MACEIO
TINTA,1140,TINTA EXTERIOR COLORIR BR NEVE 15LT LUX,,7908147613127,32091010,83000000,UN,2026-09-08T17:21:47Z,220.0,220.0,37461181000163,S. DA. S. FERNANDES GARCIA CONSTRUCOES,CONSTRUÇÃO 4 IRMÃOS LOJA 2,CIDADE UNIVERSITARIA,MACEIO
TINTA,645,HPISO ACRILICO PREMIUM VERDE 15L,HPISO TINTA PISO VERDE 18L HIDRACOR *FL,7897144010124,32091010,83000000,UN,2026-09-15T19:45:23Z,220.0,220.0,17907055000182,COMERCIAL DE TINTAS DO JACINTINHO LTDA,M&C TINTAS,JACINTINHO,MACEIO
TINTA,52435,TINTA ACR.STANDARD 15L AZ OCEANO IBRATIN,,7899173408750,32091010,83000000,BD,2026-09-10T13:01:42Z,229.99,220.79,70015672000156,ENCONTRO DO SOL HOME CENTER LTDA,ENCONTRO DO SOL HOME CENTER,TABULEIRO DO MARTINS,MACEIO
TINTA,52438,TINTA ACR.STANDARD 15L LJ IBRATIN,,0,32091010,83000000,BD,2026-09-12T14:09:49Z,229.99,221.0,70015672000156,ENCONTRO DO SOL HOME CENTER LTDA,ENCONTRO DO SOL HOME CENTER,TABULEIRO DO MARTINS,MACEIO
TINTA,10734,"TINTA ACR PREMIUM TOQUE BRILHO CROMIO SEMI BRILHO 3,6L SUVINIL",,7891260561683,32091010,83000000,GL,2026-09-08T19:16:41Z,253.0,221.765,12270435000640,L. JARDIM & CIA LTDA,Casas Jardim,JATIUCA,MACEIO
TINTA,0000000002768,TINTA ACRILICA 18L BRANCO CORALAR,,7891019176113,32091010,83000000,UN,2026-09-11T12:28:05Z,221.9,221.9,00837552000159,JOSE CARLOS DOS SANTOS CONSTRUCAO LTDA,GG CASA & CONSTRUCAO,CLIMA BOM,MACEIO
TINTA,365089,HIDROTINTAS BRILHO E COR 15L BR NEVE** UN,,7899010489270,32091010,83000000,UN,2026-09-11T15:17:52Z,369.9,221.94,03555402000140,PARAGOMINAS HOME CENTER LTDA,PARAGOMINAS HOME CENTER,SANTOS DUMONT,MACEIO
TINTA,362179,HIDROTINTAS BRILHO E COR 15L BR GELO** UN,,7899010489263,32091010,83000000,UN,2026-09-12T11:23:09Z,369.986,221.99,03555402000140,PARAGOMINAS HOME CENTER LTDA,PARAGOMINAS HOME CENTER,SANTOS DUMONT,MACEIO
TINTA,1709,TINTA EXT AMARELO CANARIO 15L DURATON,,0,32091010,83000000,UND,2026-09-11T11:47:27Z,230.0,222.18,55031412000180,ILSON TENORIO ECCARDD - TINTAS LTDA,LOJAO DAS TINTAS,Levada,MACEIO
TINTA,1374,TINTA EXT OCEANO 15L DURATON,,0,32091010,83000000,UND,2026-09-11T11:47:27Z,230.0,222.18,55031412000180,ILSON TENORIO ECCARDD - TINTAS LTDA,LOJAO DAS TINTAS,Levada,MACEIO
TINTA,06812,"TINTA ACR PREMIUM DECORA DIAMANTE GELO SEMI BRILHO 3,6L CORAL","TINTA ACRI EXT DECOR S B 3 6L BR GELO CO GL C/3,6L",7891019906901,32091010,83000000,GL,2026-09-10T17:25:11Z,262.0,222.93,12270435000135,L. JARDIM & CIA LTDA,Casas Jardim,CENTRO,MACEIO
TINTA,904939,TINTA BASE ACR LT16L DIATEX P IQUINE LT0001LT - PAIVA,TINTA BASE ACRIL DIATEX LT16L P IQUIN LT0001LT - BARRA MANSA,7892948036516,32091010,83000000,LT,2026-09-10T22:03:24Z,222.99,222.99,00279531000670,TUPAN CONSTRUCOES LTDA,,JARDIM PETROPOLIS,MACEIO
TINTA,01310,"ESMALTE PREMIUM HAMMERITE PRETO BRILHANTE 2,4L CORAL","TINTA ESM BR 2,4L HAMMERITE PT CORAL GL0001GL",7891019208043,32089010,83000000,GL,2026-09-10T13:51:02Z,249.0,223.65,12270435000640,L. JARDIM & CIA LTDA,Casas Jardim,JATIUCA,MACEIO
TINTA,01310,"ESMALTE PREMIUM HAMMERITE PRETO BRILHANTE 2,4L CORAL","TINTA ESM BR 2,4L HAMMERITE PT CORAL GL0001GL",7891019208043,32089010,83000000,GL,2026-09-14T19:29:10Z,224.0,224.0,12270435001026,L. JARDIM & CIA LTDA,Casas Jardim,FAROL,MACEIO
TINTA,01307,"ESMALTE PREMIUM HAMMERITE BRANCO BRILHANTE 2,4L CORAL","TINTA HY HAMMERITE BR BRANCO 2.4 L CORAL 1X2,4LAKZONOBEL",7891019207923,32089010,83000000,GL,2026-09-14T12:21:03Z,249.0,224.01,12270435000640,L. JARDIM & CIA LTDA,Casas Jardim,JATIUCA,MACEIO
TINTA,940937,"TINTA BASE ACR 4,1KG DECORA EF CIME CORA GL0001GL - MADEIRA ACINZENTADA",GOLFINHO DE NORONHA 28GG 22/002 DECORA EFEITO CIMENTO QUEIMADO CIMENTO GL ON.00.45,7891019915798,32091010,83000000,GL,2026-09-16T12:32:57Z,224.99,224.99,00279531000670,TUPAN CONSTRUCOES LTDA,,JARDIM PETROPOLIS,MACEIO
TINTA,217,"BRASILUX AMARELO BRASIL 5Y7/12 3,6 L","BRASILUX AMARELO BRASIL 5Y7/12 3,6 L",7893866622140,32081010,83000000,GL,2026-09-09T13:37:44Z,225.0,225.0,17907055000182,COMERCIAL DE TINTAS DO JACINTINHO LTDA,M&C TINTAS,JACINTINHO,MACEIO
TINTA,03148,"BISCOITO DE LEITE ACR ACE BASE P 3,2L DECORA SEDA CORAL 40YY 74/056","TINTA BASE ACR AC GL3,2L ACAB SEDA P 990 GL0001GL - AZUL FERIADO - (LEQU",7891019177073,32091010,83000000,GL,2026-09-11T20:48:54Z,231.2,225.36,09326760000400,CASA DAS TINTAS LTDA,,BARRO DURO,MACEIO
TINTA,7892948029587,"TINTA ACR SB BASE M 3,2L SB LAVAVEL PREMIUM IQUINE",,0,32091010,83000000,GL,2026-09-10T15:30:24Z,226.52,226.52,03656804002428,CARAJAS MATERIAL DE CONSTRUCAO LTDA,CARAJAS CONSTRUCAO,MANGABEIRAS,MACEIO
TINTA,09625,TINTA PISO PREMIUM HPISO PRETO 15L HIDRACOR,HPISO TINTA PISO PRETO 15L HIDRACOR,7897144042156,32091010,83000000,LA,2026-09-12T14:27:16Z,226.8,226.63,12270435000720,L. JARDIM & CIA LTDA,CASA JARDIM,BARRO DURO,MACEIO
TINTA,09620,TINTA PISO PREMIUM HPISO VERDE 15L HIDRACOR,"HPISO VERDE 15,0L",7897144042248,32091010,83000000,LA,2026-09-10T20:57:37Z,226.8,226.66,12270435000992,L. JARDIM & CIA LTDA,Casas Jardim,TABULEIRO DO MARTINS,MACEIO
TINTA,09669,TINTA PISO PREMIUM HPISO CONCRETO 15L HIDRACOR,,1001001096695,32091010,83000000,LA,2026-09-15T18:35:50Z,226.8,226.8,12270435000992,L. JARDIM & CIA LTDA,Casas Jardim,TABULEIRO DO MARTINS,MACEIO
TINTA,09676,TINTA PISO PREMIUM HPISO CINZA 15L HIDRACOR,,1001001096763,32091010,83000000,LA,2026-09-11T13:46:58Z,226.8,226.8,12270435000135,L. JARDIM & CIA LTDA,Casas Jardim,CENTRO,MACEIO
TINTA,09687,TINTA PISO PREMIUM HPISO AZUL 15L HIDRACOR,,1001001096879,32091010,83000000,LA,2026-09-12T12:42:56Z,226.8,226.8,12270435000640,L. JARDIM & CIA LTDA,Casas Jardim,JATIUCA,MACEIO
TINTA,09620,TINTA PISO PREMIUM HPISO VERDE 15L HIDRACOR,"HPISO VERDE 15,0L",7897144042248,32091010,83000000,LA,2026-09-12T12:42:56Z,226.8,226.8,12270435000640,L. JARDIM & CIA LTDA,Casas Jardim,JATIUCA,MACEIO
TINTA,09676,TINTA PISO PREMIUM HPISO CINZA 15L HIDRACOR,,1001001096763,32091010,83000000,LA,2026-09-15T12:48:13Z,226.8,226.8,12270435000720,L. JARDIM & CIA LTDA,CASA JARDIM,BARRO DURO,MACEIO
TINTA,09620,TINTA PISO PREMIUM HPISO VERDE 15L HIDRACOR,"HPISO VERDE 15,0L",7897144042248,32091010,83000000,LA,2026-09-16T11:24:53Z,226.8,226.8,12270435000135,L. JARDIM & CIA LTDA,Casas Jardim,CENTRO,MACEIO
TINTA,09669,TINTA PISO PREMIUM HPISO CONCRETO 15L HIDRACOR,,1001001096695,32091010,83000000,LA,2026-09-08T12:49:42Z,252.0,226.89,12270435000135,L. JARDIM & CIA LTDA,Casas Jardim,CENTRO,MACEIO
TINTA,09571,TINTA PISO PREMIUM HPISO BRANCO 15L HIDRACOR,HPISO TINTA PISO BRANCO 15L HIDRACOR,7897144042255,32091010,83000000,LA,2026-09-10T18:36:25Z,252.0,226.975,12270435001026,L. JARDIM & CIA LTDA,Casas Jardim,FAROL,MACEIO
TINTA,7891019922130,TINTA ACR MAIS DES DIA NUBLADO 18L CORALAR CORAL,,0,32091010,83000000,UN,2026-09-07T23:08:01Z,237.9,227.22,03656804002428,CARAJAS MATERIAL DE CONSTRUCAO LTDA,CARAJAS CONSTRUCAO,MANGABEIRAS,MACEIO
TINTA,7891260559079,"TINTA ACR AC 3,2L BASE A2 TOQUE SEDA SUVINIL",,7891260559079,32091010,83000000,UN,2026-09-16T12:49:54Z,227.64,227.64,03656804000131,CARAJAS MATERIAL DE CONSTRUCAO LTDA,CARAJAS CONSTRUCAO,TABULEIRO DOS MARTINS,MACEIO
TINTA,10729,"TINTA ACR PREMIUM TOQUE BRILHO BRANCO SEMI BRILHO 3,6L PLASTICO SUVINI",,7891260559222,32091010,83000000,GL,2026-09-14T12:35:24Z,227.7,227.7,12270435000720,L. JARDIM & CIA LTDA,CASA JARDIM,BARRO DURO,MACEIO
TINTA,10729,"TINTA ACR PREMIUM TOQUE BRILHO BRANCO SEMI BRILHO 3,6L PLASTICO SUVINI",,7891260559222,32091010,83000000,GL,2026-09-10T15:03:25Z,227.7,227.7,12270435000992,L. JARDIM & CIA LTDA,Casas Jardim,TABULEIRO DO MARTINS,MACEIO
TINTA,10729,"TINTA ACR PREMIUM TOQUE BRILHO BRANCO SEMI BRILHO 3,6L PLASTICO SUVINI",,7891260559222,32091010,83000000,GL,2026-09-15T17:14:48Z,253.0,227.7,12270435001026,L. JARDIM & CIA LTDA,Casas Jardim,FAROL,MACEIO
TINTA,10729,"TINTA ACR PREMIUM TOQUE BRILHO BRANCO SEMI BRILHO 3,6L PLASTICO SUVINI",,7891260559222,32091010,83000000,GL,2026-09-08T18:20:19Z,253.0,227.81,12270435000801,L. JARDIM & CIA LTDA,Casas Jardim,PAJUCARA,MACEIO
TINTA,7891019176137,TINTA ACR FOS 18L BR GELO CORALAR CORAL,,0,32091010,83000000,LT,2026-09-16T12:20:46Z,227.9,227.9,03656804000131,CARAJAS MATERIAL DE CONSTRUCAO LTDA,CARAJAS CONSTRUCAO,TABULEIRO DOS MARTINS,MACEIO
TINTA,06811,"TINTA ACR PREMIUM DECORA DIAMANTE BRANCO SEMI BRILHO 3,6L CORAL","TINTA PARA PAREDE VINIL ACRILICO CORAL DECORA 3,6 L BRANCO",7891019906925,32091010,83000000,GL,2026-09-15T18:08:34Z,262.0,228.57,12270435000135,L. JARDIM & CIA LTDA,Casas Jardim,CENTRO,MACEIO
TINTA,06811,"TINTA ACR PREMIUM DECORA DIAMANTE BRANCO SEMI BRILHO 3,6L CORAL","TINTA PARA PAREDE VINIL ACRILICO CORAL DECORA 3,6 L BRANCO",7891019906925,32091010,83000000,GL,2026-09-09T15:14:47Z,228.6,228.6,12270435000992,L. JARDIM & CIA LTDA,Casas Jardim,TABULEIRO DO MARTINS,MACEIO
TINTA,00433,TINTA ACR ECONOMICA MUDA FACIL AREIA FOSCO 18L GLASU,TINTA SUV GLAS ACR ECON FO AREIA 18L 53426635,7891260060797,32091010,83000000,LA,2026-09-11T18:56:51Z,254.0,228.6,12270435000720,L. JARDIM & CIA LTDA,CASA JARDIM,BARRO DURO,MACEIO
TINTA,09853,TINTA ACR ECONOMICA MUDA FACIL LAMINA AFIADA FOSCO 18L GLASU,GLASU ACR ECONOMICO MUDA FACIL FOSCO LAMINA AFIADA 18L,7891260508602,32091010,83000000,LA,2026-09-11T11:30:02Z,228.6,228.6,12270435000720,L. JARDIM & CIA LTDA,CASA JARDIM,BARRO DURO,MACEIO
TINTA,7891260559109,"TINTA ACR AC 3,2L BASE B2 TOQUE SEDA SUVINIL",,0,32091010,83000000,UN,2026-09-08T14:16:10Z,229.33,229.33,03656804000131,CARAJAS MATERIAL DE CONSTRUCAO LTDA,CARAJAS CONSTRUCAO,TABULEIRO DOS MARTINS,MACEIO
TINTA,52433,TINTA AC.STANDARD 15L AM CANARIO IBRATIN,,7899173408736,32091010,83000000,BD,2026-09-15T18:10:03Z,229.99,229.99,70015672000156,ENCONTRO DO SOL HOME CENTER LTDA,ENCONTRO DO SOL HOME CENTER,TABULEIRO DO MARTINS,MACEIO
TINTA,56849,TINTA ACR.STANDARD 15L CONCRETO IBRATIN,,7899173408798,32091010,83000000,BD,2026-09-12T17:03:33Z,229.99,229.99,70015672000156,ENCONTRO DO SOL HOME CENTER LTDA,ENCONTRO DO SOL HOME CENTER,TABULEIRO DO MARTINS,MACEIO
TINTA,52431,TINTA ACR.STANDARD 15L BR IBRATIN,,7899173408774,32091010,83000000,BD,2026-09-14T16:39:43Z,229.99,229.99,70015672000156,ENCONTRO DO SOL HOME CENTER LTDA,ENCONTRO DO SOL HOME CENTER,TABULEIRO DO MARTINS,MACEIO
TINTA,10693,"TINTA ACR PREMIUM SEMPRE LIMPO BRANCO FOSCO 3,6L SUVINIL",,7891260561584,32091010,83000000,GL,2026-09-16T13:06:19Z,265.0,230.0,12270435000720,L. JARDIM & CIA LTDA,CASA JARDIM,BARRO DURO,MACEIO
TINTA,7891019177073,"TINTA ACR AC 3,2L BASE P DECORA SEDA CORAL",,0,32091010,83000000,GL,2026-09-16T18:01:15Z,230.65,230.65,03656804000131,CARAJAS MATERIAL DE CONSTRUCAO LTDA,CARAJAS CONSTRUCAO,TABULEIRO DOS MARTINS,MACEIO
TINTA,05980,VIDA SERENA 03YY 59/088 DECORA SEDA ACETINADO (NOVO) P GL E5.05.77,"TINTA BASE ACR AC GL3,2L ACAB SEDA P 990 GL0001GL - AZUL FERIADO - (LEQU",7891019177073,32091010,83000000,GL,2026-09-10T11:26:25Z,230.8339,230.83,12270435000720,L. JARDIM & CIA LTDA,CASA JARDIM,BARRO DURO,MACEIO
TINTA,8811,TINTA ACR COLORIR BR NEVE LT 15L LUX BD,,7908147613127,32091010,83000000,LT,2026-09-14T16:26:27Z,231.5,231.5,01493748000136,CONSTRUÇÕES IPANEMA LTDA,CONSTRUÇÕES IPANEMA,POCO,MACEIO
TINTA,7891019922116,TINTA ACR MAIS DESEMP PEDRA PREC 18L CORALAR CORAL,,0,32091010,83000000,UN,2026-09-12T18:50:46Z,231.9,231.9,03656804002428,CARAJAS MATERIAL DE CONSTRUCAO LTDA,CARAJAS CONSTRUCAO,MANGABEIRAS,MACEIO
TINTA,11519,TINTA IMPERMEA PREMIUM FUSEPROTEC PAREDE BRANCO FOSCO 14L/19KG VIAPOL,,7899519913559,32091010,83000000,LA,2026-09-12T15:41:16Z,265.0,233.22,12270435000640,L. JARDIM & CIA LTDA,Casas Jardim,JATIUCA,MACEIO
TINTA,7891019201624,"TINTA CERAMICA 3,6L EMBELEZA CERAMICA CORAL",,0,32089010,83000000,GL,2026-09-14T21:46:26Z,239.9,233.66,03656804000131,CARAJAS MATERIAL DE CONSTRUCAO LTDA,CARAJAS CONSTRUCAO,TABULEIRO DOS MARTINS,MACEIO
TINTA,7891019138630,TINTA ACR FOS 18L MARFIM CORALAR CORAL,,0,32091010,83000000,LT,2026-09-13T21:36:53Z,233.9,233.9,03656804000131,CARAJAS MATERIAL DE CONSTRUCAO LTDA,CARAJAS CONSTRUCAO,TABULEIRO DOS MARTINS,MACEIO
TINTA,07086,"ACR ACE BRANCO 3,6L DECORA SEDA CORAL","TINTA ACR AC 3,6L ACAB SED BR CORAL GL0001GL",7891019177158,32091010,83000000,GL,2026-09-11T17:18:16Z,234.01,234.01,09326760000753,CASA DAS TINTAS LTDA,CASA DAS TINTAS,PONTA VERDE,MACEIO
TINTA,05318,"ESM BRI PRETO 2,4L DIRETO NA FERRUGEM HAMMERITE","TINTA ESM BR 2,4L HAMMERITE PT CORAL GL0001GL",7891019208043,32089010,83000000,GL,2026-09-10T20:51:20Z,234.18,234.18,09326760001059,CASA DAS TINTAS LTDA,CASA DAS TINTAS,TABULEIRO DO MARTINS,MACEIO
TINTA,7899173409580,TINTA PARA PISO ELEGANCE 15L CINZA ESC       De24989 Por23489,,0,32091010,83000000,UN,2026-09-10T22:01:41Z,249.89,234.89,01438784005590,LEROY MERLIN COMPANHIA BRASILEIRA DE BRICOLAGEM,,CRUZ DAS ALMAS,MACEIO
TINTA,903030,"TINTA BASE ACR SB 3,2L DECORA MF GL0001GL - ESSENCIA DE LARANJA",CAMURCA - PADRAO CORALIT DECORA DIAMANTE SB MF GL RM814 - PADRAO CORALIT,7891019177943,32091010,83000000,GL,2026-09-15T16:35:49Z,234.99,234.99,00279531000670,TUPAN CONSTRUCOES LTDA,,JARDIM PETROPOLIS,MACEIO
TINTA,327,TINTA PISO CINZA MEDIO 18L LT MIRACRIL,,9999900033304,32091010,83000000,LT,2026-09-16T12:45:49Z,235.0,235.0,29174391000142,A.G DE VASCONCELOS FILHO,,CIDADE UNIVERSITARIA,MACEIO
TINTA,03148,"ALGODAO EGIPCIO - SUV ACR ACE BASE P 3,2L DECORA SEDA CORAL","TINTA BASE ACR AC GL3,2L ACAB SEDA P 990 GL0001GL - AZUL FERIADO - (LEQU",7891019177073,32091010,83000000,GL,2026-09-12T15:40:13Z,235.0,235.0,09326760000753,CASA DAS TINTAS LTDA,CASA DAS TINTAS,PONTA VERDE,MACEIO
TINTA,01466,"ESMALTE PREMIUM CORALIT ANTIFERRUGEM PRETO BRILHANTE 3,6L CORAL","TINTA ESM BR 3,6L CORALIT ANTIF PT CORAL GL0001GL",7891019173365,32089010,83000000,GL,2026-09-16T15:53:46Z,262.0,235.77,12270435000640,L. JARDIM & CIA LTDA,Casas Jardim,JATIUCA,MACEIO
TINTA,06812,"TINTA ACR PREMIUM DECORA DIAMANTE GELO SEMI BRILHO 3,6L CORAL","TINTA ACRI EXT DECOR S B 3 6L BR GELO CO GL C/3,6L",7891019906901,32091010,83000000,GL,2026-09-15T12:10:31Z,262.0,235.8,12270435000640,L. JARDIM & CIA LTDA,Casas Jardim,JATIUCA,MACEIO
TINTA,01467,"ESMALTE PREMIUM CORALIT ANTIFERRUGEM CINZA BRILHANTE 3,6L CORAL","TINTA ESM BR 3,6L CORALIT ANTIF CZ CORAL GL0001GL",7891019173433,32089010,83000000,GL,2026-09-09T11:26:18Z,235.8,235.8,12270435000640,L. JARDIM & CIA LTDA,Casas Jardim,JATIUCA,MACEIO
TINTA,06811,"TINTA ACR PREMIUM DECORA DIAMANTE BRANCO SEMI BRILHO 3,6L CORAL","TINTA PARA PAREDE VINIL ACRILICO CORAL DECORA 3,6 L BRANCO",7891019906925,32091010,83000000,GL,2026-09-15T12:18:07Z,262.0,235.8,12270435000640,L. JARDIM & CIA LTDA,Casas Jardim,JATIUCA,MACEIO
TINTA,7891019169535,TINTA ACR FOS 18L VD KIWI CORALAR CORAL,,0,32091010,83000000,LT,2026-09-13T13:29:22Z,235.9,235.9,03656804000131,CARAJAS MATERIAL DE CONSTRUCAO LTDA,CARAJAS CONSTRUCAO,TABULEIRO DOS MARTINS,MACEIO
TINTA,7891019177073,"TINTA ACR AC 3,2L BASE P DECORA SEDA CORAL",,0,32091010,83000000,GL,2026-09-13T21:22:37Z,236.25,236.25,03656804002428,CARAJAS MATERIAL DE CONSTRUCAO LTDA,CARAJAS CONSTRUCAO,MANGABEIRAS,MACEIO
TINTA,03150,"MATA TROPICAL ACR ACE BASE T 3,2L DECORA SEDA CORAL 08GY 26/190","TINTA BASE ACR AC GL3,2L ACAB SEDA T 993 GL0001GL - ESTRELA ARDENTE*",7891019177103,32091010,83000000,GL,2026-09-09T15:11:01Z,237.65,237.65,09326760000400,CASA DAS TINTAS LTDA,,BARRO DURO,MACEIO
TINTA,7891019922154,TINTA ACR MAIS DES NEB PAULISTA 18L CORALAR CORAL,,7891019922154,32091010,83000000,UN,2026-09-08T13:24:51Z,237.9,237.9,03656804002428,CARAJAS MATERIAL DE CONSTRUCAO LTDA,CARAJAS CONSTRUCAO,MANGABEIRAS,MACEIO
TINTA,7891019922154,TINTA ACR MAIS DES NEB PAULISTA 18L CORALAR CORAL,,0,32091010,83000000,UN,2026-09-11T18:07:52Z,237.9,237.9,03656804002428,CARAJAS MATERIAL DE CONSTRUCAO LTDA,CARAJAS CONSTRUCAO,MANGABEIRAS,MACEIO
TINTA,11519,TINTA IMPERMEA PREMIUM FUSEPROTEC PAREDE BRANCO FOSCO 14L/19KG VIAPOL,,7899519913559,32091010,83000000,LA,2026-09-15T11:56:05Z,238.5,238.5,12270435001026,L. JARDIM & CIA LTDA,Casas Jardim,FAROL,MACEIO
TINTA,04691,TINTA PISO CINZA MEDIO 18L MIRAPISO MIRACOR,,9999900033304,32091010,83000000,BD,2026-09-15T14:44:40Z,239.9,239.9,09326760000168,CASA DAS TINTAS LTDA,CASA DAS TINTAS,POCO,MACEIO
TINTA,04693,TINTA PISO CONCRETO 18L MIRAPISO MIRACOR,,9999900038750,32091010,83000000,BD,2026-09-15T14:54:57Z,239.9,239.9,09326760000168,CASA DAS TINTAS LTDA,CASA DAS TINTAS,POCO,MACEIO
TINTA,05982,TINTA PISO BRANCO 18L MIRAPISO MIRACOR,,9999900032338,32091010,83000000,BD,2026-09-15T12:11:51Z,239.9,239.9,09326760000168,CASA DAS TINTAS LTDA,CASA DAS TINTAS,POCO,MACEIO
TINTA,06331,TINTA PISO VERDE QUADRA 18L MIRAPISO MIRACOR,,9999900033205,32091010,83000000,BD,2026-09-09T14:06:38Z,239.9,239.9,09326760000168,CASA DAS TINTAS LTDA,CASA DAS TINTAS,POCO,MACEIO
TINTA,04691,TINTA PISO CINZA MEDIO 18L MIRAPISO MIRACOR,,9999900033304,32091010,83000000,BD,2026-09-15T18:05:22Z,239.9,239.9,09326760000400,CASA DAS TINTAS LTDA,,BARRO DURO,MACEIO
TINTA,04693,TINTA PISO CONCRETO 18L MIRAPISO MIRACOR,,9999900038750,32091010,83000000,BD,2026-09-15T13:58:22Z,239.9,239.9,09326760000400,CASA DAS TINTAS LTDA,,BARRO DURO,MACEIO
TINTA,7892948057320,TINTA ACR FOS BR GELO 15L SELA E PINTA IQUINE,,0,32091010,83000000,UN,2026-09-15T13:15:20Z,239.9,239.9,03656804002428,CARAJAS MATERIAL DE CONSTRUCAO LTDA,CARAJAS CONSTRUCAO,MANGABEIRAS,MACEIO
TINTA,06331,TINTA PISO VERDE QUADRA 18L MIRAPISO MIRACOR,,9999900033205,32091010,83000000,BD,2026-09-14T19:19:23Z,239.9,239.9,09326760000400,CASA DAS TINTAS LTDA,,BARRO DURO,MACEIO
TINTA,7892948057313,TINTA ACR ACABA MOFO BR NEVE 15L IQUINE,,0,32091010,83000000,UN,2026-09-15T14:42:24Z,239.9,239.9,03656804002428,CARAJAS MATERIAL DE CONSTRUCAO LTDA,CARAJAS CONSTRUCAO,MANGABEIRAS,MACEIO
TINTA,7892948057313,TINTA ACR ACABA MOFO BR NEVE 15L IQUINE,,0,32091010,83000000,UN,2026-09-14T18:03:28Z,239.9,239.9,03656804000131,CARAJAS MATERIAL DE CONSTRUCAO LTDA,CARAJAS CONSTRUCAO,TABULEIRO DOS MARTINS,MACEIO
TINTA,7892948057313,TINTA ACR ACABA MOFO BR NEVE 15L IQUINE,,7892948057313,32091010,83000000,UN,2026-09-11T21:54:12Z,239.9,239.9,03656804000131,CARAJAS MATERIAL DE CONSTRUCAO LTDA,CARAJAS CONSTRUCAO,TABULEIRO DOS MARTINS,MACEIO
TINTA,7892948057320,TINTA ACR FOS BR GELO 15L SELA E PINTA IQUINE,,0,32091010,83000000,UN,2026-09-13T19:51:54Z,239.9,239.9,03656804000131,CARAJAS MATERIAL DE CONSTRUCAO LTDA,CARAJAS CONSTRUCAO,TABULEIRO DOS MARTINS,MACEIO
TINTA,7891260559161,Tinta pre intext T SEDA crAmio 36L Suv       De51042 Por47984,,0,32091010,83000000,UN,2026-09-11T15:23:23Z,255.21,239.92,01438784005590,LEROY MERLIN COMPANHIA BRASILEIRA DE BRICOLAGEM,,CRUZ DAS ALMAS,MACEIO
TINTA,309559,"TINTA EPX BR 3,6L DIEPOXI B AG BR/NV IQU GL0001GL","TINTA DIEPOXI BR NEVE 3,6L BASE AGUA IQUINE",7892948043477,32091010,83000000,GL,2026-09-16T14:57:18Z,239.99,239.99,00279531000670,TUPAN CONSTRUCOES LTDA,,JARDIM PETROPOLIS,MACEIO
TINTA,913060,"TINTA BASE ACR 3,2L PROT SOL CHUV P CORA GL0001GL - TOQUE DE CEREJEIRA",AMARELO VANILLA - RM PADRAO NOVO AMARELO VANILLA PROTECAO SOL & CHUVA PINTURA IMPER GL,7891019166398,32091010,83000000,GL,2026-09-10T11:45:36Z,240.0,240.0,00279531000670,TUPAN CONSTRUCOES LTDA,,JARDIM PETROPOLIS,MACEIO
TINTA,10693,"TINTA ACR PREMIUM SEMPRE LIMPO BRANCO FOSCO 3,6L SUVINIL",,7891260561584,32091010,83000000,GL,2026-09-10T20:33:35Z,276.0,240.35,12270435000640,L. JARDIM & CIA LTDA,Casas Jardim,JATIUCA,MACEIO
TINTA,7891019177165,Tinta Acril Prem Ac Gelo 36L Decora          De24457 Por24069,,0,32091010,83000000,UN,2026-09-14T18:14:38Z,244.57,240.69,01438784005590,LEROY MERLIN COMPANHIA BRASILEIRA DE BRICOLAGEM,,CRUZ DAS ALMAS,MACEIO
TINTA,5085,TINTA P/ PISO 18L CONCRETO - MIRACOR,,0,32091010,83000000,UN,2026-09-13T13:19:19Z,255.9,241.63,05251366000157,RONILDO DE OLIVEIRA LIMA  LTDA,COMERCIAL ESPERANCA,CENTRO,MACEIO
TINTA,7891260559253,"TINTA ACR SB 3,2L BASE A2 TOQUE BRILHO SUVINIL",,0,32091010,83000000,UN,2026-09-16T15:08:47Z,242.89,242.89,03656804000131,CARAJAS MATERIAL DE CONSTRUCAO LTDA,CARAJAS CONSTRUCAO,TABULEIRO DOS MARTINS,MACEIO
TINTA,7891019177158,Tinta Acril Prem Ac Branco 36L Decora,,0,32091010,83000000,UN,2026-09-15T12:17:12Z,244.57,244.57,01438784005590,LEROY MERLIN COMPANHIA BRASILEIRA DE BRICOLAGEM,,CRUZ DAS ALMAS,MACEIO
TINTA,7891019908202,Tinta Acril Prem Fo Gelo 36L Supe Lavav,,0,32091010,83000000,UN,2026-09-14T19:10:27Z,244.57,244.57,01438784005590,LEROY MERLIN COMPANHIA BRASILEIRA DE BRICOLAGEM,,CRUZ DAS ALMAS,MACEIO
TINTA,7891019138654,TINTA ACR FOS 18L AREIA CORALAR CORAL,,0,32091010,83000000,LT,2026-09-13T17:23:58Z,244.9,244.9,03656804002428,CARAJAS MATERIAL DE CONSTRUCAO LTDA,CARAJAS CONSTRUCAO,MANGABEIRAS,MACEIO
TINTA,62373,"TINTA ESM BR 2,4L HAMMERITE VD CORAL GL0001GL","TINTA ESM BR 2,4L HAMMERITE VD CORAL GL0001GL",7891019208005,32089010,83000000,GL,2026-09-16T20:04:24Z,244.99,244.99,00279531000670,TUPAN CONSTRUCOES LTDA,,JARDIM PETROPOLIS,MACEIO
TINTA,91854,TINTA ACR FC 18L CORALAR +DES LJ/MT CORA LT0001LT,TINTA PARA PAREDE ACRILICA CORAL CORALAR 18 L LARANJA/MARACATU,7891019168637,32091010,83000000,LT,2026-09-09T21:39:30Z,244.99,244.99,00279531000670,TUPAN CONSTRUCOES LTDA,,JARDIM PETROPOLIS,MACEIO
TINTA,7892948003273,"TINTA ACR SB  GELO 3,6L SB LAVAVEL PREMIUM IQUINE",,0,32091010,83000000,GL,2026-09-14T22:57:24Z,245.9,245.9,03656804002428,CARAJAS MATERIAL DE CONSTRUCAO LTDA,CARAJAS CONSTRUCAO,MANGABEIRAS,MACEIO
TINTA,10693,"TINTA ACR PREMIUM SEMPRE LIMPO BRANCO FOSCO 3,6L SUVINIL",,7891260561584,32091010,83000000,GL,2026-09-10T11:26:27Z,276.0,246.24,12270435000801,L. JARDIM & CIA LTDA,Casas Jardim,PAJUCARA,MACEIO
TINTA,7892948057078,TINTA ACR FOS 15L AREIA SELA PINTA IQUINE,,0,32091010,83000000,UN,2026-09-10T13:54:19Z,289.9,246.705,03656804002428,CARAJAS MATERIAL DE CONSTRUCAO LTDA,CARAJAS CONSTRUCAO,MANGABEIRAS,MACEIO
TINTA,7891019907021,"TINTA ACR SB 3,2 BASE P DECORA DIAMANTE CORAL",FOCA DO DESERTO RM068 SM FORCA DO DESERTO DECORA DIAMANTE SB P GL FORCA DO DESERTO,7891019907021,32091010,83000000,GL,2026-09-13T19:30:35Z,248.13,248.13,03656804000131,CARAJAS MATERIAL DE CONSTRUCAO LTDA,CARAJAS CONSTRUCAO,TABULEIRO DOS MARTINS,MACEIO
TINTA,10693,"TINTA ACR PREMIUM SEMPRE LIMPO BRANCO FOSCO 3,6L SUVINIL",,7891260561584,32091010,83000000,GL,2026-09-15T16:25:03Z,276.0,248.38,12270435000135,L. JARDIM & CIA LTDA,Casas Jardim,CENTRO,MACEIO
TINTA,5478,TINTA ACR FC BD15L CORALAR +RES BR CORAL,,0,32091010,83000000,UN,2026-09-08T15:00:06Z,249.0,249.0,22819860000194,MARIA PEREIRA DE LIMA,THAMIRES CONSTRUCAO,FEITOSA,MACEIO
TINTA,7899173409597,TINTA PARA PISO ELEGANCE 15L CINZ ME,,0,32091010,83000000,UN,2026-09-16T13:33:35Z,249.89,249.89,01438784005590,LEROY MERLIN COMPANHIA BRASILEIRA DE BRICOLAGEM,,CRUZ DAS ALMAS,MACEIO
TINTA,92323693,TINTA P  PS 15L CINZ ME,,7899173409597,32091010,83000000,UN,2026-09-15T11:52:33Z,249.89,249.89,01438784005590,LEROY MERLIN COMPANHIA BRASILEIRA DE BRICOLAGEM,,CRUZ DAS ALMAS,MACEIO
TINTA,7899173409603,Tinta Piso Concr 15L Ibratin                 De26585 Por24989,,0,32091010,83000000,UN,2026-09-08T12:48:55Z,265.85,249.89,01438784005590,LEROY MERLIN COMPANHIA BRASILEIRA DE BRICOLAGEM,,CRUZ DAS ALMAS,MACEIO
TINTA,92323721,TINTA P  PS 15L VERDE,,7899173409627,32091010,83000000,UN,2026-09-09T14:49:11Z,265.85,249.89,01438784005590,LEROY MERLIN COMPANHIA BRASILEIRA DE BRICOLAGEM,,CRUZ DAS ALMAS,MACEIO
TINTA,86501541,Esm Sint Hamm Cz 2 4L,"TINTA ESM BR 2,4L HAMMERITE CZ CORAL GL0001GL",7891019207947,32089010,83000000,UN,2026-09-14T14:01:30Z,265.85,249.9,01438784005590,LEROY MERLIN COMPANHIA BRASILEIRA DE BRICOLAGEM,,CRUZ DAS ALMAS,MACEIO
TINTA,7891019169467,TINTA ACR FOS 18L AM FREVO CORALAR CORAL,,0,32091010,83000000,LT,2026-09-14T17:58:25Z,249.9,249.9,03656804002428,CARAJAS MATERIAL DE CONSTRUCAO LTDA,CARAJAS CONSTRUCAO,MANGABEIRAS,MACEIO
TINTA,7891019022335,TINTA ACRIL DECORA SEDA AC BASE MF 3.2L CORAL,,0,32091010,83000000,UN,2026-09-14T20:47:21Z,249.9,249.9,03656804002428,CARAJAS MATERIAL DE CONSTRUCAO LTDA,CARAJAS CONSTRUCAO,MANGABEIRAS,MACEIO
TINTA,7891019022335,TINTA ACRIL DECORA SEDA AC BASE MF 3.2L CORAL,,0,32091010,83000000,UN,2026-09-10T15:50:21Z,249.9,249.9,03656804000131,CARAJAS MATERIAL DE CONSTRUCAO LTDA,CARAJAS CONSTRUCAO,TABULEIRO DOS MARTINS,MACEIO
TINTA,209854,MAZA PISO PREMIUM BRANCO 18L,TINTA SUPER PISO PREM EXT/INT BRANCO 18L - 1X1,7898289937635,32091010,83000000,UND,2026-09-10T20:58:08Z,295.0,250.0,11749321000100,M M DA S SANTOS - EPP,UNIVERSO TINTAS,CLIMA BOM,MACEIO
TINTA,1023,"TINTAEMBORRACHADA ASFALTO 3,6L",,0,32091010,83000000,UN,2026-09-15T19:41:29Z,250.0,250.0,32738604000126,HORIZONTE MATERIAIS DE CONSTRUCAO,HORIZONTE MATERIAIS DE CONSTRUCAO,TABULEIRO DO MARTINS,MACEIO
TINTA,4819,MAZA PISO PREMIUM BRANCO NEVE 18L,TINTA SUPER PISO PREM EXT/INT BRANCO 18L - 1X1,7898289937635,32091010,83000000,UND,2026-09-08T20:20:12Z,295.0,250.115,52798419000134,MARIA J FERREIRA FILHA LTDA,UNIVERSO TINTAS,Antares,MACEIO
TINTA,09252,"ACR SB BRANCO 3,6L DECORA DIAMANTE CORAL","TINTA PARA PAREDE VINIL ACRILICO CORAL DECORA 3,6 L BRANCO",7891019906925,32091010,83000000,GL,2026-09-14T12:23:31Z,251.4,251.4,09326760000753,CASA DAS TINTAS LTDA,CASA DAS TINTAS,PONTA VERDE,MACEIO
TINTA,09428,"ACR SB GELO 3,6L DECORA DIAMANTE CORAL","TINTA ACRI EXT DECOR S B 3 6L BR GELO CO GL C/3,6L",7891019906901,32091010,83000000,GL,2026-09-12T14:18:43Z,251.4,251.4,09326760000400,CASA DAS TINTAS LTDA,,BARRO DURO,MACEIO
TINTA,03943,TINTA ACR ECONOMICA MUDA FACIL MARFIM FOSCO 18L GLASU,TINTA SUV GLAS ACR ECON FO MARFIM 18L 53427059,7891260058664,32091010,83000000,LA,2026-09-10T17:50:14Z,254.0,254.0,12270435000135,L. JARDIM & CIA LTDA,Casas Jardim,CENTRO,MACEIO
TINTA,06203,BURGUNDY 11YR 07/229 DECORA SEDA AC (ANTIGO) T GL 9676,"TINTA BASE ACR AC GL3,2L ACAB SEDA T 993 GL0001GL - ESTRELA ARDENTE*",7891019177103,32091010,83000000,GL,2026-09-10T16:14:36Z,312.8174,254.02,12270435000992,L. JARDIM & CIA LTDA,Casas Jardim,TABULEIRO DO MARTINS,MACEIO
TINTA,7891260559284,"TINTA ACR SB 3,2L BASE B2 TOQUE BRILHO SUVINIL",,0,32091010,83000000,UN,2026-09-11T19:35:20Z,254.42,254.42,03656804000131,CARAJAS MATERIAL DE CONSTRUCAO LTDA,CARAJAS CONSTRUCAO,TABULEIRO DOS MARTINS,MACEIO
TINTA,92418151,CORALIT ANT PRETO BR 3 6L,"TINTA ESM BR 3,6L CORALIT ANTIF PT CORAL GL0001GL",7891019173365,32089010,83000000,UN,2026-09-12T11:52:45Z,255.21,255.21,01438784005590,LEROY MERLIN COMPANHIA BRASILEIRA DE BRICOLAGEM,,CRUZ DAS ALMAS,MACEIO
TINTA,7891260559055,Tinta pre int TOQ SEDA Brc Ne 36L IP22,,0,32091010,83000000,UN,2026-09-13T21:57:20Z,255.21,255.21,01438784005590,LEROY MERLIN COMPANHIA BRASILEIRA DE BRICOLAGEM,,CRUZ DAS ALMAS,MACEIO
TINTA,7891260559208,Tinta pre intext T SEDA alg eg 36L Suv,,0,32091010,83000000,UN,2026-09-08T19:13:17Z,255.21,255.21,01438784005590,LEROY MERLIN COMPANHIA BRASILEIRA DE BRICOLAGEM,,CRUZ DAS ALMAS,MACEIO
TINTA,375276,HIDROTINTAS PISOS E PAREDES 15L BR GELO UN,,7899010493536,32091010,83000000,LT,2026-09-15T19:21:27Z,255.9,255.9,03555402000140,PARAGOMINAS HOME CENTER LTDA,PARAGOMINAS HOME CENTER,SANTOS DUMONT,MACEIO
TINTA,7891019138616,TINTA ACR FOS 18L CAMURCA CORALAR CORAL,,0,32091010,83000000,LT,2026-09-14T18:41:33Z,255.9,255.9,03656804000131,CARAJAS MATERIAL DE CONSTRUCAO LTDA,CARAJAS CONSTRUCAO,TABULEIRO DOS MARTINS,MACEIO
TINTA,7891260559284,"TINTA ACR SB 3,2L BASE B2 TOQUE BRILHO SUVINIL",,7891260559284,32091010,83000000,UN,2026-09-10T17:34:32Z,256.82,256.82,03656804000131,CARAJAS MATERIAL DE CONSTRUCAO LTDA,CARAJAS CONSTRUCAO,TABULEIRO DOS MARTINS,MACEIO
TINTA,903027,"TINTA BASE ACR SB 3,2L DECORA P GL0001GL - RAFIA - SUV",FOCA DO DESERTO RM068 SM FORCA DO DESERTO DECORA DIAMANTE SB P GL FORCA DO DESERTO,7891019907021,32091010,83000000,GL,2026-09-11T14:21:38Z,256.99,256.99,00279531000670,TUPAN CONSTRUCOES LTDA,,JARDIM PETROPOLIS,MACEIO
TINTA,06203,VITROLA RETRO 54YR 12/074 DECORA SEDA AC (ANTIGO) T GL D2.10.30,"TINTA BASE ACR AC GL3,2L ACAB SEDA T 993 GL0001GL - ESTRELA ARDENTE*",7891019177103,32091010,83000000,GL,2026-09-12T13:40:59Z,285.7566,257.15,12270435000640,L. JARDIM & CIA LTDA,Casas Jardim,JATIUCA,MACEIO
TINTA,295957,TINTA ACR FC 15L RT SEL PINT MF IQUINE BD0001BD,,7892948057061,32091010,83000000,BD,2026-09-10T20:07:44Z,289.99,258.09,00279531000670,TUPAN CONSTRUCOES LTDA,,JARDIM PETROPOLIS,MACEIO
TINTA,7891260561362,"TINTA ACR EMB FOS BR 3,6L FACH PROT SUVINIL",,0,32091010,83000000,UN,2026-09-14T16:29:39Z,259.9,259.9,03656804000131,CARAJAS MATERIAL DE CONSTRUCAO LTDA,CARAJAS CONSTRUCAO,TABULEIRO DOS MARTINS,MACEIO
TINTA,295949,TINTA ACR FC 15L RT ACABA MOFO BR/NV IQU BD0001BD,,7892948057313,32091010,83000000,BD,2026-09-16T15:48:37Z,259.99,259.99,00279531000670,TUPAN CONSTRUCOES LTDA,,JARDIM PETROPOLIS,MACEIO
TINTA,10246,TINTA ACRILICA PALHA 18L CORALAR CORAL,TINTA CORALAR ACRILICA PALHA 18L CORAL 1X18L CORAL,7891019138678,32091010,83000000,UN,2026-09-08T17:52:56Z,259.99,259.99,70015672000156,ENCONTRO DO SOL HOME CENTER LTDA,ENCONTRO DO SOL HOME CENTER,TABULEIRO DO MARTINS,MACEIO
TINTA,6567,TINTA MIRAPISO CZ MEDIO 18L MIRACOR,,0,32091010,83000000,UN,2026-09-09T13:52:32Z,260.0,260.0,42524555000182,MARTA DE LIMA CARDOZO,TM CONSTRUCOES,OURO PRETO,MACEIO
TINTA,15650,"TINTA BASE ACR SB 3,2L DECORA P",FOCA DO DESERTO RM068 SM FORCA DO DESERTO DECORA DIAMANTE SB P GL FORCA DO DESERTO,7891019907021,32091010,83000000,GL,2026-09-15T21:33:05Z,260.0,260.0,66362871000163,COMÉRCIO DAS TINTAS LTDA,CENTRAL DAS TINTAS,Tabuleiro do Martins,MACEIO
TINTA,7891019177103,"TINTA ACR AC 3,2L BASE T DECORA SEDA CORAL",,0,32091010,83000000,GL,2026-09-16T22:31:53Z,260.62,260.62,03656804002428,CARAJAS MATERIAL DE CONSTRUCAO LTDA,CARAJAS CONSTRUCAO,MANGABEIRAS,MACEIO
TINTA,7891260560983,"TINTA ACR FOS 3,2L BASE C2 FOSCO COMPLETO SUVINIL",,0,32091010,83000000,UN,2026-09-15T13:25:46Z,261.14,261.14,03656804000131,CARAJAS MATERIAL DE CONSTRUCAO LTDA,CARAJAS CONSTRUCAO,TABULEIRO DOS MARTINS,MACEIO
TINTA,19797,TINTA SUPER PISO PREMIUM EXT/INT CINZA - 1X1,,7898289933033,32091010,83000000,LT,2026-09-10T20:23:31Z,261.19,261.19,07431747000224,COMFERRAL COMERCIO DE FERRAGENS LTDA - ME,,ANTARES,MACEIO
TINTA,7891019909070,TINTA ACR TOTAL FO BASE T SOL E CHUVA 3.2L CORAL,,0,32091010,83000000,UN,2026-09-13T16:56:44Z,265.46,263.045,03656804000131,CARAJAS MATERIAL DE CONSTRUCAO LTDA,CARAJAS CONSTRUCAO,TABULEIRO DOS MARTINS,MACEIO
TINTA,7894422008200,Tinta Piso Concr Fos Pre 18L Luxens          De29777 Por26337,,0,32091010,83000000,UN,2026-09-12T16:18:11Z,297.77,263.37,01438784005590,LEROY MERLIN COMPANHIA BRASILEIRA DE BRICOLAGEM,,CRUZ DAS ALMAS,MACEIO
TINTA,11266,TINTA IMPERMEA PREMIUM MACTRA VEDBEM PAREDE BRANCO FOSCO 18KG CORAL,,7897866455623,32091010,83000000,LA,2026-09-12T14:09:56Z,265.5,265.5,12270435000992,L. JARDIM & CIA LTDA,Casas Jardim,TABULEIRO DO MARTINS,MACEIO
TINTA,11266,TINTA IMPERMEA PREMIUM MACTRA VEDBEM PAREDE BRANCO FOSCO 18KG CORAL,,7897866455623,32091010,83000000,LA,2026-09-11T11:19:04Z,265.5,265.5,12270435000640,L. JARDIM & CIA LTDA,Casas Jardim,JATIUCA,MACEIO
TINTA,05539,"EPOXI TINTA BASE AGUA RENOVA AZULEJOS BRANCO BRILHANTE 3,6L CORAL",CORAL WANDEPOXY (RENOVA AZULEJOS)  BASE AGUA BRIL BRANCO GAL,7891019176397,32091010,83000000,GL,2026-09-12T12:39:03Z,297.0,267.53,12270435001026,L. JARDIM & CIA LTDA,Casas Jardim,FAROL,MACEIO
TINTA,7891260559314,"TINTA ACR SB 3,2L BASE C2 TOQUE BRILHO SUVINIL",,0,32091010,83000000,UN,2026-09-11T15:27:47Z,267.57,267.57,03656804000131,CARAJAS MATERIAL DE CONSTRUCAO LTDA,CARAJAS CONSTRUCAO,TABULEIRO DOS MARTINS,MACEIO
TINTA,000783,TINTA RENDE MUITO+ INT/EXT 15L SANTTAFE,,0,32081010,83000000,UN,2026-09-12T16:24:09Z,299.0,269.0,59442899000145,SARMENTO COMERCIO E SERVIÇOS LTDA,REI DAS ARGAMASSAS,Jaraguá,MACEIO
TINTA,157,DILUENTE - TINTA - GL5N,,0,38140090,83000000,LT,2026-09-14T17:43:38Z,270.0,270.0,01362954000107,J.BARROS CAPOTEIRO - ME,J.BARROS CAPOTEIRO,CENTRO,MACEIO
TINTA,0000095,TINTA ACRI EXT COR E PAR 15L AM OURO HID,,7899010489812,32091010,83000000,UN,2026-09-14T20:06:01Z,270.0,270.0,15028598000102,JEOVA BARBOSA DE SIQUEIRA,,BENEDITO BENTES,MACEIO
TINTA,7892948057429,TINTA ACR SELA E PINTA GESSO BR NEVE 15L IQUINE,,0,32091010,83000000,UN,2026-09-14T13:41:27Z,285.9,271.605,03656804002428,CARAJAS MATERIAL DE CONSTRUCAO LTDA,CARAJAS CONSTRUCAO,MANGABEIRAS,MACEIO
TINTA,7891019177943,"TINTA ACR SB 3,2L BASE MF DECORA DIAMANTE CORAL",,0,32091010,83000000,GL,2026-09-14T13:08:42Z,272.55,272.55,03656804000131,CARAJAS MATERIAL DE CONSTRUCAO LTDA,CARAJAS CONSTRUCAO,TABULEIRO DOS MARTINS,MACEIO
TINTA,7891260559314,"TINTA ACR SB 3,2L BASE C2 TOQUE BRILHO SUVINIL",,7891260559314,32091010,83000000,UN,2026-09-13T15:15:30Z,273.27,273.27,03656804000131,CARAJAS MATERIAL DE CONSTRUCAO LTDA,CARAJAS CONSTRUCAO,TABULEIRO DOS MARTINS,MACEIO
TINTA,7892948057429,TINTA ACR SELA E PINTA GESSO BR NEVE 15L IQUINE,,7892948057429,32091010,83000000,UN,2026-09-14T19:56:29Z,285.9,275.25,03656804000131,CARAJAS MATERIAL DE CONSTRUCAO LTDA,CARAJAS CONSTRUCAO,TABULEIRO DOS MARTINS,MACEIO
TINTA,7892948030026,TINTA ACR FOSC 16L ACABA COM BASE P IQUINE,TINTA BASE ACR FC 16LT DIACRYL P IQUINE LT - ALGODAO EGIPCIO,7892948030026,32091010,83000000,UN,2026-09-10T19:22:36Z,279.9,279.9,03656804000131,CARAJAS MATERIAL DE CONSTRUCAO LTDA,CARAJAS CONSTRUCAO,TABULEIRO DOS MARTINS,MACEIO
TINTA,7892948036240,TINTA ACR FOS 20L BR NEVE DELANIL IQUINE,,0,32091010,83000000,UN,2026-09-16T18:52:43Z,279.9,279.9,03656804000131,CARAJAS MATERIAL DE CONSTRUCAO LTDA,CARAJAS CONSTRUCAO,TABULEIRO DOS MARTINS,MACEIO
TINTA,7892948036240,TINTA ACR FOS 20L BR NEVE DELANIL IQUINE,TINTA ACR FOS BR NEVE 20L DELANIL STD IQUINE,7892948036240,32091010,83000000,UN,2026-09-10T19:17:41Z,279.9,279.9,03656804000131,CARAJAS MATERIAL DE CONSTRUCAO LTDA,CARAJAS CONSTRUCAO,TABULEIRO DOS MARTINS,MACEIO
TINTA,7892948036240,TINTA ACR FOS 20L BR NEVE DELANIL IQUINE,TINTA ACR FOS BR NEVE 20L DELANIL STD IQUINE,7892948036240,32091010,83000000,UN,2026-09-11T18:12:59Z,279.9,279.9,03656804002428,CARAJAS MATERIAL DE CONSTRUCAO LTDA,CARAJAS CONSTRUCAO,MANGABEIRAS,MACEIO
TINTA,7892948048830,TINTA ACR FOS BASE P 16L SELA E PINTA IQUINE,"BASE ""P"" P/TINTA 2 EM 1 16L SELA E PINTA IQUINE/ICORES",7892948048830,32091010,83000000,UN,2026-09-14T20:15:21Z,279.9,279.9,03656804000131,CARAJAS MATERIAL DE CONSTRUCAO LTDA,CARAJAS CONSTRUCAO,TABULEIRO DOS MARTINS,MACEIO
TINTA,7892948030026,TINTA ACR FOSC 16L ACABA COM BASE P IQUINE,,0,32091010,83000000,UN,2026-09-13T22:28:47Z,279.9,279.9,03656804002428,CARAJAS MATERIAL DE CONSTRUCAO LTDA,CARAJAS CONSTRUCAO,MANGABEIRAS,MACEIO
TINTA,7892948036240,TINTA ACR FOS 20L BR NEVE DELANIL IQUINE,,0,32091010,83000000,UN,2026-09-15T23:32:34Z,279.9,279.9,03656804002428,CARAJAS MATERIAL DE CONSTRUCAO LTDA,CARAJAS CONSTRUCAO,MANGABEIRAS,MACEIO
TINTA,7894422008286,Tinta Piso Cz Fos Pre 18L Luxens             De29777 Por27991,,0,32091010,83000000,UN,2026-09-15T23:21:42Z,297.77,279.91,01438784005590,LEROY MERLIN COMPANHIA BRASILEIRA DE BRICOLAGEM,,CRUZ DAS ALMAS,MACEIO
TINTA,6687,TINTA ACR SOFT 15L - BRANCO NEVE,,0,32091010,83000000,UN,2026-09-16T15:19:08Z,280.0,280.0,28173236000149,ELIZABETE GOMES DA SILVA,SOLNASCENTE MATERIAL DE CONSTRUCAO,CIDADE UNIVERSITARIA,MACEIO
TINTA,7892948013678,TINTA ACR PISO 18L CZ MEDIO DIAPISO IQUINE,DIAPISO SUPER RESIST CZA MEDIO 18L -&GT PRODUTO NAO CLASSIFICADO COMO PERIGOSO PARA FINS DE TRANSPORTE.,7892948013678,32091010,83000000,LT,2026-09-12T21:47:24Z,299.9,281.22,03656804000131,CARAJAS MATERIAL DE CONSTRUCAO LTDA,CARAJAS CONSTRUCAO,TABULEIRO DOS MARTINS,MACEIO
TINTA,7892948057429,TINTA ACR SELA E PINTA GESSO BR NEVE 15L IQUINE,,0,32091010,83000000,UN,2026-09-14T23:59:18Z,285.9,285.9,03656804000131,CARAJAS MATERIAL DE CONSTRUCAO LTDA,CARAJAS CONSTRUCAO,TABULEIRO DOS MARTINS,MACEIO
TINTA,5786,TINTA ACRI EXT COR E PAR 15L CARANGUE HI,,7899010489867,32091010,83000000,UN,2026-09-09T19:35:00Z,286.0,286.0,35334579000103,J BERNARDO DA SILVA CONSTRUCOES,RIO NEGRO CONSTRUCOES,PETROPOLIS,MACEIO
TINTA,7892948048830,TINTA ACR FOS BASE P 16L SELA E PINTA IQUINE,,0,32091010,83000000,UN,2026-09-12T19:47:07Z,286.41,286.41,03656804000131,CARAJAS MATERIAL DE CONSTRUCAO LTDA,CARAJAS CONSTRUCAO,TABULEIRO DOS MARTINS,MACEIO
TINTA,7891019915019,TINTA ACR FO IMP BASE T SOL E CHUVA 3.2L CORAL,,0,32091010,83000000,UN,2026-09-15T19:04:32Z,325.28,286.61,03656804002428,CARAJAS MATERIAL DE CONSTRUCAO LTDA,CARAJAS CONSTRUCAO,MANGABEIRAS,MACEIO
TINTA,06829,JOIA DA ARCADIA* 28GG 08/229 DECORA MATTE EXTRA FOSCO (NOVO) T GL 9731,"TINTA BASE ACR FC GL3,2L DECORA T GL0001GL - CASTANHA DO PARA - S",7891019906857,32091010,83000000,GL,2026-09-15T16:45:04Z,318.5766,286.72,12270435000135,L. JARDIM & CIA LTDA,Casas Jardim,CENTRO,MACEIO
TINTA,7892948013760,TINTA ACR PISO 18L CZ ESCURO DIAPISO IQUINE,TINTA ACR FC LT18L DIAPISO CINZA ESCURO LT0001LT,7892948013760,32091010,83000000,LT,2026-09-14T19:56:29Z,299.9,288.73,03656804000131,CARAJAS MATERIAL DE CONSTRUCAO LTDA,CARAJAS CONSTRUCAO,TABULEIRO DOS MARTINS,MACEIO
TINTA,7892948057078,TINTA ACR FOS 15L AREIA SELA PINTA IQUINE,,0,32091010,83000000,UN,2026-09-15T16:21:36Z,289.9,289.9,03656804000131,CARAJAS MATERIAL DE CONSTRUCAO LTDA,CARAJAS CONSTRUCAO,TABULEIRO DOS MARTINS,MACEIO
TINTA,7892948051649,TINTA ACR DIAPISO PREMIUM BASE C 16L IQUINE,,7892948051649,32091010,83000000,UN,2026-09-08T17:46:31Z,289.9,289.9,03656804002428,CARAJAS MATERIAL DE CONSTRUCAO LTDA,CARAJAS CONSTRUCAO,MANGABEIRAS,MACEIO
TINTA,7892948051649,TINTA ACR DIAPISO PREMIUM BASE C 16L IQUINE,,0,32091010,83000000,UN,2026-09-11T16:45:15Z,289.9,289.9,03656804002428,CARAJAS MATERIAL DE CONSTRUCAO LTDA,CARAJAS CONSTRUCAO,MANGABEIRAS,MACEIO
TINTA,347127,IQUINE DELANIL FOSCO 20L BR NEVE RT UN,TINTA ACR FOS BR NEVE 20L DELANIL STD IQUINE,7892948036240,32091010,83000000,LA,2026-09-14T20:33:15Z,289.9,289.9,03555402000655,PARAGOMINAS HOME CENTER LTDA,PARAGOMINAS ANTARES,ANTARES,MACEIO
TINTA,347127,IQUINE DELANIL FOSCO 20L BR NEVE RT UN,TINTA ACR FOS BR NEVE 20L DELANIL STD IQUINE,7892948036240,32091010,83000000,LA,2026-09-15T13:37:16Z,289.9,289.9,03555402000140,PARAGOMINAS HOME CENTER LTDA,PARAGOMINAS HOME CENTER,SANTOS DUMONT,MACEIO
TINTA,7892948057061,TINTA ACR FOS 15L MARFIM SELA PINTA IQUINE,,0,32091010,83000000,UN,2026-09-11T18:22:32Z,289.9,289.9,03656804002428,CARAJAS MATERIAL DE CONSTRUCAO LTDA,CARAJAS CONSTRUCAO,MANGABEIRAS,MACEIO
TINTA,7892948057344,TINTA ACR FOS 15L CAMURCA SELA PINTA IQUINE,,0,32091010,83000000,UN,2026-09-12T13:02:10Z,289.9,289.9,03656804000131,CARAJAS MATERIAL DE CONSTRUCAO LTDA,CARAJAS CONSTRUCAO,TABULEIRO DOS MARTINS,MACEIO
TINTA,7892948057382,TINTA ACR FOS 15L CANJICA SELA PINTA IQUINE,,0,32091010,83000000,UN,2026-09-10T18:50:00Z,289.9,289.9,03656804000131,CARAJAS MATERIAL DE CONSTRUCAO LTDA,CARAJAS CONSTRUCAO,TABULEIRO DOS MARTINS,MACEIO
TINTA,7892948057382,TINTA ACR FOS 15L CANJICA SELA  PINTA IQUINE,,7892948057382,32091010,83000000,UN,2026-09-10T20:54:58Z,289.9,289.9,03656804000131,CARAJAS MATERIAL DE CONSTRUCAO LTDA,CARAJAS CONSTRUCAO,TABULEIRO DOS MARTINS,MACEIO
TINTA,295955,TINTA ACR FC 15L RT SEL PINT CAMUR IQUIN,,7892948057344,32091010,83000000,BD,2026-09-14T20:34:59Z,289.99,289.99,00279531000670,TUPAN CONSTRUCOES LTDA,,JARDIM PETROPOLIS,MACEIO
TINTA,295954,TINTA ACR FC 15L RT SEL PINT AREIA IQUIN BD0001BD,,7892948057078,32091010,83000000,BD,2026-09-14T15:00:48Z,289.99,289.99,00279531000670,TUPAN CONSTRUCOES LTDA,,JARDIM PETROPOLIS,MACEIO
TINTA,295953,TINTA ACR FC 15L RT SEL PINT PALH IQUINE BD0001BD,,7892948057337,32091010,83000000,BD,2026-09-16T11:38:45Z,289.99,289.99,00279531000670,TUPAN CONSTRUCOES LTDA,,JARDIM PETROPOLIS,MACEIO
TINTA,890334,TINTA ACR FC BD20L DELANIL BR/NV IQUINE BD0001BD,TINTA ACR FOS BR NEVE 20L DELANIL STD IQUINE,7892948036240,32091010,83000000,LT,2026-09-14T12:21:50Z,290.0,290.0,00279531000670,TUPAN CONSTRUCOES LTDA,,JARDIM PETROPOLIS,MACEIO
TINTA,7892948013678,TINTA ACR PISO 18L CZ MEDIO DIAPISO IQUINE,,0,32091010,83000000,LT,2026-09-14T21:46:26Z,299.9,292.1,03656804000131,CARAJAS MATERIAL DE CONSTRUCAO LTDA,CARAJAS CONSTRUCAO,TABULEIRO DOS MARTINS,MACEIO
TINTA,7894422008224,Tinta Piso Cz Esc Fos Pre 18L Luxens         De89331 Por87975,,0,32091010,83000000,UN,2026-09-10T14:49:50Z,297.77,293.25,01438784005590,LEROY MERLIN COMPANHIA BRASILEIRA DE BRICOLAGEM,,CRUZ DAS ALMAS,MACEIO
TINTA,7892948013647,TINTA ACR PISO 18L BR DIAPISO IQUINE,,0,32091010,83000000,LT,2026-09-11T16:53:30Z,299.9,294.065,03656804002428,CARAJAS MATERIAL DE CONSTRUCAO LTDA,CARAJAS CONSTRUCAO,MANGABEIRAS,MACEIO
TINTA,05523,TINTA ACR STANDARD CORALAR + RESISTENTE BRANCO FOSCO 18L CORAL,TINTA ACR FC 18L CORAL DUO BR CORAL LT0001LT,7891019176281,32091010,83000000,LA,2026-09-08T19:10:56Z,328.0,294.96,12270435000135,L. JARDIM & CIA LTDA,Casas Jardim,CENTRO,MACEIO
TINTA,07303,TINTA ACR STANDARD CORALAR + RESISTENTE LRJ MARACATU FOSCO 18L CORAL,TINTA PARA PAREDE ACRILICA CORAL CORALAR DUO 18 L LARANJA/MARACATU,7891019908035,32091010,83000000,LA,2026-09-15T12:09:55Z,295.0,295.0,12270435000720,L. JARDIM & CIA LTDA,CASA JARDIM,BARRO DURO,MACEIO
TINTA,1657,TINTA PISO BRANCO 18LT FUTURA,,0,32091010,83000000,UND,2026-09-11T15:07:48Z,295.0,295.0,55031412000180,ILSON TENORIO ECCARDD - TINTAS LTDA,LOJAO DAS TINTAS,Levada,MACEIO
TINTA,0001133,TINTA ACR FC 15L RT SEL PINT BR/NV IQUIN,,7892948057085,32091010,83000000,BD,2026-09-11T20:22:05Z,295.0,295.0,15028598000102,JEOVA BARBOSA DE SIQUEIRA,,BENEDITO BENTES,MACEIO
TINTA,07301,TINTA ACR STANDARD CORALAR + RESISTENTE OCEANO FOSCO 18L CORAL,TINTA ACR FC 18L CORAL DUO OCEANO CORAL,7891019908110,32091010,83000000,LA,2026-09-11T15:11:56Z,328.0,295.13,12270435001026,L. JARDIM & CIA LTDA,Casas Jardim,FAROL,MACEIO
TINTA,07306,TINTA ACR STANDARD CORALAR + RESISTENTE AREIA FOSCO 18L CORAL,CR CORALAR DUO FO AREIA 18L 1X18LCORAL,7891019908011,32091010,83000000,LA,2026-09-11T13:32:58Z,295.2,295.2,12270435000720,L. JARDIM & CIA LTDA,CASA JARDIM,BARRO DURO,MACEIO
TINTA,07301,TINTA ACR STANDARD CORALAR + RESISTENTE OCEANO FOSCO 18L CORAL,TINTA ACR FC 18L CORAL DUO OCEANO CORAL,7891019908110,32091010,83000000,LA,2026-09-14T13:05:53Z,295.2,295.2,12270435000640,L. JARDIM & CIA LTDA,Casas Jardim,JATIUCA,MACEIO
TINTA,06516,TINTA ACR STANDARD CORALAR + RESISTENTE AMARELO FREVO FOSCO 18L CORAL,TINTA ACR FC 18L CORAL DUO AM/FV CORAL LT0001LT,7891019176182,32091010,83000000,LA,2026-09-15T19:33:47Z,295.2,295.2,12270435000720,L. JARDIM & CIA LTDA,CASA JARDIM,BARRO DURO,MACEIO
TINTA,06516,TINTA ACR STANDARD CORALAR + RESISTENTE AMARELO FREVO FOSCO 18L CORAL,TINTA ACR FC 18L CORAL DUO AM/FV CORAL LT0001LT,7891019176182,32091010,83000000,LA,2026-09-15T14:39:20Z,295.2,295.2,12270435000640,L. JARDIM & CIA LTDA,Casas Jardim,JATIUCA,MACEIO
TINTA,05955,"NINHO DO PASSARO ACR FOSCO BASE T 3,2L SOL E CHUVA TOTAL CORAL 90YR 10/151 4908","TINTA BASE ACR FC GL3,2L S&C TOT BASE T GL0001GL - COGUMELO JAPONES - R",7891019909070,32091010,83000000,GL,2026-09-11T17:11:07Z,297.75,297.75,09326760000168,CASA DAS TINTAS LTDA,CASA DAS TINTAS,POCO,MACEIO
TINTA,7892948048830,TINTA ACR FOS BASE P 16L SELA E PINTA IQUINE,,0,32091010,83000000,UN,2026-09-14T13:52:21Z,298.07,298.07,03656804002428,CARAJAS MATERIAL DE CONSTRUCAO LTDA,CARAJAS CONSTRUCAO,MANGABEIRAS,MACEIO
TINTA,7892948048830,TINTA ACR FOS BASE P 16L SELA E PINTA IQUINE,"BASE ""P"" P/TINTA 2 EM 1 16L SELA E PINTA IQUINE/ICORES",7892948048830,32091010,83000000,UN,2026-09-15T17:14:56Z,298.07,298.07,03656804002428,CARAJAS MATERIAL DE CONSTRUCAO LTDA,CARAJAS CONSTRUCAO,MANGABEIRAS,MACEIO
TINTA,27949,TINTA SEMI BRILHO 15L BRANCO NEVE LUX,,7908147614438,32091010,83000000,UN,2026-09-12T20:56:10Z,314.99,298.67,70015672000156,ENCONTRO DO SOL HOME CENTER LTDA,ENCONTRO DO SOL HOME CENTER,TABULEIRO DO MARTINS,MACEIO
TINTA,12754,ACR FOSCO BRANCO 20L DELANIL RENDE MUITO IQUINE,TINTA ACR FOS BR NEVE 20L DELANIL STD IQUINE,7892948036240,32091010,83000000,BD,2026-09-11T17:59:23Z,299.9,299.9,09326760000168,CASA DAS TINTAS LTDA,CASA DAS TINTAS,POCO,MACEIO
TINTA,7892948013678,TINTA ACR PISO 18L CZ MEDIO DIAPISO IQUINE,DIAPISO SUPER RESIST CZA MEDIO 18L -&GT PRODUTO NAO CLASSIFICADO COMO PERIGOSO PARA FINS DE TRANSPORTE.,7892948013678,32091010,83000000,LT,2026-09-12T14:49:34Z,299.9,299.9,03656804002428,CARAJAS MATERIAL DE CONSTRUCAO LTDA,CARAJAS CONSTRUCAO,MANGABEIRAS,MACEIO
TINTA,7892948013739,TINTA ACR PISO 18L CONCRETO DIAPISO IQUINE,,0,32091010,83000000,LT,2026-09-13T13:41:52Z,299.9,299.9,03656804000131,CARAJAS MATERIAL DE CONSTRUCAO LTDA,CARAJAS CONSTRUCAO,TABULEIRO DOS MARTINS,MACEIO
TINTA,7892948013760,TINTA ACR PISO 18L CZ ESCURO DIAPISO IQUINE,,0,32091010,83000000,LT,2026-09-16T13:41:46Z,299.9,299.9,03656804000131,CARAJAS MATERIAL DE CONSTRUCAO LTDA,CARAJAS CONSTRUCAO,TABULEIRO DOS MARTINS,MACEIO
TINTA,7891019907892,TINTA ACR FO BR NEVE RENDE MUITO 20 LITROS CORAL,,0,32091010,83000000,UN,2026-09-16T19:01:57Z,299.9,299.9,03656804000131,CARAJAS MATERIAL DE CONSTRUCAO LTDA,CARAJAS CONSTRUCAO,TABULEIRO DOS MARTINS,MACEIO
TINTA,7891019907892,TINTA ACR FO BR NEVE RENDE MUITO 20 LITROS CORAL,RENDE MUITO ACR FOSCO BRANCO PROMOCIONAL BALDE 20L,7891019907892,32091010,83000000,UN,2026-09-16T19:45:29Z,299.9,299.9,03656804000131,CARAJAS MATERIAL DE CONSTRUCAO LTDA,CARAJAS CONSTRUCAO,TABULEIRO DOS MARTINS,MACEIO
TINTA,7892948013708,TINTA ACR PISO 18L AM DEMARC DIAPISO IQUINE,,0,32091010,83000000,LT,2026-09-14T19:51:14Z,299.9,299.9,03656804000131,CARAJAS MATERIAL DE CONSTRUCAO LTDA,CARAJAS CONSTRUCAO,TABULEIRO DOS MARTINS,MACEIO
TINTA,7892948013678,TINTA ACR PISO 18L CZ MEDIO DIAPISO IQUINE,,0,32091010,83000000,LT,2026-09-16T12:41:47Z,299.9,299.9,03656804002428,CARAJAS MATERIAL DE CONSTRUCAO LTDA,CARAJAS CONSTRUCAO,MANGABEIRAS,MACEIO
TINTA,7891019907892,TINTA ACR FO BR NEVE RENDE MUITO 20 LITROS CORAL,RENDE MUITO ACR FOSCO BRANCO PROMOCIONAL BALDE 20L,7891019907892,32091010,83000000,UN,2026-09-16T11:51:26Z,299.9,299.9,03656804002428,CARAJAS MATERIAL DE CONSTRUCAO LTDA,CARAJAS CONSTRUCAO,MANGABEIRAS,MACEIO
TINTA,7891019907892,TINTA ACR FO BR NEVE RENDE MUITO 20 LITROS CORAL,,0,32091010,83000000,UN,2026-09-16T18:08:46Z,299.9,299.9,03656804002428,CARAJAS MATERIAL DE CONSTRUCAO LTDA,CARAJAS CONSTRUCAO,MANGABEIRAS,MACEIO
TINTA,12754,ACR FOSCO BRANCO 20L DELANIL RENDE MUITO IQUINE,TINTA ACR FOS BR NEVE 20L DELANIL STD IQUINE,7892948036240,32091010,83000000,BD,2026-09-12T12:45:16Z,299.9,299.9,09326760000400,CASA DAS TINTAS LTDA,,BARRO DURO,MACEIO
TINTA,12754,ACR FOSCO BRANCO 20L DELANIL RENDE MUITO IQUINE,TINTA ACR FOS BR NEVE 20L DELANIL STD IQUINE,7892948036240,32091010,83000000,BD,2026-09-12T14:12:20Z,299.9,299.9,09326760000753,CASA DAS TINTAS LTDA,CASA DAS TINTAS,PONTA VERDE,MACEIO
TINTA,904901,TINTA ACR FC BP20L REND MUIT BR CORAL BP0020LI,RENDE MUITO ACR FOSCO BRANCO PROMOCIONAL BALDE 20L,7891019907892,32091010,83000000,BP,2026-09-16T17:07:59Z,299.9,299.9,00279531000670,TUPAN CONSTRUCOES LTDA,,JARDIM PETROPOLIS,MACEIO
TINTA,8323,TINTA CORAL ACRILICA FC BD 15L RENDE MUITO BRANCO,,0,32091010,83000000,BD,2026-09-14T13:11:53Z,299.9,299.9,05251366000157,RONILDO DE OLIVEIRA LIMA  LTDA,COMERCIAL ESPERANCA,CENTRO,MACEIO
TINTA,7892948051649,TINTA ACR DIAPISO PREMIUM BASE C 16L IQUINE,,0,32091010,83000000,UN,2026-09-14T14:02:27Z,299.9,299.9,03656804000131,CARAJAS MATERIAL DE CONSTRUCAO LTDA,CARAJAS CONSTRUCAO,TABULEIRO DOS MARTINS,MACEIO
TINTA,7892948051649,TINTA ACR DIAPISO PREMIUM BASE C 16L IQUINE,,7892948051649,32091010,83000000,UN,2026-09-15T14:33:14Z,299.9,299.9,03656804000131,CARAJAS MATERIAL DE CONSTRUCAO LTDA,CARAJAS CONSTRUCAO,TABULEIRO DOS MARTINS,MACEIO
TINTA,7892948013760,TINTA ACR PISO 18L CZ ESCURO DIAPISO IQUINE,,0,32091010,83000000,LT,2026-09-15T21:54:41Z,299.9,299.9,03656804002428,CARAJAS MATERIAL DE CONSTRUCAO LTDA,CARAJAS CONSTRUCAO,MANGABEIRAS,MACEIO
TINTA,7892948013791,TINTA ACR PISO 18L VD FOLHA DIAPISO IQUINE,,0,32091010,83000000,LT,2026-09-13T17:34:43Z,299.9,299.9,03656804002428,CARAJAS MATERIAL DE CONSTRUCAO LTDA,CARAJAS CONSTRUCAO,MANGABEIRAS,MACEIO
TINTA,7892948013883,TINTA ACR PISO 18L AZ PROFUNDO DIAPISO IQUINE,,0,32091010,83000000,LT,2026-09-16T16:32:45Z,299.9,299.9,03656804002428,CARAJAS MATERIAL DE CONSTRUCAO LTDA,CARAJAS CONSTRUCAO,MANGABEIRAS,MACEIO
TINTA,75788,TINTA ACR FC 18L DIAPISO CZ/MD IQUINE LT0001LT,DIAPISO SUPER RESIST CZA MEDIO 18L -&GT PRODUTO NAO CLASSIFICADO COMO PERIGOSO PARA FINS DE TRANSPORTE.,7892948013678,32091010,83000000,PC,2026-09-16T12:32:57Z,299.99,299.99,00279531000670,TUPAN CONSTRUCOES LTDA,,JARDIM PETROPOLIS,MACEIO
TINTA,5172,TINTA P PISO 18L CZ MEDIO IBRATIN,"TINTA PARA PISO - BL 18,0 LTS COR 000015-CINZA MEDIO",7899173400891,32091010,83000000,UN,2026-09-16T10:48:17Z,299.99,299.99,70015672000156,ENCONTRO DO SOL HOME CENTER LTDA,ENCONTRO DO SOL HOME CENTER,TABULEIRO DO MARTINS,MACEIO
TINTA,1270,TINTA P PISO 18L CONCRETO IBRATIN,"TINTA PARA PISO - BL 18,0 LTS CONCRETO I",7899173400914,32091010,83000000,UN,2026-09-14T11:31:38Z,299.99,299.99,70015672000156,ENCONTRO DO SOL HOME CENTER LTDA,ENCONTRO DO SOL HOME CENTER,TABULEIRO DO MARTINS,MACEIO
TINTA,27057,TINTA P PISO 18L CZ ESCURO IBRATIN,"TINTA PARA PISO - BL 18,0 LTS COR 000014-CINZA ESCURO",7899173400877,32091010,83000000,UN,2026-09-08T10:36:26Z,299.99,299.99,70015672000156,ENCONTRO DO SOL HOME CENTER LTDA,ENCONTRO DO SOL HOME CENTER,TABULEIRO DO MARTINS,MACEIO
TINTA,75785,TINTA ACR FC 18L DIAPISO CONC IQUINE LT0001LT,TINTA ACR FC 18L DIAPISO CONC IQUINE LT0001LT,7892948013739,32091010,83000000,PC,2026-09-14T22:08:11Z,300.0,300.0,00279531000670,TUPAN CONSTRUCOES LTDA,,JARDIM PETROPOLIS,MACEIO
TINTA,75783,TINTA ACR FC 18L DIAPISO BR IQUINE LT0001LT,DIAPISO SUPER RESIST BCO NEVE 18L -&GT PRODUTO NAO CLASSIFICADO COMO PERIGOSO PARA FINS DE TRANSPORTE.,7892948013647,32091010,83000000,PC,2026-09-16T15:14:20Z,300.0,300.0,00279531000670,TUPAN CONSTRUCOES LTDA,,JARDIM PETROPOLIS,MACEIO
TINTA,972720,TINTA ACR FC 18L DIAPISO SAIBRO IQUINE LT0001LT,TINTA ACR FC LT18L DIAPISO SAIBRO IQUINE LT0001LT,7892948035892,32091010,83000000,LT,2026-09-09T13:08:15Z,300.0,300.0,00279531000670,TUPAN CONSTRUCOES LTDA,,JARDIM PETROPOLIS,MACEIO
TINTA,75793,TINTA ACR FC 18L DIAPISO AZ/PF IQUINE LT0001LT,TINTA ACR PISO 18L AZ PROFUNDO DIAPISO IQUINE,7892948013883,32091010,83000000,PC,2026-09-15T19:04:07Z,300.0,300.0,00279531000670,TUPAN CONSTRUCOES LTDA,,JARDIM PETROPOLIS,MACEIO
TINTA,75789,TINTA ACR FC 18L DIAPISO CINZA ESCURO LT0001LT,TINTA ACR FC LT18L DIAPISO CINZA ESCURO LT0001LT,7892948013760,32091010,83000000,PC,2026-09-16T12:34:52Z,300.0,300.0,00279531000670,TUPAN CONSTRUCOES LTDA,,JARDIM PETROPOLIS,MACEIO
TINTA,75791,TINTA ACR FC 18L DIAPISO AM/DM IQUINE LT0001LT,DIAPISO SR AMARELO DEMARCACAO 18L - PRODUTO NAO CLASSIFICADO COMO PERIGOSO PARA FINS DE TRANSPORTE.,7892948013708,32091010,83000000,PC,2026-09-09T11:57:18Z,300.0,300.0,00279531000670,TUPAN CONSTRUCOES LTDA,,JARDIM PETROPOLIS,MACEIO
TINTA,7892948030026,TINTA ACR FOSC 16L ACABA COM BASE P IQUINE,,0,32091010,83000000,UN,2026-09-16T00:01:23Z,300.24,300.24,03656804000131,CARAJAS MATERIAL DE CONSTRUCAO LTDA,CARAJAS CONSTRUCAO,TABULEIRO DOS MARTINS,MACEIO
TINTA,7891019907892,TINTA STAND FO BRA 20L REND MUIT CORAL       De34032 Por30767,,0,32091010,83000000,UN,2026-09-16T21:38:19Z,340.32,307.67,01438784005590,LEROY MERLIN COMPANHIA BRASILEIRA DE BRICOLAGEM,,CRUZ DAS ALMAS,MACEIO
TINTA,05776,"EPOXI TINTA BASE AGUA MULTISSUPERFICIES BRANCO ACETINADO 3,6L SUVINIL",MULT SUPERF ACET LAGOA AZUL  LAGOA AZUL - 628366 SELFCOLOR Z039 ESMALTE MULTISUPERFICIE,7891260325605,32091010,83000000,GL,2026-09-11T16:48:35Z,307.7,307.7,12270435000992,L. JARDIM & CIA LTDA,Casas Jardim,TABULEIRO DO MARTINS,MACEIO
TINTA,000780,TINTA PISO15L SANTTAFE,,0,32081010,83000000,UN,2026-09-10T16:27:25Z,308.0,308.0,59442899000145,SARMENTO COMERCIO E SERVIÇOS LTDA,REI DAS ARGAMASSAS,Jaraguá,MACEIO
TINTA,05446,TINTA ACR STANDARD RENDE E COBRE MUITO GELO FOSCO 18L SUVINIL,TINTA ACRILICA RENDE E COBRE MUITO BRANCO GELO LT SULVINIL,7891260332269,32091010,83000000,LA,2026-09-11T15:03:28Z,309.006,308.81,12270435001026,L. JARDIM & CIA LTDA,Casas Jardim,FAROL,MACEIO
TINTA,05446,TINTA ACR STANDARD RENDE E COBRE MUITO GELO FOSCO 18L SUVINIL,TINTA ACRILICA RENDE E COBRE MUITO BRANCO GELO LT SULVINIL,7891260332269,32091010,83000000,LA,2026-09-09T20:30:15Z,309.006,309.005,12270435000640,L. JARDIM & CIA LTDA,Casas Jardim,JATIUCA,MACEIO
TINTA,05446,TINTA ACR STANDARD RENDE E COBRE MUITO GELO FOSCO 18L SUVINIL,TINTA ACRILICA RENDE E COBRE MUITO BRANCO GELO LT SULVINIL,7891260332269,32091010,83000000,LA,2026-09-09T17:20:30Z,309.006,309.01,12270435000992,L. JARDIM & CIA LTDA,Casas Jardim,TABULEIRO DO MARTINS,MACEIO
TINTA,05444,TINTA ACR STANDARD RENDE E COBRE MUITO BRANCO FOSCO 18L SUVINIL,TINTA ACRILICA RENDE E COBRE MUITO BRANCO NEVE LT SULVINIL,7891260331811,32091010,83000000,LA,2026-09-15T11:56:05Z,309.006,309.01,12270435001026,L. JARDIM & CIA LTDA,Casas Jardim,FAROL,MACEIO
TINTA,05444,TINTA ACR STANDARD RENDE E COBRE MUITO BRANCO FOSCO 18L SUVINIL,TINTA ACRILICA RENDE E COBRE MUITO BRANCO NEVE LT SULVINIL,7891260331811,32091010,83000000,LA,2026-09-11T12:30:59Z,309.006,309.01,12270435000640,L. JARDIM & CIA LTDA,Casas Jardim,JATIUCA,MACEIO
TINTA,7891019993963,"TINTA ACR FOSC PROF BASE T 3,2L MASTER CORAL",,7891019993963,32091010,83000000,UN,2026-09-13T15:19:15Z,309.32,309.32,03656804000131,CARAJAS MATERIAL DE CONSTRUCAO LTDA,CARAJAS CONSTRUCAO,TABULEIRO DOS MARTINS,MACEIO
TINTA,7891019177943,"TINTA ACR SB 3,2L BASE MF DECORA DIAMANTE CORAL",CAMURCA - PADRAO CORALIT DECORA DIAMANTE SB MF GL RM814 - PADRAO CORALIT,7891019177943,32091010,83000000,GL,2026-09-16T16:08:08Z,312.18,312.18,03656804000131,CARAJAS MATERIAL DE CONSTRUCAO LTDA,CARAJAS CONSTRUCAO,TABULEIRO DOS MARTINS,MACEIO
TINTA,7891019906994,"TINTA ACR SB 3,2L BASE T DECORA DIAMANTE CORAL",,0,32091010,83000000,GL,2026-09-15T13:19:06Z,368.06,314.43,03656804000131,CARAJAS MATERIAL DE CONSTRUCAO LTDA,CARAJAS CONSTRUCAO,TABULEIRO DOS MARTINS,MACEIO
TINTA,07089,TINTA ACR STANDARD RENDE MUITO BRANCO FOSCO 20L CORAL,RENDE MUITO ACR FOSCO BRANCO PROMOCIONAL BALDE 20L,7891019907892,32091010,83000000,LA,2026-09-15T21:13:54Z,355.0,314.82,12270435001026,L. JARDIM & CIA LTDA,Casas Jardim,FAROL,MACEIO
TINTA,04765,TINTA ACR STANDARD RENDE MUITO BRANCO FOSCO 18L CORAL,TINTA CORAL ACRILICA 18L BR NEVE FC REND MUITO COR,7891019101481,32091010,83000000,LA,2026-09-10T18:02:16Z,315.0,315.0,12270435000135,L. JARDIM & CIA LTDA,Casas Jardim,CENTRO,MACEIO
TINTA,07089,TINTA ACR STANDARD RENDE MUITO BRANCO FOSCO 20L CORAL,RENDE MUITO ACR FOSCO BRANCO PROMOCIONAL BALDE 20L,7891019907892,32091010,83000000,LA,2026-09-15T11:14:11Z,319.0,319.0,12270435000992,L. JARDIM & CIA LTDA,Casas Jardim,TABULEIRO DO MARTINS,MACEIO
TINTA,10937,TINTA ACR PREMIUM CORAL MASTER BRANCO FOSCO 18L CORAL,,7891019993925,32091010,83000000,LA,2026-09-15T19:45:14Z,319.5,319.5,12270435000640,L. JARDIM & CIA LTDA,Casas Jardim,JATIUCA,MACEIO
TINTA,07089,TINTA ACR STANDARD RENDE MUITO BRANCO FOSCO 20L CORAL,RENDE MUITO ACR FOSCO BRANCO PROMOCIONAL BALDE 20L,7891019907892,32091010,83000000,LA,2026-09-16T14:38:01Z,355.0,319.5,12270435000640,L. JARDIM & CIA LTDA,Casas Jardim,JATIUCA,MACEIO
TINTA,07089,TINTA ACR STANDARD RENDE MUITO BRANCO FOSCO 20L CORAL,RENDE MUITO ACR FOSCO BRANCO PROMOCIONAL BALDE 20L,7891019907892,32091010,83000000,LA,2026-09-16T13:29:54Z,319.5,319.5,12270435000720,L. JARDIM & CIA LTDA,CASA JARDIM,BARRO DURO,MACEIO
TINTA,07089,TINTA ACR STANDARD RENDE MUITO BRANCO FOSCO 20L CORAL,RENDE MUITO ACR FOSCO BRANCO PROMOCIONAL BALDE 20L,7891019907892,32091010,83000000,LA,2026-09-09T13:22:58Z,355.0,319.5,12270435000801,L. JARDIM & CIA LTDA,Casas Jardim,PAJUCARA,MACEIO
TINTA,07089,TINTA ACR STANDARD RENDE MUITO BRANCO FOSCO 20L CORAL,RENDE MUITO ACR FOSCO BRANCO PROMOCIONAL BALDE 20L,7891019907892,32091010,83000000,LA,2026-09-15T11:33:17Z,355.0,319.58,12270435000135,L. JARDIM & CIA LTDA,Casas Jardim,CENTRO,MACEIO
TINTA,296001,TINTA ACR FC 18L MASTER BR CORAL LT0001LT,,7891019993925,32091010,83000000,LT,2026-09-11T12:59:22Z,319.9,319.9,00279531000670,TUPAN CONSTRUCOES LTDA,,JARDIM PETROPOLIS,MACEIO
TINTA,295943,TINTA ACR FC 15L RT DELANIL BOI/GAR IQUI BD0001BD,,7892948057252,32091010,83000000,BD,2026-09-08T14:09:06Z,322.99,322.99,00279531000670,TUPAN CONSTRUCOES LTDA,,JARDIM PETROPOLIS,MACEIO
TINTA,997813,"TINTA BASE CONC 0,72L ACOT GR1 VD CORAL SH0001SH",,7730149745489,32041700,83000000,SH,2026-09-16T12:32:57Z,323.2394366197,323.23943661971833,00279531000670,TUPAN CONSTRUCOES LTDA,,JARDIM PETROPOLIS,MACEIO
TINTA,3276007449181,Tinta std int fos branca 20 L Luxens         De35096 Por32490,,0,32091010,83000000,UN,2026-09-14T15:28:14Z,350.96,324.9,01438784005590,LEROY MERLIN COMPANHIA BRASILEIRA DE BRICOLAGEM,,CRUZ DAS ALMAS,MACEIO
TINTA,05540,"EPOXI TINTA BASE AGUA RENOVA AZULEJOS BRANCO ACETINADO 3,6L CORAL",CORAL WANDEPOXY (RENOVA AZULEJOS)  BASE AGUA ACET BRANCO GAL,7891019176571,32091010,83000000,GL,2026-09-12T11:59:48Z,365.0,328.45,12270435000640,L. JARDIM & CIA LTDA,Casas Jardim,JATIUCA,MACEIO
TINTA,7891260331811,TINTA FOS 18L BR NEVE RENDE E COBRE MUITO SUVINIL,,0,32091010,83000000,LT,2026-09-14T12:34:07Z,329.9,329.9,03656804000131,CARAJAS MATERIAL DE CONSTRUCAO LTDA,CARAJAS CONSTRUCAO,TABULEIRO DOS MARTINS,MACEIO
TINTA,014222,"TINTA EPX BR 3,6L WANDEP B AG BR CORAL",CORAL WANDEPOXY (RENOVA AZULEJOS)  BASE AGUA BRIL BRANCO GAL,7891019176397,32091010,83000000,UND,2026-09-15T13:08:49Z,330.0,330.0,14810475000158,MICHELLI PATRICIA DE ALBUQUERQUE - ME,MICHELLI CONSTRUCOES,CENTRO,MACEIO
TINTA,7891019145393,TINTA PISO PREM FOS 18L CONCRETO PINTA PISO CORAL,,0,32091010,83000000,LT,2026-09-15T15:17:30Z,419.9,335.96,03656804000131,CARAJAS MATERIAL DE CONSTRUCAO LTDA,CARAJAS CONSTRUCAO,TABULEIRO DOS MARTINS,MACEIO
TINTA,889221,TINTA ACR FC 18L CORALAR +RES AM/FV CORA LT0001LT,TINTA ACR FC 18L CORAL DUO AM/FV CORAL LT0001LT,7891019176182,32091010,83000000,LT,2026-09-13T11:40:05Z,336.99,336.99,00279531000670,TUPAN CONSTRUCOES LTDA,,JARDIM PETROPOLIS,MACEIO
TINTA,7892948057160,TINTA ACR FOS BR GELO 15L DELANIL IQUINE,,7892948057160,32091010,83000000,UN,2026-09-10T21:49:09Z,337.9,337.9,03656804000131,CARAJAS MATERIAL DE CONSTRUCAO LTDA,CARAJAS CONSTRUCAO,TABULEIRO DOS MARTINS,MACEIO
TINTA,7892948057160,TINTA ACR FOS BR GELO 15L DELANIL IQUINE,,0,32091010,83000000,UN,2026-09-15T22:32:43Z,337.9,337.9,03656804000131,CARAJAS MATERIAL DE CONSTRUCAO LTDA,CARAJAS CONSTRUCAO,TABULEIRO DOS MARTINS,MACEIO
TINTA,295942,TINTA ACR FC 15L RT DELANIL CAJU IQUINE BD0001BD,,7892948057245,32091010,83000000,BD,2026-09-08T17:38:45Z,339.99,339.99,00279531000670,TUPAN CONSTRUCOES LTDA,,JARDIM PETROPOLIS,MACEIO
TINTA,295947,TINTA ACR FC 15L RT DELANIL ROND IQUINE BD0001BD,,7892948057115,32091010,83000000,BD,2026-09-08T19:34:30Z,339.99,339.99,00279531000670,TUPAN CONSTRUCOES LTDA,,JARDIM PETROPOLIS,MACEIO
TINTA,91921410,Tinta Imper Pr 20kg Brc,,7898570238892,32091010,83000000,UN,2026-09-15T17:02:08Z,340.32,340.32,01438784005590,LEROY MERLIN COMPANHIA BRASILEIRA DE BRICOLAGEM,,CRUZ DAS ALMAS,MACEIO
TINTA,7896257584539,TINTA EMBOR IMPERM FOS ELEFANTE 18L HYDRONORTH,,0,32091010,83000000,UN,2026-09-15T13:19:06Z,399.9,341.63,03656804000131,CARAJAS MATERIAL DE CONSTRUCAO LTDA,CARAJAS CONSTRUCAO,TABULEIRO DOS MARTINS,MACEIO
TINTA,2165,TINTA ACR SELA E PINTA CORES 18L IQUINE,,0,32091010,83000000,UND,2026-09-14T14:21:43Z,345.0,345.0,30842782000177,DUDA TINTAS LTDA.,DUDA COLOR,JATIUCA,MACEIO
TINTA,92473052,TINTA INT FOS CRE 20L LXN,,3276008050843,32091010,83000000,UN,2026-09-12T20:41:21Z,382.87,346.05,01438784005590,LEROY MERLIN COMPANHIA BRASILEIRA DE BRICOLAGEM,,CRUZ DAS ALMAS,MACEIO
TINTA,02006,TINTA IMPERMEA PREMIUM VEDAPREN PAREDE BRANCO FOSCO 18KG VEDACIT,VEDAPREN PAREDE BRANCO BD 18KG VEDACIT 1X18KGVEDACIT,7897321120233,32091010,83000000,LA,2026-09-15T12:34:46Z,349.002,349.0,12270435000992,L. JARDIM & CIA LTDA,Casas Jardim,TABULEIRO DO MARTINS,MACEIO
TINTA,02006,TINTA IMPERMEA PREMIUM VEDAPREN PAREDE BRANCO FOSCO 18KG VEDACIT,VEDAPREN PAREDE BRANCO BD 18KG VEDACIT 1X18KGVEDACIT,7897321120233,32091010,83000000,LA,2026-09-12T11:15:09Z,349.002,349.0,12270435000640,L. JARDIM & CIA LTDA,Casas Jardim,JATIUCA,MACEIO
TINTA,7892948043477,"TINTA DIEPOXI BR NEVE 3,6L BASE AGUA IQUINE",,0,32091010,83000000,UN,2026-09-09T22:23:08Z,349.9,349.9,03656804002428,CARAJAS MATERIAL DE CONSTRUCAO LTDA,CARAJAS CONSTRUCAO,MANGABEIRAS,MACEIO
TINTA,205461,IQUINE SELA E PINTA BRANCO NEVE 18L,TINTA ACR FC 18L SEL PINT BR/GL IQUINE LT0001LT,7892948048557,32081010,83000000,UND,2026-09-10T14:47:45Z,413.0,350.0,11749321000100,M M DA S SANTOS - EPP,UNIVERSO TINTAS,CLIMA BOM,MACEIO
TINTA,7891019145355,Tinta Piso Cz Med 18L Coral                  De37755 Por35016,,0,32091010,83000000,UN,2026-09-09T18:04:24Z,377.55,350.16,01438784005590,LEROY MERLIN COMPANHIA BRASILEIRA DE BRICOLAGEM,,CRUZ DAS ALMAS,MACEIO
TINTA,10318,TINTA ACR STANDARD RENDE MUITO CINZA ALPINO FOSCO 16L CORAL,TINTA ACR FC 16L REND MUIT CZ/ALP CORAL LT0001LT,7891019919567,32091010,83000000,LA,2026-09-15T21:13:54Z,398.0,352.95,12270435001026,L. JARDIM & CIA LTDA,Casas Jardim,FAROL,MACEIO
TINTA,7891019145454,Tinta Piso Vde Quadra 18L Coral              De75510 Por70982,,0,32091010,83000000,UN,2026-09-12T16:28:36Z,377.55,354.91,01438784005590,LEROY MERLIN COMPANHIA BRASILEIRA DE BRICOLAGEM,,CRUZ DAS ALMAS,MACEIO
TINTA,10125,TINTA ACR STANDARD RENDE MUITO GELO FOSCO 16L CORAL,TINTA ACRILICA RENDE MUITO STANDARD FOSCO GELO 16L CORAL,7891019919673,32091010,83000000,LA,2026-09-08T17:33:16Z,398.0,355.0,12270435000640,L. JARDIM & CIA LTDA,Casas Jardim,JATIUCA,MACEIO
TINTA,7891019145331,TINTA PISO PREM FOS 18L BR NEVE PINTA PISO CORAL,,0,32091010,83000000,LT,2026-09-15T22:30:42Z,423.9,355.9,03656804002428,CARAJAS MATERIAL DE CONSTRUCAO LTDA,CARAJAS CONSTRUCAO,MANGABEIRAS,MACEIO
TINTA,04013,TINTA ACR STANDARD MAXIMA EFICIENCIA MARFIM FOSCO 18L GLASU,GLASURIT ACR FOSCO MAXIMA EFICIENCIA MARFIM 18L,7891260167069,32091010,83000000,LA,2026-09-09T19:04:00Z,356.4,356.38,12270435000720,L. JARDIM & CIA LTDA,CASA JARDIM,BARRO DURO,MACEIO
TINTA,01435,TINTA ACR FOSCO BRANCO 18L NOVACOR GESSO E DRYWALL SW,NOVACOR GESSO BRANCO 18L 38890006,7891323090372,32091010,83000000,LT,2026-09-15T18:05:22Z,356.38,356.38,09326760000400,CASA DAS TINTAS LTDA,,BARRO DURO,MACEIO
TINTA,09849,TINTA ACR STANDARD MAXIMA EFICIENCIA ALGODAO EGIPICIO FOSCO 18L GLASU,GLASU ACR FOSCO ALGODAO EGIPCIO 18L MAXIMA EFICIENCIA,7891260509395,32091010,83000000,LA,2026-09-14T14:45:24Z,396.0,356.4,12270435000640,L. JARDIM & CIA LTDA,Casas Jardim,JATIUCA,MACEIO
TINTA,04013,TINTA ACR STANDARD MAXIMA EFICIENCIA MARFIM FOSCO 18L GLASU,GLASURIT ACR FOSCO MAXIMA EFICIENCIA MARFIM 18L,7891260167069,32091010,83000000,LA,2026-09-14T18:52:50Z,356.4,356.4,12270435001026,L. JARDIM & CIA LTDA,Casas Jardim,FAROL,MACEIO
TINTA,09543,TINTA ACR STANDARD MAXIMA EFICIENCIA TREVO DA SORTE FOSCO 18L GLASU,GLA M EFICIE FO TREV SORT 18L IP31 UN,7891260298015,32091010,83000000,LA,2026-09-11T18:48:41Z,356.4,356.4,12270435001026,L. JARDIM & CIA LTDA,Casas Jardim,FAROL,MACEIO
TINTA,08741,TINTA ACR STANDARD MAXIMA EFICIENCIA AREIA FOSCO 18L GLASU,GLASURIT ACR FOSCO MAXIMA EFICIENCIA AREIA 18L,7891260166826,32091010,83000000,LA,2026-09-08T18:53:58Z,356.4,356.4,12270435000640,L. JARDIM & CIA LTDA,Casas Jardim,JATIUCA,MACEIO
TINTA,08744,TINTA ACR STANDARD MAXIMA EFICIENCIA CAMURCA FOSCO 18L GLASU,GLASURIT ACR FOSCO MAXIMA EFICIENCIA CAMURCA 18L,7891260058930,32091010,83000000,LA,2026-09-08T18:53:58Z,356.4,356.4,12270435000640,L. JARDIM & CIA LTDA,Casas Jardim,JATIUCA,MACEIO
TINTA,10125,TINTA ACR STANDARD RENDE MUITO GELO FOSCO 16L CORAL,TINTA ACRILICA RENDE MUITO STANDARD FOSCO GELO 16L CORAL,7891019919673,32091010,83000000,LA,2026-09-15T20:31:40Z,358.2,358.14,12270435000135,L. JARDIM & CIA LTDA,Casas Jardim,CENTRO,MACEIO
TINTA,7892948057122,TINTA ACR SB 15L BR NEVE LIMPA FACIL IQUINE,,0,32091010,83000000,UN,2026-09-10T13:01:49Z,389.9,358.94,03656804000131,CARAJAS MATERIAL DE CONSTRUCAO LTDA,CARAJAS CONSTRUCAO,TABULEIRO DOS MARTINS,MACEIO
TINTA,10937,TINTA ACR PREMIUM CORAL MASTER BRANCO FOSCO 18L CORAL,,7891019993925,32091010,83000000,LA,2026-09-12T13:07:57Z,399.0,359.73,12270435000720,L. JARDIM & CIA LTDA,CASA JARDIM,BARRO DURO,MACEIO
TINTA,7892948026562,TINTA ACR FOSC BASE M 16L DELANIL IQUINE,,0,32091010,83000000,LT,2026-09-14T12:56:03Z,359.9,359.9,03656804000131,CARAJAS MATERIAL DE CONSTRUCAO LTDA,CARAJAS CONSTRUCAO,TABULEIRO DOS MARTINS,MACEIO
TINTA,06076,TINTA IMPERM 24KG FUSEPROTEC PAREDE VIAPOL,VIAPOL FUSEPROTEC PAREDE 18L,7899519910534,32091010,83000000,BD,2026-09-14T18:41:27Z,364.25,364.25,09326760000168,CASA DAS TINTAS LTDA,CASA DAS TINTAS,POCO,MACEIO
TINTA,07837,TINTA PISO PREMIUM SUVINIL PISO CONCRETO PURO 18L SUVINIL,TINTA PISO ACR FO 18L CONCRETO PURO PISOS SUVINIL,7891260435939,32091010,83000000,LA,2026-09-12T13:47:39Z,432.0,365.29,12270435001026,L. JARDIM & CIA LTDA,Casas Jardim,FAROL,MACEIO
TINTA,295924,TINTA ACR SB 15L RT LIMPA FACIL PER IQUI BD0001BD,,7892948057153,32091010,83000000,BD,2026-09-15T14:24:38Z,389.9,370.41,00279531000670,TUPAN CONSTRUCOES LTDA,,JARDIM PETROPOLIS,MACEIO
TINTA,321460,IQUINE DIAPISO 18L AZ PROFUNDO UN,TINTA ACR PISO 18L AZ PROFUNDO DIAPISO IQUINE,7892948013883,32091010,83000000,LT,2026-09-15T16:11:08Z,371.9,371.9,03555402000655,PARAGOMINAS HOME CENTER LTDA,PARAGOMINAS ANTARES,ANTARES,MACEIO
TINTA,321459,IQUINE DIAPISO 18L CONCRETO UN,TINTA ACR FC 18L DIAPISO CONC IQUINE LT0001LT,7892948013739,32091010,83000000,LT,2026-09-15T12:26:07Z,371.9,371.9,03555402000140,PARAGOMINAS HOME CENTER LTDA,PARAGOMINAS HOME CENTER,SANTOS DUMONT,MACEIO
TINTA,321457,IQUINE DIAPISO 18L VD FOLHA UN,TINTA DIAPISO SUPER RESIST VDE FOLHA 18L IQUINE,7892948013791,32091010,83000000,LT,2026-09-11T13:41:53Z,371.9,371.9,03555402000140,PARAGOMINAS HOME CENTER LTDA,PARAGOMINAS HOME CENTER,SANTOS DUMONT,MACEIO
TINTA,7892948057115,TINTA ACR FOS 15L RONDON DELANIL IQUINE,,0,32091010,83000000,UN,2026-09-13T11:53:05Z,395.9,376.144,03656804000131,CARAJAS MATERIAL DE CONSTRUCAO LTDA,CARAJAS CONSTRUCAO,TABULEIRO DOS MARTINS,MACEIO
TINTA,7891019145393,Tinta Piso Concr 18L Coral,,0,32091010,83000000,UN,2026-09-16T16:43:00Z,377.55,377.55,01438784005590,LEROY MERLIN COMPANHIA BRASILEIRA DE BRICOLAGEM,,CRUZ DAS ALMAS,MACEIO
TINTA,92330252,CR PINTA PIS CZ MEDIO 18L,TINTA ACR FC 18L PINTA PISO CZ/MD CORAL LT0001LT,7891019145355,32091010,83000000,UN,2026-09-16T15:42:41Z,377.55,377.55,01438784005590,LEROY MERLIN COMPANHIA BRASILEIRA DE BRICOLAGEM,,CRUZ DAS ALMAS,MACEIO
TINTA,7892948057146,TINTA ACR SB 15L PALHA LIMPA FACIL IQUINE,,0,32091010,83000000,UN,2026-09-11T23:22:05Z,389.9,377.6166666666667,03656804000131,CARAJAS MATERIAL DE CONSTRUCAO LTDA,CARAJAS CONSTRUCAO,TABULEIRO DOS MARTINS,MACEIO
TINTA,7892948057153,TINTA ACR SB 15L PEROLA LIMPA FACIL IQUINE,,0,32091010,83000000,UN,2026-09-14T20:57:48Z,389.9,378.24,03656804000131,CARAJAS MATERIAL DE CONSTRUCAO LTDA,CARAJAS CONSTRUCAO,TABULEIRO DOS MARTINS,MACEIO
TINTA,02393,ACR FOSCO GELO 16L RENDE MUITO CORAL,TINTA ACRILICA RENDE MUITO STANDARD FOSCO GELO 16L CORAL,7891019919673,32091010,83000000,LT,2026-09-10T20:23:09Z,426.36,378.4,09326760000400,CASA DAS TINTAS LTDA,,BARRO DURO,MACEIO
TINTA,7892948048854,TINTA ACR FOS BASE M 16L SELA E PINTA IQUINE,,0,32091010,83000000,UN,2026-09-11T16:37:18Z,378.85,378.85,03656804002428,CARAJAS MATERIAL DE CONSTRUCAO LTDA,CARAJAS CONSTRUCAO,MANGABEIRAS,MACEIO
TINTA,01771,TINTA PISO PREMIUM SUVINIL PISO CONCRETO 18L SUVINIL,TINTA PISO ACR FO 18L CONCRETO PISOS SUVINIL,7891260058343,32091010,83000000,LA,2026-09-14T18:36:30Z,422.0,379.675,12270435001026,L. JARDIM & CIA LTDA,Casas Jardim,FAROL,MACEIO
TINTA,01963,TINTA GESSO ECONOMICA RENOVA GESSO E DRYWALL BRANCO FOSCO 18L CORAL,DIRETO NO GESSO (RENOVA GESSO DRYWALL) BRANCO NEVE 18L,7891019139729,32091010,83000000,LA,2026-09-12T12:54:44Z,379.8,379.8,12270435000992,L. JARDIM & CIA LTDA,Casas Jardim,TABULEIRO DO MARTINS,MACEIO
TINTA,01771,TINTA PISO PREMIUM SUVINIL PISO CONCRETO 18L SUVINIL,TINTA PISO ACR FO 18L CONCRETO PISOS SUVINIL,7891260058343,32091010,83000000,LA,2026-09-16T14:47:30Z,379.8,379.8,12270435000640,L. JARDIM & CIA LTDA,Casas Jardim,JATIUCA,MACEIO
TINTA,01771,TINTA PISO PREMIUM SUVINIL PISO CONCRETO 18L SUVINIL,TINTA PISO ACR FO 18L CONCRETO PISOS SUVINIL,7891260058343,32091010,83000000,LA,2026-09-14T12:41:38Z,379.8,379.8,12270435000720,L. JARDIM & CIA LTDA,CASA JARDIM,BARRO DURO,MACEIO
TINTA,7891260549797,Tinta std intext fos RCM crAmio 18L Suv      De49457 Por37990,,0,32091010,83000000,UN,2026-09-11T13:38:26Z,494.57,379.9,01438784005590,LEROY MERLIN COMPANHIA BRASILEIRA DE BRICOLAGEM,,CRUZ DAS ALMAS,MACEIO
TINTA,3276007877366,Tinta Emb Cream 20Kg Luxens                  De124437 Por113970,,0,32081010,83000000,UN,2026-09-14T20:36:43Z,414.79,379.9,01438784005590,LEROY MERLIN COMPANHIA BRASILEIRA DE BRICOLAGEM,,CRUZ DAS ALMAS,MACEIO
TINTA,3276007877359,Tinta Emb Camur 20Kg Luxens                  De41479 Por37990,,0,32081010,83000000,UN,2026-09-16T22:05:33Z,414.79,379.9,01438784005590,LEROY MERLIN COMPANHIA BRASILEIRA DE BRICOLAGEM,,CRUZ DAS ALMAS,MACEIO
TINTA,3276007877335,Tinta Emb Crom 20Kg Luxens                   De41479 Por37990,,0,32081010,83000000,UN,2026-09-11T17:07:15Z,414.79,379.9,01438784005590,LEROY MERLIN COMPANHIA BRASILEIRA DE BRICOLAGEM,,CRUZ DAS ALMAS,MACEIO
TINTA,3276007877342,Tinta Emb Elef 20Kg Luxens                   De82958 Por75980,,0,32081010,83000000,UN,2026-09-15T18:35:06Z,414.79,379.9,01438784005590,LEROY MERLIN COMPANHIA BRASILEIRA DE BRICOLAGEM,,CRUZ DAS ALMAS,MACEIO
TINTA,2595,TINTA LTX SEMI-BRILHO BR NEVE 15LT LUX,,0,32091010,83000000,UN,2026-09-11T15:19:47Z,380.0,380.0,37461181000163,S. DA. S. FERNANDES GARCIA CONSTRUCOES,CONSTRUÇÃO 4 IRMÃOS LOJA 2,CIDADE UNIVERSITARIA,MACEIO
TINTA,05442,TINTA ACR STANDARD RENDE E COBRE MUITO AREIA FOSCO 18L SUVINIL,SUVINIL ACR STD FOSCO RENDE E COBRE MUITO AREIA 18L,7891260330999,32091010,83000000,LA,2026-09-09T19:43:09Z,423.0,380.47,12270435000640,L. JARDIM & CIA LTDA,Casas Jardim,JATIUCA,MACEIO
TINTA,05448,TINTA ACR STANDARD RENDE E COBRE MUITO PALHA FOSCO 18L SUVINIL,SUVINIL ACR STD FOSCO RENDE E COBRE MUITO PALHA 18L,7891260331842,32091010,83000000,LA,2026-09-16T11:48:12Z,423.0,380.7,12270435000640,L. JARDIM & CIA LTDA,Casas Jardim,JATIUCA,MACEIO
TINTA,3276008050843,TINTA ACR STD INT FOS CREAM 20L LUXENS,,0,32091010,83000000,UN,2026-09-14T15:28:14Z,382.87,382.87,01438784005590,LEROY MERLIN COMPANHIA BRASILEIRA DE BRICOLAGEM,,CRUZ DAS ALMAS,MACEIO
TINTA,16245,"TINTA ACR FC 3,6L DIAPISO BRANCO - IQUINE",,0,32091010,83000000,UN,2026-09-08T16:17:39Z,410.0,385.69,01420806000100,CENTROCON CENTRO DE CONSTRUCOES LTDA - EPP,CENTROTELHAS,BARRO DURO,MACEIO
TINTA,10500,TINTA PISO PREMIUM SUVINIL PISO MARROM 18L SUVINIL,,7891260484227,32091010,83000000,LA,2026-09-10T14:44:24Z,388.8,388.8,12270435000992,L. JARDIM & CIA LTDA,Casas Jardim,TABULEIRO DO MARTINS,MACEIO
TINTA,01507,TINTA PISO PREMIUM SUVINIL PISO BRANCO 18L SUVINIL,SUVINIL PISO COR NEVOEIRO NEVOEIRO - 12927177 SELFCOLOR C160 FOSCO COMPLETO A2 LA,7891260057964,32091010,83000000,LA,2026-09-14T12:36:46Z,388.8,388.8,12270435000992,L. JARDIM & CIA LTDA,Casas Jardim,TABULEIRO DO MARTINS,MACEIO
TINTA,04786,TINTA PISO PREMIUM SUVINIL PISO CERAMICA 18L SUVINIL,TINTA PISO ACR FO 18L CERAMICA PISOS SUVINIL,7891260058275,32091010,83000000,LA,2026-09-09T18:10:18Z,388.8,388.8,12270435000992,L. JARDIM & CIA LTDA,Casas Jardim,TABULEIRO DO MARTINS,MACEIO
TINTA,01702,TINTA PISO PREMIUM SUVINIL PISO CINZA 18L SUVINIL,TINTA PISO ACR FO 18L CZ PISOS SUVINIL,7891260058213,32091010,83000000,LA,2026-09-14T17:27:03Z,432.0,388.8,12270435000801,L. JARDIM & CIA LTDA,Casas Jardim,PAJUCARA,MACEIO
TINTA,02037,TINTA PISO PREMIUM SUVINIL PISO CINZA ESCURO 18L SUVINIL,SUVINIL PISO CINZA ESCURO 18L ( EXTERNA ROOF),7891260058305,32091010,83000000,LA,2026-09-15T18:04:24Z,388.8,388.8,12270435000720,L. JARDIM & CIA LTDA,CASA JARDIM,BARRO DURO,MACEIO
TINTA,01702,TINTA PISO PREMIUM SUVINIL PISO CINZA 18L SUVINIL,TINTA PISO ACR FO 18L CZ PISOS SUVINIL,7891260058213,32091010,83000000,LA,2026-09-15T11:49:27Z,432.0,388.8,12270435001026,L. JARDIM & CIA LTDA,Casas Jardim,FAROL,MACEIO
TINTA,01702,TINTA PISO PREMIUM SUVINIL PISO CINZA 18L SUVINIL,TINTA PISO ACR FO 18L CZ PISOS SUVINIL,7891260058213,32091010,83000000,LA,2026-09-11T18:10:42Z,432.0,388.8,12270435000135,L. JARDIM & CIA LTDA,Casas Jardim,CENTRO,MACEIO
TINTA,01507,TINTA PISO PREMIUM SUVINIL PISO BRANCO 18L SUVINIL,SUVINIL PISO COR NEVOEIRO NEVOEIRO - 12927177 SELFCOLOR C160 FOSCO COMPLETO A2 LA,7891260057964,32091010,83000000,LA,2026-09-15T14:39:20Z,388.8,388.8,12270435000640,L. JARDIM & CIA LTDA,Casas Jardim,JATIUCA,MACEIO
TINTA,04786,TINTA PISO PREMIUM SUVINIL PISO CERAMICA 18L SUVINIL,TINTA PISO ACR FO 18L CERAMICA PISOS SUVINIL,7891260058275,32091010,83000000,LA,2026-09-16T13:49:02Z,388.8,388.8,12270435000640,L. JARDIM & CIA LTDA,Casas Jardim,JATIUCA,MACEIO
TINTA,07837,TINTA PISO PREMIUM SUVINIL PISO CONCRETO PURO 18L SUVINIL,TINTA PISO ACR FO 18L CONCRETO PURO PISOS SUVINIL,7891260435939,32091010,83000000,LA,2026-09-09T18:13:31Z,388.8,388.8,12270435000640,L. JARDIM & CIA LTDA,Casas Jardim,JATIUCA,MACEIO
TINTA,7891260058213,TINTA PISO PREM FOS 18L CZ PISOS SUVINIL,,0,32091010,83000000,LT,2026-09-15T12:56:57Z,461.9,388.9,03656804002428,CARAJAS MATERIAL DE CONSTRUCAO LTDA,CARAJAS CONSTRUCAO,MANGABEIRAS,MACEIO
TINTA,04786,TINTA PISO PREMIUM SUVINIL PISO CERAMICA 18L SUVINIL,TINTA PISO ACR FO 18L CERAMICA PISOS SUVINIL,7891260058275,32091010,83000000,LA,2026-09-10T13:23:09Z,432.0,389.08,12270435000720,L. JARDIM & CIA LTDA,CASA JARDIM,BARRO DURO,MACEIO
TINTA,01702,TINTA PISO PREMIUM SUVINIL PISO CINZA 18L SUVINIL,TINTA PISO ACR FO 18L CZ PISOS SUVINIL,7891260058213,32091010,83000000,LA,2026-09-11T12:07:10Z,432.0,389.51,12270435000720,L. JARDIM & CIA LTDA,CASA JARDIM,BARRO DURO,MACEIO
TINTA,896866,TINTA ACR SB 18L CORALAR +BRIL BR CORAL LT0001LT,TINTA PARA PAREDE VINIL ACRILICO CORAL BRILHO E PROTECAO 18 L BRANCO,7891019170609,32091010,83000000,LT,2026-09-16T13:39:22Z,389.9,389.89,00279531000670,TUPAN CONSTRUCOES LTDA,,JARDIM PETROPOLIS,MACEIO
TINTA,7892948057146,TINTA ACR SB 15L PALHA LIMPA FACIL IQUINE,,0,32091010,83000000,UN,2026-09-07T20:09:48Z,389.9,389.9,03656804002428,CARAJAS MATERIAL DE CONSTRUCAO LTDA,CARAJAS CONSTRUCAO,MANGABEIRAS,MACEIO
TINTA,7891019170609,TINTA ACR SB 18L BR BRILHO E PROTECAO CORAL,,0,32091010,83000000,LT,2026-09-16T17:05:58Z,389.9,389.9,03656804002428,CARAJAS MATERIAL DE CONSTRUCAO LTDA,CARAJAS CONSTRUCAO,MANGABEIRAS,MACEIO
TINTA,7891019170609,TINTA ACR SB 18L BR BRILHO E PROTECAO CORAL,TINTA PARA PAREDE VINIL ACRILICO CORAL BRILHO E PROTECAO 18 L BRANCO,7891019170609,32091010,83000000,LT,2026-09-16T19:44:06Z,389.9,389.9,03656804002428,CARAJAS MATERIAL DE CONSTRUCAO LTDA,CARAJAS CONSTRUCAO,MANGABEIRAS,MACEIO
TINTA,7892948057139,TINTA ACR SB 15L BR GELO LIMPA FACIL IQUINE,,0,32091010,83000000,UN,2026-09-12T21:42:54Z,389.9,389.9,03656804000131,CARAJAS MATERIAL DE CONSTRUCAO LTDA,CARAJAS CONSTRUCAO,TABULEIRO DOS MARTINS,MACEIO
TINTA,7891019170678,TINTA ACR FOS 16L BASE PM RENDE MUITO CORAL,,0,32091010,83000000,LT,2026-09-14T19:51:14Z,389.9,389.9,03656804000131,CARAJAS MATERIAL DE CONSTRUCAO LTDA,CARAJAS CONSTRUCAO,TABULEIRO DOS MARTINS,MACEIO
TINTA,7891019170609,TINTA ACR SB 18L BR BRILHO E PROTECAO CORAL,,0,32091010,83000000,LT,2026-09-15T21:08:17Z,389.9,389.9,03656804000131,CARAJAS MATERIAL DE CONSTRUCAO LTDA,CARAJAS CONSTRUCAO,TABULEIRO DOS MARTINS,MACEIO
TINTA,7892948057122,TINTA ACR SB 15L BR NEVE LIMPA FACIL IQUINE,,0,32091010,83000000,UN,2026-09-13T19:57:29Z,389.9,389.9,03656804002428,CARAJAS MATERIAL DE CONSTRUCAO LTDA,CARAJAS CONSTRUCAO,MANGABEIRAS,MACEIO
TINTA,1375,TINTA PISO CINZA GRAFENO LT MAZA,,7899228110669,32091010,83000000,UN,2026-09-08T19:23:55Z,390.0,390.0,29174391000142,A.G DE VASCONCELOS FILHO,,CIDADE UNIVERSITARIA,MACEIO
TINTA,7891260331811,TINTA FOS 18L BR NEVE RENDE E COBRE MUITO SUVINIL,,0,32091010,83000000,LT,2026-09-10T16:07:57Z,391.9,391.9,03656804002428,CARAJAS MATERIAL DE CONSTRUCAO LTDA,CARAJAS CONSTRUCAO,MANGABEIRAS,MACEIO
TINTA,7891260331811,TINTA FOS 18L BR NEVE RENDE E COBRE MUITO SUVINIL,TINTA ACRILICA RENDE E COBRE MUITO BRANCO NEVE LT SULVINIL,7891260331811,32091010,83000000,LT,2026-09-10T21:32:30Z,391.9,391.9,03656804000131,CARAJAS MATERIAL DE CONSTRUCAO LTDA,CARAJAS CONSTRUCAO,TABULEIRO DOS MARTINS,MACEIO
TINTA,982802,TINTA ACR FC 16L REND MUIT AM/FV CORAL LT0001LT,TINTA ACR FC 16L REND MUIT AM/FV CORAL LT0001LT,7891019919635,32091010,83000000,LT,2026-09-12T15:47:04Z,435.99,392.39,00279531000670,TUPAN CONSTRUCOES LTDA,,JARDIM PETROPOLIS,MACEIO
TINTA,7897866404065,TINTA ACRIL IMPERALL BASE P LT 18KG CORAL,,0,32091010,83000000,UN,2026-09-15T17:51:13Z,393.9,393.9,03656804002428,CARAJAS MATERIAL DE CONSTRUCAO LTDA,CARAJAS CONSTRUCAO,MANGABEIRAS,MACEIO
TINTA,7892948057269,TINTA ACR FOS 15L CACOAL DELANIL IQUINE,,0,32091010,83000000,UN,2026-09-09T00:28:04Z,393.9,393.9,03656804002428,CARAJAS MATERIAL DE CONSTRUCAO LTDA,CARAJAS CONSTRUCAO,MANGABEIRAS,MACEIO
TINTA,7891019906994,"TINTA ACR SB 3,2L BASE T DECORA DIAMANTE CORAL",COGUMELO JAPONES - (LEQUE) 80YR 17/129 DECORA DIAMANTE SB T GL 4766,7891019906994,32091010,83000000,GL,2026-09-16T21:04:34Z,394.15,394.15,03656804000131,CARAJAS MATERIAL DE CONSTRUCAO LTDA,CARAJAS CONSTRUCAO,TABULEIRO DOS MARTINS,MACEIO
TINTA,11165,TINTA ANTI TEMPERATURA TELHAFRIA MACTRA 18KG CORAL,,7897866414019,32091010,83000000,LA,2026-09-08T20:07:06Z,438.0,394.16,12270435000135,L. JARDIM & CIA LTDA,Casas Jardim,CENTRO,MACEIO
TINTA,1436,TINTA ACR SEMI BRILHO ANDORINHA 18L FUTURA,,0,32091010,83000000,UND,2026-09-08T13:22:55Z,395.0,395.0,55031412000180,ILSON TENORIO ECCARDD - TINTAS LTDA,LOJAO DAS TINTAS,Levada,MACEIO
TINTA,7892948057283,TINTA ACR FOS 15L ARARA AZUL DELANIL IQUINE,,7892948057283,32091010,83000000,UN,2026-09-15T12:30:54Z,395.9,395.9,03656804000131,CARAJAS MATERIAL DE CONSTRUCAO LTDA,CARAJAS CONSTRUCAO,TABULEIRO DOS MARTINS,MACEIO
TINTA,7892948057245,TINTA ACR FOS 15L CAJU DELANIL IQUINE,,7892948057245,32091010,83000000,UN,2026-09-12T13:41:44Z,395.9,395.9,03656804000131,CARAJAS MATERIAL DE CONSTRUCAO LTDA,CARAJAS CONSTRUCAO,TABULEIRO DOS MARTINS,MACEIO
TINTA,09849,TINTA ACR STANDARD MAXIMA EFICIENCIA ALGODAO EGIPICIO FOSCO 18L GLASU,GLASU ACR FOSCO ALGODAO EGIPCIO 18L MAXIMA EFICIENCIA,7891260509395,32091010,83000000,LA,2026-09-09T18:40:26Z,396.0,396.0,12270435000992,L. JARDIM & CIA LTDA,Casas Jardim,TABULEIRO DO MARTINS,MACEIO
TINTA,7896257584577,TINTA EMB FOSC IMPERMEAVEL PALHA 18L HYDRONORTH,,0,32091010,83000000,UN,2026-09-11T19:08:57Z,399.9,399.9,03656804002428,CARAJAS MATERIAL DE CONSTRUCAO LTDA,CARAJAS CONSTRUCAO,MANGABEIRAS,MACEIO
TINTA,7896257584553,TINTA EMBOR IMPERM FOS CROMIO 18L HYDRONORTH,,0,32091010,83000000,UN,2026-09-08T13:00:09Z,399.9,399.9,03656804002428,CARAJAS MATERIAL DE CONSTRUCAO LTDA,CARAJAS CONSTRUCAO,MANGABEIRAS,MACEIO
TINTA,7891260509050,TINTA GLASU BRILHO PRATICO LAM AFIADA 18L SUVINIL,,0,32091010,83000000,UN,2026-09-07T20:09:48Z,399.9,399.9,03656804002428,CARAJAS MATERIAL DE CONSTRUCAO LTDA,CARAJAS CONSTRUCAO,MANGABEIRAS,MACEIO
TINTA,55096,TINTA ACR.SEMI BRILHO 15LT CZ PLATINA IB,,0,32091010,83000000,UN,2026-09-16T15:28:16Z,399.99,399.99,70015672000156,ENCONTRO DO SOL HOME CENTER LTDA,ENCONTRO DO SOL HOME CENTER,TABULEIRO DO MARTINS,MACEIO
TINTA,54138,TINTA ACR.SEMI BRILHO 15LT BR IBRATIN,,7899173407401,32091010,83000000,UN,2026-09-12T13:49:12Z,399.99,399.99,70015672000156,ENCONTRO DO SOL HOME CENTER LTDA,ENCONTRO DO SOL HOME CENTER,TABULEIRO DO MARTINS,MACEIO
TINTA,56315,TINTA ACR.SEMI BRILHO 15LT AREIA IBRATIN - 95138493,,0,32091010,83000000,UN,2026-09-12T13:49:12Z,399.99,399.99,70015672000156,ENCONTRO DO SOL HOME CENTER LTDA,ENCONTRO DO SOL HOME CENTER,TABULEIRO DO MARTINS,MACEIO
TINTA,982875,TINTA ACR FC 16L REND MUIT VD/KW CORAL LT0001LT,TINTA ACR FC 16L REND MUIT VD/KW CORAL LT0001LT,7891019919789,32091010,83000000,LT,2026-09-12T15:12:42Z,435.99,401.11,00279531000670,TUPAN CONSTRUCOES LTDA,,JARDIM PETROPOLIS,MACEIO
TINTA,000166,TINTA EMBORRACHADA QUATRO ESTACOES 15L SANTTAFE,,0,32081010,83000000,KG,2026-09-11T19:48:23Z,406.0,406.0,59442899000145,SARMENTO COMERCIO E SERVIÇOS LTDA,REI DAS ARGAMASSAS,Jaraguá,MACEIO
TINTA,7891019139729,Tinta Acril Econ Fo Branco 18L GessoDry      De45202 Por40681,,0,32091010,83000000,UN,2026-09-16T14:57:13Z,452.02,406.81,01438784005590,LEROY MERLIN COMPANHIA BRASILEIRA DE BRICOLAGEM,,CRUZ DAS ALMAS,MACEIO
TINTA,7891019145355,TINTA PISO PREM FOS 18L CZ MEDIO PINTA PISO CORAL,,0,32091010,83000000,LT,2026-09-08T13:01:39Z,419.9,407.3,03656804002428,CARAJAS MATERIAL DE CONSTRUCAO LTDA,CARAJAS CONSTRUCAO,MANGABEIRAS,MACEIO
TINTA,997822,"TINTA BASE CONC 0,72L ACOT YE1 AM CORAL SH0001SH",,7730149369593,32041700,83000000,SH,2026-09-16T12:32:57Z,407.4074074074,407.4074074074074,00279531000670,TUPAN CONSTRUCOES LTDA,,JARDIM PETROPOLIS,MACEIO
TINTA,7891019145416,TINTA PISO PREM FOS 18L PT PINTA PISO CORAL,,0,32091010,83000000,LT,2026-09-13T15:02:24Z,407.9,407.9,03656804002428,CARAJAS MATERIAL DE CONSTRUCAO LTDA,CARAJAS CONSTRUCAO,MANGABEIRAS,MACEIO
TINTA,75332,TINTA ACR FC 18L PINTA PISO BR CORAL LT0001LT,TINTA ACR FC 18L PINTA PISO BR CORAL LT0001LT,7891019145331,32091010,83000000,LT,2026-09-14T14:01:05Z,407.99,407.99,00279531000670,TUPAN CONSTRUCOES LTDA,,JARDIM PETROPOLIS,MACEIO
TINTA,953086,TINTA ACR FC 18L PINTA PISO VDQUA CORAL,TINTA ACR FC 18L PINTA PISO VD/QUA CORAL LT0001LT,7891019145454,32091010,83000000,LT,2026-09-14T13:52:32Z,407.99,407.99,00279531000670,TUPAN CONSTRUCOES LTDA,,JARDIM PETROPOLIS,MACEIO
TINTA,75330,TINTA ACR FC 18L PINTA PISO AM/DM CORAL LT0001LT,TINTA ACR FC 18L PINTAPISO AMARELO DEMARCAO CORAL,7891019145492,32091010,83000000,LT,2026-09-14T14:01:05Z,407.99,407.99,00279531000670,TUPAN CONSTRUCOES LTDA,,JARDIM PETROPOLIS,MACEIO
TINTA,55896,TINTA ACR FC 18L PINTA PISO AZ CORAL LT0001LT,TINTA ACR FC 18L PINTA PISO AZ CORAL LT0001LT,7891019145430,32091010,83000000,LT,2026-09-09T18:07:17Z,407.99,407.99,00279531000670,TUPAN CONSTRUCOES LTDA,,JARDIM PETROPOLIS,MACEIO
TINTA,69766,TINTA ACR FC 18L PINTA PISO CONC CORAL LT0001LT,TINTA ACRILICA CONCRETO 18LTS EXT./INT. PINTAPISO CORAL,7891019145393,32091010,83000000,LT,2026-09-13T11:37:42Z,407.99,407.99,00279531000670,TUPAN CONSTRUCOES LTDA,,JARDIM PETROPOLIS,MACEIO
TINTA,69767,TINTA ACR FC 18L PINTA PISO CZES CORAL,TINTA ACR FC 18L PINTA PISO CZ/ES CORAL LT0001LT,7891019145379,32091010,83000000,LT,2026-09-15T22:30:10Z,407.99,407.99,00279531000670,TUPAN CONSTRUCOES LTDA,,JARDIM PETROPOLIS,MACEIO
TINTA,06462,TINTA ACR STANDARD CORALAR + BRILHO E PROTECAO BRANCO SEMI BRILHO 18L CORAL,TINTA PARA PAREDE VINIL ACRILICO CORAL BRILHO E PROTECAO 18 L BRANCO,7891019170609,32091010,83000000,LA,2026-09-14T11:28:16Z,454.0,408.6,12270435000640,L. JARDIM & CIA LTDA,Casas Jardim,JATIUCA,MACEIO
TINTA,7892948048878,TINTA ACR FOS BASE C 16L SELA E PINTA IQUINE,,0,32091010,83000000,UN,2026-09-12T14:56:58Z,409.55,409.55,03656804002428,CARAJAS MATERIAL DE CONSTRUCAO LTDA,CARAJAS CONSTRUCAO,MANGABEIRAS,MACEIO
TINTA,7891260058749,TINTA ACR SB 18L BR NEVE GLASURIT SUVINIL,,0,32091010,83000000,LT,2026-09-14T20:32:53Z,429.9,413.86,03656804000131,CARAJAS MATERIAL DE CONSTRUCAO LTDA,CARAJAS CONSTRUCAO,TABULEIRO DOS MARTINS,MACEIO
TINTA,982775,TINTA ACR FC 16L REND MUIT CZ/ALP CORAL LT0001LT,TINTA ACR FC 16L REND MUIT CZ/ALP CORAL LT0001LT,7891019919567,32091010,83000000,LT,2026-09-08T12:52:55Z,414.19,414.19,00279531000670,TUPAN CONSTRUCOES LTDA,,JARDIM PETROPOLIS,MACEIO
TINTA,7891019919680,TINTA ACRILICA RENDE MUITO CAMURCA 16L CORAL,,0,32091010,83000000,UN,2026-09-10T15:33:38Z,414.9,414.9,03656804000131,CARAJAS MATERIAL DE CONSTRUCAO LTDA,CARAJAS CONSTRUCAO,TABULEIRO DOS MARTINS,MACEIO
TINTA,7891019919680,TINTA ACRILICA RENDE MUITO CAMURCA 16L CORAL,,0,32091010,83000000,UN,2026-09-09T15:24:22Z,414.9,414.9,03656804002428,CARAJAS MATERIAL DE CONSTRUCAO LTDA,CARAJAS CONSTRUCAO,MANGABEIRAS,MACEIO
TINTA,7891019170616,TINTA ACR SB 16L BASE PM BRILHO E PROTECAO CORAL,TINTA BASE ACR SB LT16L BRIL E PROTEC PM LT0001LT - ALGODAO EGIPCIO - SU,7891019170616,32091010,83000000,LT,2026-09-14T13:58:42Z,432.1,416.3,03656804000131,CARAJAS MATERIAL DE CONSTRUCAO LTDA,CARAJAS CONSTRUCAO,TABULEIRO DOS MARTINS,MACEIO
TINTA,7891019919673,TINTA ACRILICA RENDE MUITO BRANCO GELO 16L CORAL,,0,32091010,83000000,UN,2026-09-12T00:36:49Z,439.9,417.95,03656804002428,CARAJAS MATERIAL DE CONSTRUCAO LTDA,CARAJAS CONSTRUCAO,MANGABEIRAS,MACEIO
TINTA,11222,TINTA IMPERMEA PREMIUM PINTURA EMBORR BRANCO FOSCO 16L ( 20KG ) HYDRONORTH,,7896257592084,32091010,83000000,LA,2026-09-10T19:21:31Z,465.0,418.0,12270435000640,L. JARDIM & CIA LTDA,Casas Jardim,JATIUCA,MACEIO
TINTA,1440,TINTA ACR SEMI BRILHO PALHA 18L FUTURA,,0,32091010,83000000,UND,2026-09-14T18:34:22Z,418.0,418.0,55031412000180,ILSON TENORIO ECCARDD - TINTAS LTDA,LOJAO DAS TINTAS,Levada,MACEIO
TINTA,10748,TINTA ACR PREMIUM TOQUE FOSCO (CLASSICA) BRANCO FOSCO 18L SUVINIL,,7891260561737,32091010,83000000,LA,2026-09-15T11:16:27Z,418.5,418.5,12270435000720,L. JARDIM & CIA LTDA,CASA JARDIM,BARRO DURO,MACEIO
TINTA,11222,TINTA IMPERMEA PREMIUM PINTURA EMBORR BRANCO FOSCO 16L ( 20KG ) HYDRONORTH,,7896257592084,32091010,83000000,LA,2026-09-14T13:43:00Z,418.5,418.5,12270435001026,L. JARDIM & CIA LTDA,Casas Jardim,FAROL,MACEIO
TINTA,10748,TINTA ACR PREMIUM TOQUE FOSCO (CLASSICA) BRANCO FOSCO 18L SUVINIL,,7891260561737,32091010,83000000,LA,2026-09-14T10:06:31Z,465.0,418.5,12270435000135,L. JARDIM & CIA LTDA,Casas Jardim,CENTRO,MACEIO
TINTA,10748,TINTA ACR PREMIUM TOQUE FOSCO (CLASSICA) BRANCO FOSCO 18L SUVINIL,,7891260561737,32091010,83000000,LA,2026-09-11T11:25:25Z,465.0,418.5,12270435000640,L. JARDIM & CIA LTDA,Casas Jardim,JATIUCA,MACEIO
TINTA,7891019139729,TINTA GESSO 18L BR DIRETO NO GESSO CORAL,,0,32091010,83000000,LT,2026-09-10T16:07:57Z,419.9,419.9,03656804002428,CARAJAS MATERIAL DE CONSTRUCAO LTDA,CARAJAS CONSTRUCAO,MANGABEIRAS,MACEIO
TINTA,7891019145355,TINTA PISO PREM FOS 18L CZ MEDIO PINTA PISO CORAL,,0,32091010,83000000,LT,2026-09-16T15:55:41Z,419.9,419.9,03656804000131,CARAJAS MATERIAL DE CONSTRUCAO LTDA,CARAJAS CONSTRUCAO,TABULEIRO DOS MARTINS,MACEIO
TINTA,7891019170609,TINTA ACR SB 18L BR BRILHO E PROTECAO CORAL,TINTA PARA PAREDE VINIL ACRILICO CORAL BRILHO E PROTECAO 18 L BRANCO,7891019170609,32091010,83000000,LT,2026-09-11T23:35:41Z,419.9,419.9,03656804000131,CARAJAS MATERIAL DE CONSTRUCAO LTDA,CARAJAS CONSTRUCAO,TABULEIRO DOS MARTINS,MACEIO
TINTA,7891019145393,TINTA PISO PREM FOS 18L CONCRETO PINTA PISO CORAL,TINTA ACRILICA CONCRETO 18LTS EXT./INT. PINTAPISO CORAL,7891019145393,32091010,83000000,LT,2026-09-16T11:32:16Z,419.9,419.9,03656804000131,CARAJAS MATERIAL DE CONSTRUCAO LTDA,CARAJAS CONSTRUCAO,TABULEIRO DOS MARTINS,MACEIO
TINTA,7891019170616,TINTA ACR SB 16L BASE PM BRILHO E PROTECAO CORAL,,0,32091010,83000000,LT,2026-09-15T20:17:14Z,434.04,421.02,03656804000131,CARAJAS MATERIAL DE CONSTRUCAO LTDA,CARAJAS CONSTRUCAO,TABULEIRO DOS MARTINS,MACEIO
TINTA,7891019145331,TINTA PISO PREM FOS 18L BR NEVE PINTA PISO CORAL,,0,32091010,83000000,LT,2026-09-09T20:32:29Z,423.9,423.9,03656804000131,CARAJAS MATERIAL DE CONSTRUCAO LTDA,CARAJAS CONSTRUCAO,TABULEIRO DOS MARTINS,MACEIO
TINTA,01623,TINTA ACR STANDARD BRILHO PRATICO GELO SEMI BRILHO 18L GLASU,GLASURIT ACR SEMI-BRILHO (BRILHO LAVAVEL / PRATICO) BRANCO GELO 18L,7891260058770,32091010,83000000,LA,2026-09-12T16:19:43Z,476.0,428.03,12270435001026,L. JARDIM & CIA LTDA,Casas Jardim,FAROL,MACEIO
TINTA,01623,TINTA ACR STANDARD BRILHO PRATICO GELO SEMI BRILHO 18L GLASU,GLASURIT ACR SEMI-BRILHO (BRILHO LAVAVEL / PRATICO) BRANCO GELO 18L,7891260058770,32091010,83000000,LA,2026-09-14T11:23:29Z,428.4,428.4,12270435000992,L. JARDIM & CIA LTDA,Casas Jardim,TABULEIRO DO MARTINS,MACEIO
TINTA,01620,TINTA ACR STANDARD BRILHO PRATICO BRANCO SEMI BRILHO 18L GLASU,GLASURIT ACR SEMI-BRILHO (BRILHO LAVAVEL / PRATICO) BRANCO NEVE 18L,7891260058749,32091010,83000000,LA,2026-09-15T11:28:31Z,476.0,428.4,12270435000801,L. JARDIM & CIA LTDA,Casas Jardim,PAJUCARA,MACEIO
TINTA,01620,TINTA ACR STANDARD BRILHO PRATICO BRANCO SEMI BRILHO 18L GLASU,GLASURIT ACR SEMI-BRILHO (BRILHO LAVAVEL / PRATICO) BRANCO NEVE 18L,7891260058749,32091010,83000000,LA,2026-09-11T18:21:12Z,476.0,428.4,12270435000640,L. JARDIM & CIA LTDA,Casas Jardim,JATIUCA,MACEIO
TINTA,01623,TINTA ACR STANDARD BRILHO PRATICO GELO SEMI BRILHO 18L GLASU,GLASURIT ACR SEMI-BRILHO (BRILHO LAVAVEL / PRATICO) BRANCO GELO 18L,7891260058770,32091010,83000000,LA,2026-09-15T21:00:04Z,428.4,428.4,12270435000640,L. JARDIM & CIA LTDA,Casas Jardim,JATIUCA,MACEIO
TINTA,01620,TINTA ACR STANDARD BRILHO PRATICO BRANCO SEMI BRILHO 18L GLASU,GLASURIT ACR SEMI-BRILHO (BRILHO LAVAVEL / PRATICO) BRANCO NEVE 18L,7891260058749,32091010,83000000,LA,2026-09-09T19:31:20Z,428.4,428.4,12270435000992,L. JARDIM & CIA LTDA,Casas Jardim,TABULEIRO DO MARTINS,MACEIO
TINTA,01620,TINTA ACR STANDARD BRILHO PRATICO BRANCO SEMI BRILHO 18L GLASU,GLASURIT ACR SEMI-BRILHO (BRILHO LAVAVEL / PRATICO) BRANCO NEVE 18L,7891260058749,32091010,83000000,LA,2026-09-15T12:37:01Z,428.4,428.4,12270435000720,L. JARDIM & CIA LTDA,CASA JARDIM,BARRO DURO,MACEIO
TINTA,92118691,Tinta imp emb fo 18l ele,,7896257584539,32091010,83000000,UN,2026-09-11T18:30:44Z,430.74,428.86,01438784005590,LEROY MERLIN COMPANHIA BRASILEIRA DE BRICOLAGEM,,CRUZ DAS ALMAS,MACEIO
TINTA,7891260058749,TINTA ACR SB 18L BR NEVE GLASURIT SUVINIL,GLASURIT ACR SEMI-BRILHO (BRILHO LAVAVEL / PRATICO) BRANCO NEVE 18L,7891260058749,32091010,83000000,LT,2026-09-16T17:55:22Z,429.9,429.9,03656804002428,CARAJAS MATERIAL DE CONSTRUCAO LTDA,CARAJAS CONSTRUCAO,MANGABEIRAS,MACEIO
TINTA,7891260058749,TINTA ACR SB 18L BR NEVE GLASURIT SUVINIL,,0,32091010,83000000,LT,2026-09-15T15:08:51Z,429.9,429.9,03656804002428,CARAJAS MATERIAL DE CONSTRUCAO LTDA,CARAJAS CONSTRUCAO,MANGABEIRAS,MACEIO
TINTA,7891019170616,TINTA ACR SB 16L BASE PM BRILHO E PROTECAO CORAL,,0,32091010,83000000,LT,2026-09-13T13:15:13Z,430.54,430.54,03656804002428,CARAJAS MATERIAL DE CONSTRUCAO LTDA,CARAJAS CONSTRUCAO,MANGABEIRAS,MACEIO
TINTA,7891019173129,TINTA EPOXI WANDEPOXY LOC BASE PM 2.56L CORAL,,0,32089010,83000000,UN,2026-09-13T22:56:28Z,432.27,432.27,03656804002428,CARAJAS MATERIAL DE CONSTRUCAO LTDA,CARAJAS CONSTRUCAO,MANGABEIRAS,MACEIO
TINTA,7891019170678,TINTA ACR FOS 16L BASE PM RENDE MUITO CORAL,,0,32091010,83000000,LT,2026-09-16T19:44:57Z,434.95,434.95,03656804002428,CARAJAS MATERIAL DE CONSTRUCAO LTDA,CARAJAS CONSTRUCAO,MANGABEIRAS,MACEIO
TINTA,7891260058305,TINTA PISO PREM FOS 18L CZ ESCURO PISOS SUVINIL,SUVINIL PISO CINZA ESCURO 18L ( EXTERNA ROOF),7891260058305,32091010,83000000,LT,2026-09-12T19:30:05Z,435.9,435.9,03656804000131,CARAJAS MATERIAL DE CONSTRUCAO LTDA,CARAJAS CONSTRUCAO,TABULEIRO DOS MARTINS,MACEIO
TINTA,7891260058343,TINTA PISO PREM FOS 18L CONCRETO PISOS SUVINIL,,0,32091010,83000000,LT,2026-09-16T14:40:53Z,435.9,435.9,03656804002428,CARAJAS MATERIAL DE CONSTRUCAO LTDA,CARAJAS CONSTRUCAO,MANGABEIRAS,MACEIO
TINTA,7891260058305,TINTA PISO PREM FOS 18L CZ ESCURO PISOS SUVINIL,,0,32091010,83000000,LT,2026-09-13T15:02:24Z,435.9,435.9,03656804002428,CARAJAS MATERIAL DE CONSTRUCAO LTDA,CARAJAS CONSTRUCAO,MANGABEIRAS,MACEIO
TINTA,7891260058343,TINTA PISO PREM FOS 18L CONCRETO PISOS SUVINIL,,0,32091010,83000000,LT,2026-09-14T23:59:18Z,435.9,435.9,03656804000131,CARAJAS MATERIAL DE CONSTRUCAO LTDA,CARAJAS CONSTRUCAO,TABULEIRO DOS MARTINS,MACEIO
TINTA,982828,TINTA ACR FC 16L REND MUIT CROM/SV CORA LT0001LT,,7891019919703,32091010,83000000,LT,2026-09-14T14:17:53Z,435.99,435.99,00279531000670,TUPAN CONSTRUCOES LTDA,,JARDIM PETROPOLIS,MACEIO
TINTA,982805,TINTA ACR FC 16L REND MUIT AREIA CORAL,TINTA ACR FC 16L REND MUIT AREIA CORAL LT0001LT,7891019919642,32091010,83000000,LT,2026-09-08T12:56:29Z,435.99,435.99,00279531000670,TUPAN CONSTRUCOES LTDA,,JARDIM PETROPOLIS,MACEIO
TINTA,982816,TINTA ACR FC 16L REND MUIT CAMUR CORAL,TINTA ACR FC 16L REND MUIT CAMUR CORAL LT0001LT,7891019919680,32091010,83000000,LT,2026-09-08T12:56:29Z,435.99,435.99,00279531000670,TUPAN CONSTRUCOES LTDA,,JARDIM PETROPOLIS,MACEIO
TINTA,7892948048878,TINTA ACR FOS BASE C 16L SELA E PINTA IQUINE,"BASE ""C"" P/TINTA 2 EM 1 16L SELA E PINTA IQUINE/ICORES",7892948048878,32091010,83000000,UN,2026-09-11T19:42:43Z,471.38,438.87,03656804000131,CARAJAS MATERIAL DE CONSTRUCAO LTDA,CARAJAS CONSTRUCAO,TABULEIRO DOS MARTINS,MACEIO
TINTA,7891019919758,TINTA ACRILICA RENDE MUITO PALHA 16L CORAL,,0,32091010,83000000,UN,2026-09-15T12:48:16Z,439.9,439.85,03656804002428,CARAJAS MATERIAL DE CONSTRUCAO LTDA,CARAJAS CONSTRUCAO,MANGABEIRAS,MACEIO
TINTA,7891019919673,TINTA ACRILICA RENDE MUITO BRANCO GELO 16L CORAL,,0,32091010,83000000,UN,2026-09-10T13:41:45Z,439.9,439.9,03656804000131,CARAJAS MATERIAL DE CONSTRUCAO LTDA,CARAJAS CONSTRUCAO,TABULEIRO DOS MARTINS,MACEIO
TINTA,7891019919628,TINTA ACRILICA RENDE MUITO TUBARAO BRANCO 16L CORA,TINTA ACR FC 16L REND MUIT TUBAR/BR CORA LT0001LT,7891019919628,32091010,83000000,UN,2026-09-08T12:50:08Z,439.9,439.9,03656804000131,CARAJAS MATERIAL DE CONSTRUCAO LTDA,CARAJAS CONSTRUCAO,TABULEIRO DOS MARTINS,MACEIO
TINTA,7891019919642,TINTA ACRILICA RENDE MUITO AREIA 16L CORAL,,0,32091010,83000000,UN,2026-09-12T21:27:16Z,439.9,439.9,03656804002428,CARAJAS MATERIAL DE CONSTRUCAO LTDA,CARAJAS CONSTRUCAO,MANGABEIRAS,MACEIO
TINTA,10954,TINTA ACR PREMIUM CORAL MASTER TUBARAO BRANCO FOSCO 18L CORAL,,7891019993895,32091010,83000000,LA,2026-09-10T14:44:12Z,498.0,447.74,12270435000640,L. JARDIM & CIA LTDA,Casas Jardim,JATIUCA,MACEIO
TINTA,06465,PEROLA - RM CORALAR ACRILICO + BRILHO E PROTECAO PM LA RM018,TINTA BASE ACR SB LT16L BRIL E PROTEC PM LT0001LT - ALGODAO EGIPCIO - SU,7891019170616,32091010,83000000,LA,2026-09-11T16:16:38Z,483.7808,448.94,12270435000992,L. JARDIM & CIA LTDA,Casas Jardim,TABULEIRO DO MARTINS,MACEIO
TINTA,7891019920211,Tinta AcrAl Prem Int Branco 18L              De54245 Por44990,,0,32091010,83000000,UN,2026-09-16T14:17:18Z,542.45,449.9,01438784005590,LEROY MERLIN COMPANHIA BRASILEIRA DE BRICOLAGEM,,CRUZ DAS ALMAS,MACEIO
TINTA,7891019919642,Tinta Acril Stan Rend Mto Areia 16L          De46266 Por45172,,0,32091010,83000000,UN,2026-09-13T18:27:54Z,462.66,451.72,01438784005590,LEROY MERLIN COMPANHIA BRASILEIRA DE BRICOLAGEM,,CRUZ DAS ALMAS,MACEIO
TINTA,08295,TINTA ACR PREMIUM RENOVA PAREDES E TETOS BRANCO FOSCO 16L CORAL,TINTA RENOVA FO BRANCO 16L CORAL 1X16LCORAL,7891019915132,32091010,83000000,LA,2026-09-15T11:42:17Z,459.0,459.0,12270435000992,L. JARDIM & CIA LTDA,Casas Jardim,TABULEIRO DO MARTINS,MACEIO
TINTA,7891260058213,TINTA PISO PREM FOS 18L CZ PISOS SUVINIL,TINTA PISO ACR FO 18L CZ PISOS SUVINIL,7891260058213,32091010,83000000,LT,2026-09-15T17:11:59Z,461.9,461.9,03656804002428,CARAJAS MATERIAL DE CONSTRUCAO LTDA,CARAJAS CONSTRUCAO,MANGABEIRAS,MACEIO
TINTA,09845,TINTA ACR STANDARD BRILHO PRATICO ALGODAO EGIPI SEMI BRILHO 18L GLASU,GLASU ACR SEMI-BRILHO ALGODAO EGIPCIO 18L (BRILHO LAVAVEL / PRATICO),7891260508633,32091010,83000000,LA,2026-09-15T21:13:54Z,522.0,462.905,12270435001026,L. JARDIM & CIA LTDA,Casas Jardim,FAROL,MACEIO
TINTA,09851,TINTA ACR STANDARD BRILHO PRATICO LAMINA AFIADA SEMI BRILHO 18L GLASU,GLASU ACR SEMI-BRILHO LAMINA AFIADA 18L (BRILHO LAVAVEL / PRATICO),7891260509050,32091010,83000000,LA,2026-09-12T16:19:43Z,522.0,469.41,12270435001026,L. JARDIM & CIA LTDA,Casas Jardim,FAROL,MACEIO
TINTA,09063,TINTA ACR STANDARD BRILHO PRATICO CENOURA SEMI BRILHO 18L GLASU,GLASURIT ACR SEMI-BRILHO (BRILHO LAVAVEL / PRATICO) CENOURA 18L,7891260270431,32091010,83000000,LA,2026-09-08T13:52:47Z,469.8,469.41,12270435001026,L. JARDIM & CIA LTDA,Casas Jardim,FAROL,MACEIO
TINTA,09540,TINTA ACR STANDARD BRILHO PRATICO OCEANO SEMI BRILHO 18L GLASU,GLASURIT ACR SEMI-BRILHO (BRILHO LAVAVEL / PRATICO) OCEANO 18L,7891260424445,32091010,83000000,LA,2026-09-09T19:31:20Z,469.8,469.8,12270435000992,L. JARDIM & CIA LTDA,Casas Jardim,TABULEIRO DO MARTINS,MACEIO
TINTA,08718,TINTA ACR STANDARD BRILHO PRATICO MARFIM SEMI BRILHO 18L GLASU,GLASURIT ACR SEMI-BRILHO (BRILHO LAVAVEL / PRATICO) MARFIM 18L,7891260059067,32091010,83000000,LA,2026-09-16T14:53:23Z,469.8,469.8,12270435000720,L. JARDIM & CIA LTDA,CASA JARDIM,BARRO DURO,MACEIO
TINTA,08721,TINTA ACR STANDARD BRILHO PRATICO PALHA SEMI BRILHO 18L GLASU,GLASURIT ACR SEMI-BRILHO (BRILHO LAVAVEL / PRATICO) PALHA 18L,7891260059142,32091010,83000000,LA,2026-09-14T16:09:19Z,469.8,469.8,12270435000640,L. JARDIM & CIA LTDA,Casas Jardim,JATIUCA,MACEIO
TINTA,08718,TINTA ACR STANDARD BRILHO PRATICO MARFIM SEMI BRILHO 18L GLASU,GLASURIT ACR SEMI-BRILHO (BRILHO LAVAVEL / PRATICO) MARFIM 18L,7891260059067,32091010,83000000,LA,2026-09-14T16:05:41Z,469.8,469.8,12270435000992,L. JARDIM & CIA LTDA,Casas Jardim,TABULEIRO DO MARTINS,MACEIO
TINTA,7891019919574,TINTA ACRILICA RENDE MUITO CROMIO 16L CORAL,,0,32091010,83000000,UN,2026-09-09T17:14:53Z,469.9,469.9,03656804002428,CARAJAS MATERIAL DE CONSTRUCAO LTDA,CARAJAS CONSTRUCAO,MANGABEIRAS,MACEIO
TINTA,7891019170678,TINTA ACR FOS 16L BASE PM RENDE MUITO CORAL,AMARELO VANILLA - RM PADRAO NOVO AMARELO VANILLA RENDE MUITO PM LA RM506,7891019170678,32091010,83000000,LT,2026-09-10T13:34:01Z,478.46,478.46,03656804000131,CARAJAS MATERIAL DE CONSTRUCAO LTDA,CARAJAS CONSTRUCAO,TABULEIRO DOS MARTINS,MACEIO
TINTA,997817,"TINTA BASE CONC 0,72L ACOT RE1 VM INTENS SH0001SH",,7730149544464,32041700,83000000,SH,2026-09-15T16:35:49Z,481.0810810811,481.0810810810811,00279531000670,TUPAN CONSTRUCOES LTDA,,JARDIM PETROPOLIS,MACEIO
TINTA,7891260058770,TINTA ACR SB 18L BR GELO GLASURIT SUVINIL,,0,32091010,83000000,LT,2026-09-12T13:57:10Z,497.9,483.015,03656804000131,CARAJAS MATERIAL DE CONSTRUCAO LTDA,CARAJAS CONSTRUCAO,TABULEIRO DOS MARTINS,MACEIO
TINTA,7892948044153,TINTA ACR SB LIMPA FACIL BASE M 16L IQUINE,,0,32091010,83000000,UN,2026-09-11T23:22:05Z,500.99,485.32,03656804000131,CARAJAS MATERIAL DE CONSTRUCAO LTDA,CARAJAS CONSTRUCAO,TABULEIRO DOS MARTINS,MACEIO
TINTA,10619,TINTA IMPERMEA PREMIUM PINTURA EMBORR ELEFAN FOSCO 18L HYDRONORTH,,1001001106196,32091010,83000000,LA,2026-09-12T14:09:06Z,487.8,487.8,12270435000135,L. JARDIM & CIA LTDA,Casas Jardim,CENTRO,MACEIO
TINTA,10619,TINTA IMPERMEA PREMIUM PINTURA EMBORR ELEFAN FOSCO 18L HYDRONORTH,,1001001106196,32091010,83000000,LA,2026-09-12T12:22:49Z,487.8,487.8,12270435000992,L. JARDIM & CIA LTDA,Casas Jardim,TABULEIRO DO MARTINS,MACEIO
TINTA,10583,TINTA IMPERMEA PREMIUM PINTURA EMBORR CROMIO FOSCO 18L HYDRONORTH,,1001001105830,32091010,83000000,LA,2026-09-15T11:33:17Z,542.0,487.92,12270435000135,L. JARDIM & CIA LTDA,Casas Jardim,CENTRO,MACEIO
TINTA,7891260561737,TINTA ACR FOS 18L BR NEVE TOQUE FOSCO SUVINIL,,0,32091010,83000000,UN,2026-09-10T20:05:36Z,515.9,493.15,03656804000131,CARAJAS MATERIAL DE CONSTRUCAO LTDA,CARAJAS CONSTRUCAO,TABULEIRO DOS MARTINS,MACEIO
TINTA,7892948048878,TINTA ACR FOS BASE C 16L SELA E PINTA IQUINE,,0,32091010,83000000,UN,2026-09-15T21:47:51Z,493.49,493.49,03656804000131,CARAJAS MATERIAL DE CONSTRUCAO LTDA,CARAJAS CONSTRUCAO,TABULEIRO DOS MARTINS,MACEIO
TINTA,997814,"TINTA BASE CONC 0,72L ACOT MA1 MAG CORAL SH0001SH",,7730149813249,32041700,83000000,SH,2026-09-08T15:42:24Z,496.0,496.0,00279531000670,TUPAN CONSTRUCOES LTDA,,JARDIM PETROPOLIS,MACEIO
TINTA,7891260058770,TINTA ACR SB 18L BR GELO GLASURIT SUVINIL,,0,32091010,83000000,LT,2026-09-16T21:05:54Z,497.9,497.9,03656804002428,CARAJAS MATERIAL DE CONSTRUCAO LTDA,CARAJAS CONSTRUCAO,MANGABEIRAS,MACEIO
TINTA,7891260058770,TINTA ACR SB 18L BR GELO GLASURIT SUVINIL,GLASURIT ACR SEMI-BRILHO (BRILHO LAVAVEL / PRATICO) BRANCO GELO 18L,7891260058770,32091010,83000000,LT,2026-09-15T18:49:43Z,497.9,497.9,03656804000131,CARAJAS MATERIAL DE CONSTRUCAO LTDA,CARAJAS CONSTRUCAO,TABULEIRO DOS MARTINS,MACEIO
TINTA,10954,TINTA ACR PREMIUM CORAL MASTER TUBARAO BRANCO FOSCO 18L CORAL,,7891019993895,32091010,83000000,LA,2026-09-15T20:26:03Z,498.0,498.0,12270435000135,L. JARDIM & CIA LTDA,Casas Jardim,CENTRO,MACEIO
TINTA,91934724,Tinta Ac Pr Int Ag Eg 18L,,7891019920235,32091010,83000000,UN,2026-09-08T13:46:23Z,542.45,509.91,01438784005590,LEROY MERLIN COMPANHIA BRASILEIRA DE BRICOLAGEM,,CRUZ DAS ALMAS,MACEIO
TINTA,7891019920235,Tinta AcrAl Prem Int AlgodAo EgApcio 18L     De54245 Por50995,,0,32091010,83000000,UN,2026-09-15T22:32:14Z,542.45,509.95,01438784005590,LEROY MERLIN COMPANHIA BRASILEIRA DE BRICOLAGEM,,CRUZ DAS ALMAS,MACEIO
TINTA,7891019993840,TINTA ACR FOSC PROF BASE P 16L MASTER CORAL,,0,32091010,83000000,UN,2026-09-14T13:41:27Z,559.37,531.4,03656804002428,CARAJAS MATERIAL DE CONSTRUCAO LTDA,CARAJAS CONSTRUCAO,MANGABEIRAS,MACEIO
TINTA,7891019993895,Tinta prem master int fos tubar 18lCora      De54777 Por54411,,0,32091010,83000000,UN,2026-09-08T19:27:44Z,547.77,544.11,01438784005590,LEROY MERLIN COMPANHIA BRASILEIRA DE BRICOLAGEM,,CRUZ DAS ALMAS,MACEIO
TINTA,3276007450118,Tinta pre ext fos branca 18l luxens          De115936 Por108982,,0,32091010,83000000,UN,2026-09-09T16:57:49Z,579.68,544.91,01438784005590,LEROY MERLIN COMPANHIA BRASILEIRA DE BRICOLAGEM,,CRUZ DAS ALMAS,MACEIO
TINTA,7891019906840,TINTA ACR FOSC BASE T 16L DECORA CORAL,,0,32091010,83000000,UN,2026-09-15T22:46:50Z,579.9,559.24,03656804000131,CARAJAS MATERIAL DE CONSTRUCAO LTDA,CARAJAS CONSTRUCAO,TABULEIRO DOS MARTINS,MACEIO
TINTA,7891019993840,TINTA ACR FOSC PROF BASE P 16L MASTER CORAL,,0,32091010,83000000,UN,2026-09-14T16:05:34Z,562.87,562.87,03656804000131,CARAJAS MATERIAL DE CONSTRUCAO LTDA,CARAJAS CONSTRUCAO,TABULEIRO DOS MARTINS,MACEIO
TINTA,7892948026579,TINTA ACR FOSC BASE C 16L DELANIL IQUINE,,0,32091010,83000000,LT,2026-09-16T18:59:29Z,571.79,571.79,03656804000131,CARAJAS MATERIAL DE CONSTRUCAO LTDA,CARAJAS CONSTRUCAO,TABULEIRO DOS MARTINS,MACEIO
TINTA,7891260059067,TINTA ACR SB 18L MARFIM GLASURIT SUVINIL,GLASURIT ACR SEMI-BRILHO (BRILHO LAVAVEL / PRATICO) MARFIM 18L,7891260059067,32091010,83000000,LT,2026-09-15T18:44:09Z,581.9,581.9,03656804000131,CARAJAS MATERIAL DE CONSTRUCAO LTDA,CARAJAS CONSTRUCAO,TABULEIRO DOS MARTINS,MACEIO
TINTA,997816,"TINTA BASE CONC 0,72L ACOT OR1 LJ CORAL SH0001SH",,7730149548110,32041700,83000000,SH,2026-09-15T16:35:49Z,590.4761904762,590.4761904761905,00279531000670,TUPAN CONSTRUCOES LTDA,,JARDIM PETROPOLIS,MACEIO
TINTA,896867,TINTA BASE ACR SB 16L CORALAR +BRIL PM LT0001LT - PRIMEIRA LUZ,TINTA BASE ACR SB LT16L BRIL E PROTEC PM LT0001LT - ALGODAO EGIPCIO - SU,7891019170616,32091010,83000000,LT,2026-09-11T17:45:53Z,590.99,590.99,00279531000670,TUPAN CONSTRUCOES LTDA,,JARDIM PETROPOLIS,MACEIO
TINTA,7891260561805,TINTA ACR FOS 16L BASE A2 TOQUE FOSCO SUVINIL,,0,32091010,83000000,UN,2026-09-15T20:08:03Z,591.9,591.9,03656804002428,CARAJAS MATERIAL DE CONSTRUCAO LTDA,CARAJAS CONSTRUCAO,MANGABEIRAS,MACEIO
TINTA,7891260561805,TINTA ACR FOS 16L BASE A2 TOQUE FOSCO SUVINIL,,0,32091010,83000000,UN,2026-09-15T14:24:19Z,591.9,591.9,03656804000131,CARAJAS MATERIAL DE CONSTRUCAO LTDA,CARAJAS CONSTRUCAO,TABULEIRO DOS MARTINS,MACEIO
TINTA,7892948044177,TINTA ACR SB LIMPA FACIL BASE C 16L IQUINE,,0,32091010,83000000,UN,2026-09-13T16:36:30Z,614.13,595.77,03656804000131,CARAJAS MATERIAL DE CONSTRUCAO LTDA,CARAJAS CONSTRUCAO,TABULEIRO DOS MARTINS,MACEIO
TINTA,7892948051786,TINTA ACR EMBORRACHADA BASE P 16L FACHADA IQUINE,,7892948051786,32091010,83000000,UN,2026-09-15T21:39:47Z,596.4,596.4,03656804000131,CARAJAS MATERIAL DE CONSTRUCAO LTDA,CARAJAS CONSTRUCAO,TABULEIRO DOS MARTINS,MACEIO
TINTA,7891019993826,TINTA ACR FOSC PROF BASE MF 16L MASTER CORAL,,0,32091010,83000000,UN,2026-09-16T16:51:13Z,643.53,608.91,03656804000131,CARAJAS MATERIAL DE CONSTRUCAO LTDA,CARAJAS CONSTRUCAO,TABULEIRO DOS MARTINS,MACEIO
TINTA,7891260561034,Tinta pre intext F COMPL elefan 18L Suv      De65415 Por61494,,0,32091010,83000000,UN,2026-09-14T23:47:18Z,654.15,614.94,01438784005590,LEROY MERLIN COMPANHIA BRASILEIRA DE BRICOLAGEM,,CRUZ DAS ALMAS,MACEIO
TINTA,7891260564417,Tinta Acril Int Ext Fos P Picad Suv 18L      De138276 Por124450,,0,32091010,83000000,UN,2026-09-16T14:57:13Z,691.38,622.25,01438784005590,LEROY MERLIN COMPANHIA BRASILEIRA DE BRICOLAGEM,,CRUZ DAS ALMAS,MACEIO
TINTA,7892948044177,TINTA ACR SB LIMPA FACIL BASE C 16L IQUINE,,0,32091010,83000000,UN,2026-09-14T18:51:48Z,649.18,649.18,03656804002428,CARAJAS MATERIAL DE CONSTRUCAO LTDA,CARAJAS CONSTRUCAO,MANGABEIRAS,MACEIO
TINTA,7892948044177,TINTA ACR SB LIMPA FACIL BASE C 16L IQUINE,"ICORES LIMPA FACIL (BASE C) 16,0L -> PRODUTO NAO CLASSIFICADO COMO PERIGOSO PARA FINS DE TRANSPORTE.",7892948044177,32091010,83000000,UN,2026-09-14T19:44:54Z,656.72,656.72,03656804002428,CARAJAS MATERIAL DE CONSTRUCAO LTDA,CARAJAS CONSTRUCAO,MANGABEIRAS,MACEIO
TINTA,7891260559062,TINTA ACR AC 16L BASE A2 TOQUE SEDA SUVINIL,,0,32091010,83000000,UN,2026-09-15T19:27:29Z,733.92,663.39,03656804000131,CARAJAS MATERIAL DE CONSTRUCAO LTDA,CARAJAS CONSTRUCAO,TABULEIRO DOS MARTINS,MACEIO
TINTA,7892948051786,TINTA ACR EMBORRACHADA BASE P 16L FACHADA IQUINE,,0,32091010,83000000,UN,2026-09-13T20:34:03Z,665.57,665.57,03656804002428,CARAJAS MATERIAL DE CONSTRUCAO LTDA,CARAJAS CONSTRUCAO,MANGABEIRAS,MACEIO
TINTA,7891019993819,TINTA ACR FOSC PROF BASE T 16L MASTER CORAL,,0,32091010,83000000,UN,2026-09-10T13:01:49Z,724.45,666.84,03656804000131,CARAJAS MATERIAL DE CONSTRUCAO LTDA,CARAJAS CONSTRUCAO,TABULEIRO DOS MARTINS,MACEIO
TINTA,875778,TINTA BASE ACR SB 16L SUP LAV P IQUINE LT0001LT - BROTO DE FEIJAO,TINTA BASE ACR SB LT16L DELACRYL P IQUIN LT0001LT - ALGODAO EGIPCIO,7892948029570,32091010,83000000,LT,2026-09-16T14:49:28Z,675.99,675.99,00279531000670,TUPAN CONSTRUCOES LTDA,,JARDIM PETROPOLIS,MACEIO
TINTA,05977,TINTA ACR PREMIUM DECORA SEDA BRANCO ACETINADO 18L CORAL,TINTA ACRI EXT ACAB SEDA AC BR 18L CORAL LT C/18L,7891019177189,32091010,83000000,LA,2026-09-15T19:48:25Z,776.0,678.84,12270435000640,L. JARDIM & CIA LTDA,Casas Jardim,JATIUCA,MACEIO
TINTA,7891019906819,TINTA ACR FOSC BASE P 16L DECORA MATTE CORAL,,0,32091010,83000000,UN,2026-09-08T16:12:21Z,679.9,679.9,03656804000131,CARAJAS MATERIAL DE CONSTRUCAO LTDA,CARAJAS CONSTRUCAO,TABULEIRO DOS MARTINS,MACEIO
TINTA,10700,TINTA ACR PREMIUM TOQUE FOSCO COMPLETO CROMIO FOSCO 18L SUVINIL,,7891260561010,32091010,83000000,LA,2026-09-11T19:25:18Z,765.0,687.13,12270435000135,L. JARDIM & CIA LTDA,Casas Jardim,CENTRO,MACEIO
TINTA,10786,TINTA ACR PREMIUM TOQUE SEDA BRANCO ACETINADO 18L SUVINIL,,7891260559031,32091010,83000000,LA,2026-09-10T12:03:36Z,698.4,698.4,12270435000640,L. JARDIM & CIA LTDA,Casas Jardim,JATIUCA,MACEIO
TINTA,10786,TINTA ACR PREMIUM TOQUE SEDA BRANCO ACETINADO 18L SUVINIL,,7891260559031,32091010,83000000,LA,2026-09-14T14:48:40Z,776.0,698.4,12270435000135,L. JARDIM & CIA LTDA,Casas Jardim,CENTRO,MACEIO
TINTA,10786,TINTA ACR PREMIUM TOQUE SEDA BRANCO ACETINADO 18L SUVINIL,,7891260559031,32091010,83000000,LA,2026-09-10T12:32:12Z,698.4,698.4,12270435000992,L. JARDIM & CIA LTDA,Casas Jardim,TABULEIRO DO MARTINS,MACEIO
TINTA,7891260559031,TINTA ACR AC 18L BR NEVE TOQUE SEDA SUVINIL,,7891260559031,32091010,83000000,UN,2026-09-10T21:32:30Z,699.9,699.9,03656804000131,CARAJAS MATERIAL DE CONSTRUCAO LTDA,CARAJAS CONSTRUCAO,TABULEIRO DOS MARTINS,MACEIO
TINTA,920467,TINTA BASE ACR FC 16L TOT SOL CHUV P COR LT0001LT - PAPEL PICADO - SUV,TINTA BASE ACR FC LT16L S&C TOT BASE P LT0001LT - PASSARO DO INVERNO,7891019909049,32091010,83000000,LT,2026-09-08T15:42:24Z,701.99,701.99,00279531000670,TUPAN CONSTRUCOES LTDA,,JARDIM PETROPOLIS,MACEIO
TINTA,7891019177189,TINTA ACR AC 18L BR NEVE DECORA SEDA CORAL,,0,32091010,83000000,LT,2026-09-13T18:07:51Z,739.9,719.03,03656804002428,CARAJAS MATERIAL DE CONSTRUCAO LTDA,CARAJAS CONSTRUCAO,MANGABEIRAS,MACEIO
TINTA,7891019918911,Tinta Acril Prem Ac Branco 20L Decora        De77117 Por72493,,0,32091010,83000000,UN,2026-09-08T12:48:55Z,771.17,724.93,01438784005590,LEROY MERLIN COMPANHIA BRASILEIRA DE BRICOLAGEM,,CRUZ DAS ALMAS,MACEIO
TINTA,7891260559154,Tinta pre intext T SEDA crAmio 18L Suv       De77117 Por72498,,0,32091010,83000000,UN,2026-09-15T18:35:06Z,771.17,724.98,01438784005590,LEROY MERLIN COMPANHIA BRASILEIRA DE BRICOLAGEM,,CRUZ DAS ALMAS,MACEIO
TINTA,7891019909148,Tinta Acril Prem Fo Cogu Jp 18L SolChu       De81904 Por73232,,0,32091010,83000000,UN,2026-09-13T15:58:27Z,819.04,732.32,01438784005590,LEROY MERLIN COMPANHIA BRASILEIRA DE BRICOLAGEM,,CRUZ DAS ALMAS,MACEIO
TINTA,7891019909124,Tinta Acril Prem Fo Bronz Le 18L SolChu      De163808 Por146466,,0,32091010,83000000,UN,2026-09-13T15:58:27Z,819.04,732.33,01438784005590,LEROY MERLIN COMPANHIA BRASILEIRA DE BRICOLAGEM,,CRUZ DAS ALMAS,MACEIO
TINTA,07416,TINTA ACR PREMIUM DECORA SEDA GELO ACETINADO 18L CORAL,TINTA ACR AC 18L BR GELO DECORA SEDA CORAL,7891019177196,32091010,83000000,LA,2026-09-09T14:47:15Z,733.5,733.35,12270435000640,L. JARDIM & CIA LTDA,Casas Jardim,JATIUCA,MACEIO
TINTA,7891019166404,TINTA ACR FO IMP BASE P SOL E CHUVA 16L CORAL,,0,32091010,83000000,UN,2026-09-15T21:06:07Z,759.9,736.495,03656804002428,CARAJAS MATERIAL DE CONSTRUCAO LTDA,CARAJAS CONSTRUCAO,MANGABEIRAS,MACEIO
TINTA,7891260559062,TINTA ACR AC 16L BASE A2 TOQUE SEDA SUVINIL,,7891260559062,32091010,83000000,UN,2026-09-16T15:20:50Z,742.74,742.74,03656804000131,CARAJAS MATERIAL DE CONSTRUCAO LTDA,CARAJAS CONSTRUCAO,TABULEIRO DOS MARTINS,MACEIO
TINTA,903018,TINTA ACR SB 18L DECORA BR CORAL LT0001LT,TINTA PARA PAREDE VINIL ACRILICO CORAL DECORA 18 L BRANCO,7891019906888,32091010,83000000,LT,2026-09-15T21:28:08Z,749.99,749.96,00279531000670,TUPAN CONSTRUCOES LTDA,,JARDIM PETROPOLIS,MACEIO
TINTA,02910,ACR ACE BRANCO 18L DECORA SEDA CORAL,TINTA ACRI EXT ACAB SEDA AC BR 18L CORAL LT C/18L,7891019177189,32091010,83000000,LT,2026-09-10T20:23:09Z,859.21,762.56,09326760000400,CASA DAS TINTAS LTDA,,BARRO DURO,MACEIO
TINTA,7891019166404,TINTA ACR FO IMP BASE P SOL E CHUVA 16L CORAL,,0,32091010,83000000,UN,2026-09-16T16:51:13Z,811.56,767.9,03656804000131,CARAJAS MATERIAL DE CONSTRUCAO LTDA,CARAJAS CONSTRUCAO,TABULEIRO DOS MARTINS,MACEIO
TINTA,10728,TINTA ACR PREMIUM TOQUE BRILHO BRANCO SEMI BRILHO 18L SUVINIL,,7891260559215,32091010,83000000,LA,2026-09-12T12:46:41Z,876.0,788.19,12270435001026,L. JARDIM & CIA LTDA,Casas Jardim,FAROL,MACEIO
TINTA,10728,TINTA ACR PREMIUM TOQUE BRILHO BRANCO SEMI BRILHO 18L SUVINIL,,7891260559215,32091010,83000000,LA,2026-09-16T13:09:36Z,876.0,788.4,12270435000135,L. JARDIM & CIA LTDA,Casas Jardim,CENTRO,MACEIO
TINTA,10728,TINTA ACR PREMIUM TOQUE BRILHO BRANCO SEMI BRILHO 18L SUVINIL,,7891260559215,32091010,83000000,LA,2026-09-11T11:25:25Z,876.0,788.4,12270435000640,L. JARDIM & CIA LTDA,Casas Jardim,JATIUCA,MACEIO
TINTA,7891019177110,TINTA ACR AC 16L BASE P DECORA SEDA CORAL,,0,32091010,83000000,LT,2026-09-13T16:56:44Z,799.9,792.62,03656804000131,CARAJAS MATERIAL DE CONSTRUCAO LTDA,CARAJAS CONSTRUCAO,TABULEIRO DOS MARTINS,MACEIO
TINTA,06810,TINTA ACR PREMIUM DECORA DIAMANTE GELO SEMI BRILHO 18L CORAL,TINTA PARA PAREDE VINIL ACRILICO CORAL DECORA 18 L BRANCO GELO,7891019906895,32091010,83000000,LA,2026-09-11T13:47:46Z,885.0,796.62,12270435000801,L. JARDIM & CIA LTDA,Casas Jardim,PAJUCARA,MACEIO
TINTA,7891019177110,TINTA ACR AC 16L BASE P DECORA SEDA CORAL,,0,32091010,83000000,LT,2026-09-16T15:54:07Z,813.9,813.9,03656804002428,CARAJAS MATERIAL DE CONSTRUCAO LTDA,CARAJAS CONSTRUCAO,MANGABEIRAS,MACEIO
TINTA,7891260559215,TINTA ACR SB 18L BR NEVE TOQUE BRILHO SUVINIL,,0,32091010,83000000,UN,2026-09-11T23:19:49Z,839.9,814.79,03656804000131,CARAJAS MATERIAL DE CONSTRUCAO LTDA,CARAJAS CONSTRUCAO,TABULEIRO DOS MARTINS,MACEIO
TINTA,10791,TINTA ACR PREMIUM TOQUE SEDA CROMIO ACETINADO 18L SUVINIL,,7891260559154,32091010,83000000,LA,2026-09-14T13:17:20Z,832.0,832.0,12270435000640,L. JARDIM & CIA LTDA,Casas Jardim,JATIUCA,MACEIO
TINTA,7891260559215,TINTA ACR SB 18L BR NEVE TOQUE BRILHO SUVINIL,,7891260559215,32091010,83000000,UN,2026-09-16T17:55:19Z,839.9,839.9,03656804000131,CARAJAS MATERIAL DE CONSTRUCAO LTDA,CARAJAS CONSTRUCAO,TABULEIRO DOS MARTINS,MACEIO
TINTA,7891019177141,TINTA ACR AC 16L BASE T DECORA SEDA CORAL,,0,32091010,83000000,LT,2026-09-12T12:43:01Z,843.94,843.94,03656804002428,CARAJAS MATERIAL DE CONSTRUCAO LTDA,CARAJAS CONSTRUCAO,MANGABEIRAS,MACEIO
TINTA,7891260559246,TINTA ACR SB 16L BASE A2 TOQUE BRILHO SUVINIL,,0,32091010,83000000,UN,2026-09-12T14:46:42Z,849.9,849.9,03656804002428,CARAJAS MATERIAL DE CONSTRUCAO LTDA,CARAJAS CONSTRUCAO,MANGABEIRAS,MACEIO
TINTA,05979,PASSARO DO INVERNO 30YY 78/018 DECORA SEDA ACETINADO (NOVO) P LA 5276,TINTA BASE ACR AC 16L DECORA SEDA P 990 LT0001LT - ALGODAO EGIPCIO - RM,7891019177110,32091010,83000000,LA,2026-09-10T19:42:18Z,857.7697,857.77,12270435000640,L. JARDIM & CIA LTDA,Casas Jardim,JATIUCA,MACEIO
TINTA,7891260559246,TINTA ACR SB 16L BASE A2 TOQUE BRILHO SUVINIL,,7891260559246,32091010,83000000,UN,2026-09-14T13:57:17Z,869.23,869.23,03656804000131,CARAJAS MATERIAL DE CONSTRUCAO LTDA,CARAJAS CONSTRUCAO,TABULEIRO DOS MARTINS,MACEIO
TINTA,7891260559246,TINTA ACR SB 16L BASE A2 TOQUE BRILHO SUVINIL,,0,32091010,83000000,UN,2026-09-11T19:35:20Z,869.41,869.41,03656804000131,CARAJAS MATERIAL DE CONSTRUCAO LTDA,CARAJAS CONSTRUCAO,TABULEIRO DOS MARTINS,MACEIO
TINTA,02813,FASCINIO SUAVE ACR ACE BASE P 16L DECORA SEDA CORAL 08YY 72/077,TINTA BASE ACR AC 16L DECORA SEDA P 990 LT0001LT - ALGODAO EGIPCIO - RM,7891019177110,32091010,83000000,LT,2026-09-12T14:12:20Z,890.0,890.0,09326760000753,CASA DAS TINTAS LTDA,CASA DAS TINTAS,PONTA VERDE,MACEIO
TINTA,7891019166381,TINTA PREMIUM IMPERM SOL E CHUVA BR FOS 18L CORAL,,0,32091010,83000000,LT,2026-09-13T16:56:44Z,899.9,891.71,03656804000131,CARAJAS MATERIAL DE CONSTRUCAO LTDA,CARAJAS CONSTRUCAO,TABULEIRO DOS MARTINS,MACEIO
TINTA,7891019177936,TINTA ACR SB 16L BASE MF DECORA DIAMANTE CORAL,GOLFINHO DE NORONHA 28GG 22/002 DECORA DIAMANTE SB MF LA ON.00.45,7891019177936,32091010,83000000,LT,2026-09-15T17:11:59Z,895.42,895.42,03656804002428,CARAJAS MATERIAL DE CONSTRUCAO LTDA,CARAJAS CONSTRUCAO,MANGABEIRAS,MACEIO
TINTA,7891019915040,TINTA ACR FO IMP BASE MF SOL E CHUVA 16L CORAL,,0,32091010,83000000,UN,2026-09-14T16:29:39Z,901.61,901.61,03656804000131,CARAJAS MATERIAL DE CONSTRUCAO LTDA,CARAJAS CONSTRUCAO,TABULEIRO DOS MARTINS,MACEIO
TINTA,7891019907014,TINTA ACR SB 16L BASE P DECORA DIAMANTE CORAL,BISCOITO DE POLVILHO 37YY 79/086 DECORA DIAMANTE SB P LA F6.06.84,7891019907014,32091010,83000000,LT,2026-09-16T22:21:57Z,902.62,902.62,03656804002428,CARAJAS MATERIAL DE CONSTRUCAO LTDA,CARAJAS CONSTRUCAO,MANGABEIRAS,MACEIO
TINTA,7891019021949,Tinta Emb Bca 20L Coral                      De186148 Por185310,,0,32091010,83000000,UN,2026-09-14T20:08:31Z,930.74,926.55,01438784005590,LEROY MERLIN COMPANHIA BRASILEIRA DE BRICOLAGEM,,CRUZ DAS ALMAS,MACEIO
TINTA,913062,TINTA BASE ACR 16L PROT SOL CHUV P CORAL LT0001LT - ISTAMBUL,TRILHA DE PEDRAS 10BB 39/100 PROTECAO SOL & CHUVA PINTURA IMPERMEAB LA T0.10.60,7891019166404,32091010,83000000,LT,2026-09-10T11:45:36Z,944.0,944.0,00279531000670,TUPAN CONSTRUCOES LTDA,,JARDIM PETROPOLIS,MACEIO
TINTA,7891019907014,TINTA ACR SB 16L BASE P DECORA DIAMANTE CORAL,,0,32091010,83000000,LT,2026-09-11T13:01:03Z,960.28,960.28,03656804000131,CARAJAS MATERIAL DE CONSTRUCAO LTDA,CARAJAS CONSTRUCAO,TABULEIRO DOS MARTINS,MACEIO
TINTA,7891019915026,TINTA ACR FO IMP BASE T SOL E CHUVA 16L CORAL,,0,32091010,83000000,UN,2026-09-15T22:00:49Z,985.88,985.88,03656804002428,CARAJAS MATERIAL DE CONSTRUCAO LTDA,CARAJAS CONSTRUCAO,MANGABEIRAS,MACEIO
